:020000040800F2
:1020000000040020392200083B2200083B2200087F
:102010003B2200083B2200083B2200083B2200082C
:102020003B2200083B2200083B220008C999000817
:102030003B2200083B2200083B220008F5AA0008CA
:102040003B2200083B2200083B2200083B220008FC
:102050003B2200083B2200083B2200083B220008EC
:102060003B2200083B2200083B22000869A9000827
:102070007DA9000891A90008A5A90008B9A9000830
:10208000CDA90008E1A900083B2200083B22000876
:1020900055AD00083B2200083B2200083B22000807
:1020A0003B220008F5AC00083B22000809AD0008FF
:1020B0003B2200083B2200083B2200083B2200088C
:1020C0003B2200083B2200083B2200083B2200087C
:1020D0003B2200083B2200083B2200083B2200086C
:1020E0003B2200083B2200083B2200083B2200085C
:1020F0003B2200083B2200083B2200083B2200084C
:102100003B2200083B2200083B2200083B2200083B
:102110003B2200083B2200083B2200083B2200082B
:102120003B2200083B2200083B2200083B2200081B
:102130003B2200083B2200083B2200083B2200080B
:102140003B2200083B2200083B2200083B220008FB
:102150003B2200083B2200083B2200083B220008EB
:1021600072B6264880F30888254880F309882548F8
:1021700025490860022080F31488BFF36F8F07F0B1
:1021800083F906F016FD4FF0553020491B4A914265
:102190003CBF41F8040BFAE71D49194A91423CBF84
:1021A00041F8040BFAE71B491B4A1C4B9A423EBFFD
:1021B00051F8040B42F8040BF8E700201849194ABB
:1021C00091423CBF41F8040BFAE707F061F907F0D0
:1021D0005CF9154C154DAC4203DA54F8041B8847E2
:1021E000F9E702F07DF9124C124DAC4203DA54F8D3
:1021F000041B8847F9E707F049B9000000040020F4
:10220000000C00200020000808ED00E00000002085
:102210000004002024BB0008000C0020A4100020B3
:10222000A8100020681D002060210008602100081F
:10223000602100086021000892E700F000F8FEE746
:102240002DE9F04FC1F80CD0C3689D46BDE8F08F72
:10225000002383F311882846A047002007F0F2FAF4
:10226000FEE707F04BFA00DFFEE7000053B94AB97A
:10227000002908BF00281CBF4FF0FF314FF0FF308E
:1022800000F074B9ADF1080C6DE904CE00F006F869
:10229000DDF804E0DDE9022304B070472DE9F047E2
:1022A0008C460446089E002B40F086808A421546E4
:1022B00048D9B2FA82F24AB1C2F1200701FA02F318
:1022C00020FA07F7954047EA030C94404FEA154E71
:1022D000BCFBFEF71FFA85F80EFB17C307FB08F9D6
:1022E000210C41EA0343994509D9EB1807F1FF3165
:1022F00080F0E180994540F2DE80023F2B44A3EB61
:102300000903B3FBFEF00EFB103300FB08F1A4B28F
:1023100044EA0344A14209D92C1900F1FF3380F0AB
:10232000C880A14240F2C58002382C4440EA0740F0
:102330000027641A1EB10023D440C6E90043394681
:10234000BDE8F087002A54D0B2FA82F2002A40F0A9
:10235000B4800127491B4FEA15481FFA85F9B1FBE4
:10236000F8FE08FB1E1109FB0EF04FEA144C4CEA74
:102370000143984207D9EB180EF1FF3102D298427F
:1023800000F2EB808E461B1AB3FBF8F008FB10330B
:1023900009FB00F9A4B244EA0344A14507D92C196A
:1023A00000F1FF3302D2A14500F2DB801846A4EB16
:1023B000090440EA0E40BDE78B4208D9002E75D0D3
:1023C0000027C6E9000138463946BDE8F087B3FA70
:1023D00083F77FB98B4202D3824200F2BC80841A19
:1023E00061EB030301209C46002EA8D0C6E9004CF7
:1023F000A5E7FFDEC7F12005BB4022FA05FC4CEA49
:10240000030C21FA05F44FEA1C4EB4FBFEF91FFA47
:102410008CF80EFB194420FA05F3B94009FB08FAC1
:1024200019430B0C43EA0444A24502FA07F200FAEE
:1024300007F30BD91CEB040409F1FF3080F089800D
:10244000A24540F28680A9F102096444A4EB0A0483
:10245000B4FBFEF00EFB104400FB08FA89B241EA1F
:102460000444A24508D91CEB040400F1FF316CD2EE
:10247000A2456AD90238644440EA0940A0FB0289B7
:10248000A4EB0A044C454146CE4655D352D0002E0B
:102490006AD05A1A64EB0E0404FA05F522FA07F31F
:1024A000FC401D43C6E90054002748E73746304644
:1024B00045E718463AE70F4621E79540C2F1200369
:1024C00021FA03F04FEA1548B0FBF8F71FFA85F937
:1024D00008FB170E24FA03FC914007FB09FA4CEAAB
:1024E0000101080C40EA0E40824504FA02F407D9C3
:1024F000281807F1FF332AD2824528D9023F284401
:10250000A0EB0A00B0FBF8FC08FB1C000CFB09F375
:1025100089B241EA00418B4208D969180CF1FF30B9
:1025200011D28B420FD9ACF1020C2944C91A4CEAE2
:10253000074714E74345AAD2B8EB020169EB0C0246
:1025400001389646A3E78446F0E7084694E71F461D
:10255000D6E781467AE7384646E7AEF1020E2B44CD
:1025600011E702382C4422E73746E8E6704700BFFF
:10257000032A70B412D940EA0105AD0704460B46A0
:1025800020D11946204653F8045B54F8046BAE4240
:1025900018D1043A032A20461946F2D8541E72B1C3
:1025A00003780A789A4208BF241806D00CE010F885
:1025B000013F11F8012F934206D1A042F7D100202C
:1025C00070BC7047541EEBE7981A70BC704700BF90
:1025D000844641EA000313F0030349D1403A23D370
:1025E0000B6803604B6843608B688360CB68C36093
:1025F0000B6903614B6943618B698361CB69C3617B
:102600000B6A03624B6A43628B6A8362CB6AC36262
:102610000B6B03634B6B43638B6B8363CB6BC3634A
:1026200040304031403ADBD230320BD30B6803608C
:102630004B6843608B688360CB68C3601030103197
:10264000103AF3D20C3205D351F8043B40F8043B66
:10265000043AF9D2043208D0D2071CBF11F8013B6A
:1026600000F8013B01D30B8803806046704700BF30
:10267000082A13D38B07B1D010F00303AED0C3F1F7
:102680000403D21ADB071CBF11F8013B00F8013B21
:10269000A4D331F8023B20F8023B9FE7043AD9D398
:1026A000013A11F8013B00F8013BF9D20B780370B5
:1026B0004B7843708B78837060467047F0B4860720
:1026C00046D0541E002A3CD0CAB2034602E014F1A0
:1026D000FF3436D303F8012B9D07F8D1032C29D9F9
:1026E000CDB245EA05250F2C45EA054533D9A4F1BD
:1026F0001006360903F1200707EB061703F1100255
:1027000042E9045542E902551032BA42F8D1721C2E
:1027100014F00C0F03EB021204F00F0613D0331F5A
:1027200023F003030433134442F8045B9342FBD1C8
:1027300006F003042CB1C9B21C4403F8011B9C42EF
:10274000FBD1F0BC704734461346002CF3D1F8E7B8
:1027500014460346C2E71A462646E0E707B503F0EB
:1027600077F958B34FF47F43ADF80030164B187823
:1027700000F04BF9032825D8DFE800F00B0206082B
:1027800055238DF8003004E0AA23FAE700238DF8E2
:10279000013004F0F5F846235843C823B0FBF3F0AA
:1027A0001E308DF80200009802F0A8FBC0F307432A
:1027B000C0F30722C1B2092003F046F8002003B09D
:1027C0005DF804FB2B23DCE7B2100020032809D8B6
:1027D00041B9042A06D8044B00EB8000104433F8BA
:1027E000100070470120704706B4000803280BD87A
:1027F000012909D801EB4001044B82F0010202EBF0
:10280000410233F81200704701207047E6B3000818
:10281000012070470120704708B5FFF7FBFF08BD96
:10282000012070470120704708B5FFF7FBFF08BD86
:102830007047704708B5FFF7FCFF08BD01207047DF
:102840007047704713B502AB03E903000F4B1B78C9
:10285000B3B99DF80530009873B16AB100F056FD28
:1028600004460146009800F019FD2046009902B088
:10287000BDE8104001F08CBB00F02CFD0446F4E7ED
:10288000009800F043FD0099F1E700BFAD10002073
:10289000034610B400885C880A4640EA04409988E0
:1028A00010BCFFF7CFBF10B504460121FFF7F0FFC2
:1028B0002146FFF7ADFF30B101212046FFF7E8FFC9
:1028C0002146FFF7A9FF00F0010010BD38B5002137
:1028D0000446FFF7DDFF05462146FFF7A9FF214625
:1028E0002846FFF7A7FF38BD38B501210446FFF79A
:1028F000CFFF21460546FFF793FFB8B32146284690
:10290000FFF792FF90B32146284605F025FB68B3F8
:102910002146284605F02EFA40B32146284604F009
:1029200045FD18B32146284604F01AFDF0B12146B2
:10293000284602F0D1F9C8B12146284602F016FA1D
:10294000A0B12146284605F063FA78B12146284611
:1029500001F036FC50B12146284601F041FC28B177
:1029600021462846BDE8384001F056BC002038BD5D
:10297000012303FA00F0C0B200F0EFBB10B504462B
:102980000120A040C0B201F0F8F82046BDE8104098
:10299000FFF7EEBF0120704708B5FFF7FBFF08BD4A
:1029A00010B5044600F080FB2046FFF747FF2046A5
:1029B000FFF7F2FF10BD08B50120FFF7F1FFBDE8FA
:1029C000084005F0ADBE08B50020FFF7E9FFBDE8FF
:1029D000084005F0A9BE08B5FFF732FF05F0C1FDBC
:1029E00003F002FE00F033F8BDE80840012003F0D8
:1029F000E9BE08B500F030F8002003F0E3FEFFF771
:102A000020FFBDE8084005F0B1BD03091CBF184612
:102A1000042382081EBF10460233DBB242081CBFEB
:102A20000133DBB21846704701207047704738B554
:102A30000546FFF7F9FF044610B12846FFF7F6FFF9
:102A4000204638BD704708B5FFF7F1FF08BD08B54F
:102A50000020FFF7F8FF08BD08B505F00BFCFFF7F5
:102A6000F2FF08BD10B505F005FC074B04461A78C7
:102A7000824207D0187005F005FE044B186020460E
:102A8000FFF7E1FF10BD00BFAC100020A810002030
:102A90001FB56C4684E803009DF805300BB100F0CB
:102AA0004BFF0023ADF80E3094E8030011F0FF0F48
:102AB0000290ADF80C1002AC05D194E8030000F0D0
:102AC00095FE04B010BD2046FFF7EDFE0028F4D1BE
:102AD000F7E70379012B02D1008800F039BC704779
:102AE00008B529B104F0F8FDBDE8084004F0C8BEFF
:102AF00004F050FEF8E7000010B50446002840D06E
:102B0000031FDBB2A02B0ED805F02AFC20B1204613
:102B100005F066FC00F086FF204605F059FCBDE894
:102B2000104000F07FBF00F12003DBB2072B07D875
:102B300000F007040120A040C0B200F0D7FEEEE78D
:102B400000F15B03DBB2022B05D8BDE810400D4A53
:102B5000D05C05F0AFBB00F15803DBB21A2B06D8EE
:102B6000BDE81040084A32F8130005F0BFBB33340B
:102B7000E4B2122C05D804F0AFFDBDE8104004F01B
:102B80007FBE10BD2EB4000832B4000808B503465D
:102B9000A0B3021FD2B2A02A05D805F021FCBDE8DF
:102BA000084000F03FBF00F12002D2B2072A07D848
:102BB00000F0070301209840C0B200F09FFEEEE74E
:102BC00000F15B02D2B2022A04D8BDE8084000201E
:102BD00005F070BB00F15802D2B21A2A04D8BDE841
:102BE0000840002005F082BB3333DBB2122B05D83E
:102BF00004F0D0FDBDE8084004F042BE08BD00006E
:102C000070B50C460546FFF777FF84B140F2E73018
:102C10000021084E4FF47A720023E6FB0401FFF70F
:102C200025FB06F014FE2846FFF7B0FF70BD01201B
:102C3000F7E700BFA086010008B539280CBF502176
:102C40000021FFF7DDFF08BD08B528B100F04EFEFA
:102C5000BDE8084000F0E6BE08BD08B528B100F0A8
:102C60004DFEBDE8084000F0DDBE08BD2DE9F0478F
:102C7000867981460C46457900F028FE36090746DC
:102C800008B32F46FDB1C4F3072303F0F002402A36
:102C90000CD0E1B201F12002D2B2072A25D903F00B
:102CA000E003202B02D101291FD906B3A24B5F7884
:102CB00017F0040707D0022000F0DEFE00F006FE49
:102CC00080F00100C7B2C4F303330B2B43D8DFE815
:102CD00013F0100010004E004E00AE00C300420082
:102CE0004200C8002301350135010027EBE73746D4
:102CF000E9E7C4F30723C4F3032613F0F00F18BF6A
:102D000036015FFA84F895B166B108F12003DBB2B1
:102D1000072B304602D9B8F1000F05D100F0E6FDCF
:102D200000F080FE404647E000F0F6FDF8E7404640
:102D3000FFF72CFF7EB108F12003DBB2072B3046F2
:102D400002D9B8F1000F02D100F0D8FD01E000F087
:102D5000EBFD00F067FEC4F30334083C032C00F2E3
:102D6000428105F087FABDE8F047FFF76CBEC4F377
:102D7000072303F0F003C4F30328202B5FFA84FA3F
:102D800018BF4FEA0818BAF1000F07D0BAF1010FC7
:102D900035D0002D3DD0E6B150460DE0664B5B7856
:102DA0005A0714D45DB1B8F1000F04D0404600F0CA
:102DB0009DFD00F037FE0020FFF79EFECBE7284682
:102DC000FFF7E4FEB8F1000FC5D04046BCE755B1AF
:102DD0001EB94046FFF738FFBDE7012EBBD1404684
:102DE00000F0CAFDB7E7002EB5D14046FFF735FF2A
:102DF000404600F0CFFD404600F0AAFDABE715B11C
:102E0000052EA8D8E5E7042EA5D84046FFF725FFF4
:102E1000A1E7002EF9D0BAF1390F0CBF4FF4FA50E8
:102E2000012006F014FD5046FFF7B0FE93E7C4F30F
:102E300081233BB1012B8ED165B1C4F3090005F0AC
:102E400055FA88E725B1C4F3090005F033FA82E7A3
:102E50002846FAE72846F2E72946E0B2FFF740FEA7
:102E600079E714F4407F27D1002D7FF474AFC4F3C9
:102E700042108000C3B204F00F009840C2B214F0B8
:102E800010001EBF0F209840C043C4F3812318BF19
:102E9000C0B2022B40EA020008D00AD8012B02D0AF
:102EA00000F066F957E700F05BF954E700F068F9C5
:102EB00051E700F052F94EE7C4F30122D3B205B353
:102EC00002F00103002B3FF446AFC4F34210800030
:102ED000C3B204F00F009840C2B214F010001EBF3D
:102EE0000F209840C043C4F3812318BFC0B2022B07
:102EF00040EA02000AD00CD8012B04D000F08EF971
:102F000029E75B08DEE700F081F924E700F08EF99D
:102F100021E700F043F91EE75FFA84F8C4F30326C3
:102F20001DB1304600F04EF953E74046FFF795FEDD
:102F3000304600F053F90EE7BE1B00205FFA84F81C
:102F4000A8F1F003042B39D8DFE803F003220E15B3
:102F50001E003DB1042E3FF6FEAEC4F3042000F087
:102F600049F9F8E6052EF6E7C4F30420002DE0D178
:102F700000F028F9EFE625B1C4F3042000F01BF9B6
:102F8000E9E600F015F9E6E6224B5B785B0704D42E
:102F9000C4F30420002DCCD0EAE72DB10321C4F303
:102FA000042000F047FDD6E6012000F065FD012E6B
:102FB0007FF6D1AE022000F05FFDCCE62DB1002EF1
:102FC0007FF4B0AEC4F30420D2E74EB1B8F1390FAC
:102FD0000CBF4FF4FA50012006F039FC404623E7BD
:102FE000C4F30420A5E79FB100F068FC10F00100D5
:102FF0000ED189F8050000F05BFC00F0E3F84846CC
:1030000000F01CF800F054FCBDE8F04700F0E6B812
:10301000BDE8F087BE1B002038B501880446407922
:1030200000F0A2F9054600F009F900F095F82946EC
:103030002046BDE83840FFF719BE0000037910B5FF
:103040000446B3B1FFF750FC68B900F03FFC80B113
:10305000637973B1074B5B785B070AD5BDE8104015
:10306000022000F009BD2046FFF7D6FF2046FFF7FB
:103070002DFC10BDBE1B002008B5002005F01AF97C
:10308000002005F033F900F057FC00F0CBFC04F011
:1030900013FCBDE8084004F0F3BB08B505F0A8F93F
:1030A000BDE80840FFF7E8BF08B500F02FFCBDE819
:1030B0000840FFF7F2BFC0F303320E3202F00F02F6
:1030C000092A10B5C4B21BD8012101FA02F340F25B
:1030D0000332134203D113F010000DD110BDF02CB8
:1030E00010D004D8E72C8CBF00200120F6E7F42C88
:1030F00014BF00200120F1E7E72C03D9F12CF7E7FA
:103100000020EBE70846E9E708B5037933B100880A
:1031100000F01EF9BDE80840FFF7CDBF184608BD16
:1031200082B002AB03E9030002B0704782B002AB89
:1031300003E9030002B07047704708B5FFF7FCFFD2
:1031400008BD704708B5FFF7FCFFFFF7F6FF014B1E
:10315000187008BDAE1000207047FFF7F3BF0000E5
:10316000024B1B781843FFF7EDBF00BFAE100020E5
:10317000024B1B781840FFF7E5BF00BFAE100020E0
:10318000024B1B785840FFF7DDBF00BFAE10002098
:10319000704708B5FFF7FCFF08BD704708B5FFF79B
:1031A000FCFFFFF7F6FF014B187008BDB2100020BE
:1031B0000020FFF7F3BF012303FA00F0C0B2FFF7CE
:1031C000EDBF0000012303FA00F0034B1B78184306
:1031D000C0B2FFF7E3BF00BFB2100020012303FA23
:1031E00000F0034B1B7823EA0000FFF7D7BF00BFB6
:1031F000B2100020012303FA00F0034B1B78584063
:10320000C0B2FFF7CBBF00BFB2100020024B1B784B
:103210001843FFF7C3BF00BFB2100020024B1B785A
:103220001840FFF7BBBF00BFB2100020024B1B7855
:103230005840FFF7B3BF00BFB2100020704701F045
:103240000703C90830B501EB4101012401390A44E3
:1032500000219C40E4B212F8015F20FA01F343F32D
:1032600000036B40234001316B4003291370F2D1FE
:1032700030BD002210B500F00704C00800EB40008C
:10328000014410468B5CE34003F00103934001329C
:103290001843032AC0B2F5D110BD000082B0ADF8CA
:1032A00004000B46C1B2C0F3072030B904290AD884
:1032B000064A184602B0FFF7C2BF0430C0B2012868
:1032C00001D8034AF5E702B0704700BFB3100020F1
:1032D000AF10002082B0ADF80400C3B2C0F30720E5
:1032E00030B9042B0AD80749184602B0FFF7C1BF0E
:1032F0000430C0B2012801D80349F5E7002002B02C
:10330000704700BFB3100020AF10002073B5032436
:103310000D4BADF804001E780C4B1B781E4346FA8B
:1033200004F3DB07E5B206D414F1FF34F7D200252D
:10333000284602B070BD0199284600F048FE80B2D0
:103340000128F1D0F4E700BFB2100020AE10002039
:1033500007B5ADF804000198FFF7D8FF019903B055
:103360005DF804EB00F033BE13B5104BADF804105C
:103370001B782BB1019802B0BDE81040FFF7E8BF01
:1033800070B10198FFF7C2FF044601460198FFF7AC
:1033900085FF2046019902B0BDE8104000F017BE3D
:1033A0000198FFF797FF0446F3E700BFAD10002038
:1033B00010B5012404FA02F204FA01F11143C9B272
:1033C00031EA000204FA03F306BF1843C0B298437F
:1033D00010BD000008B513460A46014603480078B0
:1033E000FFF7E6FFBDE80840FFF7D8BEB2100020A7
:1033F000F8B50C4B0C4E1C780C4D3378A34200D121
:10340000F8BD05EBC40335F834005F889A88D98885
:1034100040EA074042EA01410134FFF787FE04F029
:103420000704EAE7FF100020FE100020BE10002075
:10343000064B10B418885C889A88D98840EA044002
:1034400042EA014110BCFFF771BE00BFB610002078
:10345000F8B51A4B9A7912F0F00F0AD15A7942B1A5
:10346000174A184912780D781E885F88164CAA42B0
:1034700000D1F8BD04EBC2010879D0B134F83200B4
:10348000B04216D14879A0B94888C01B80B2C7287D
:103490000FD80122987962F3071098718B79074849
:1034A00062F307138B71FFF7C9FDBDE8F840FFF722
:1034B0009FBF013202F00702D9E700BFB61000201B
:1034C000FF100020FE100020BE10002070B50D4B34
:1034D0000D4A1B7815780D4CAB4202D100221046E4
:1034E00070BD04EBC30256788E4206D114F83360E7
:1034F000864202D15279002AF1D1013303F0070349
:10350000EAE700BFFF100020FE100020BE100020E0
:103510002DE9F04F89B002AB044601460622184659
:10352000FFF756F8B04D0346297922796779A84606
:10353000C1B9AAB18FB12046FFF7E6FD064660B1DA
:10354000082221462846FFF743F82846FFF7C1FA2C
:10355000FFF77EFFFFF76CFF65E02046FFF76EFD8B
:10356000012660E0B4F802A068886E79AAEB00003A
:1035700094F800B094F8019080B2002E00F0E7803B
:10358000C72800F29780002A4DD0AB792A8813F023
:10359000F00F208858D190420ED1002F4DD101223A
:1035A00062F30713AB71FFF743FF2846FFF746FDB1
:1035B000AB79A371002636E0002F3ED1494658462C
:1035C000FFF784FF5846FFF781FF05460028F1D139
:1035D0008DF808B08DF809900298FFF7B9FEC0F396
:1035E00003310B2912D801228A4012F4406FC3B272
:1035F0001DD112F00C0F0ED1910707D010F4706F8F
:1036000000D07BB12033DBB2072B0BD92046FFF76C
:1036100015FD354606E010F4706FF3D0A27912F074
:10362000F00FEFD12E46304609B0BDE8F08FEF2BFA
:10363000F8D90F33DBB2022BE7E798F8063043F0F6
:10364000010388F80630B5E790420AD14FB9204609
:10365000A371FFF7F3FC082221462846FEF7B8FFC6
:1036600078E72046FFF750FD00283FF476AF002FA3
:103670003FF473AF98F806301F2B11D9B8F800202B
:10368000ADF812A0ADF8102098F804208DF816308F
:103690008DF81420002204A88DF81520FFF7CEFC29
:1036A000082221465048FEF793FFFFF7D1FEFFF7AF
:1036B000BFFE55E7A87910F0F001019118D18DF8FF
:1036C0000C208DF808B08DF80990ADF80AA08DF89F
:1036D0000D7093E80300FFF723FD2846FFF7AEFCCB
:1036E000082201992846FEF7E9FFFFF7A1FE61E7EE
:1036F000002A98D02A8823889A420AD14FB9A0710B
:103700002046FFF79BFC082239462846FEF7D6FFE5
:1037100089E72046FFF7F8FC00283FF41EAF002F92
:103720003FF41BAF98F806301F2BB9D9B8F800202A
:10373000ADF81AA0ADF8182098F804208DF81E30C6
:103740008DF81C20002206A88DF81D20A6E7C728AA
:1037500035D8002A3FF404AF3E46002F3FF4FDAEBB
:103760002A8823889A421CD1AB79DA0713D413F044
:10377000F00210D0F02AA37106D0DBB2C3F303121B
:10378000013262F30713A3712046FFF757FC0822AA
:103790002146154862E7082221461348FEF718FF24
:1037A00041E72046FFF7B0FC00287FF479AFAB7902
:1037B000204643F00103AB71FFF740FC33E78DF87F
:1037C0000C208DF808B08DF80990ADF80AA08DF89E
:1037D0000D7093E80300FFF7A3FC0822314628464A
:1037E000FEF76CFFB6E600BFB6100020F0B585B05E
:1037F0006C4684E803002046FFF78AFE284E074601
:10380000284D68B19DF804301BB194E80300FFF720
:103810008DFC254C28783378834226D105B0F0BD45
:103820009DF8042002AB94E8030083E80300002A1B
:10383000EFD030782A78441C04F0070494420AD070
:103840001946194B082203EBC000FEF7C1FE347085
:10385000FFF7CEFDDDE7FFF727FC082239461348C6
:1038600037702F70FEF72AFFD3E704EBC000FFF795
:103870004FFE0028D2D02B7834F8330004EBC3037A
:103880005F889A88D98840EA074042EA0141FFF7F9
:103890004DFC2B78013303F007032B70BAE700BF10
:1038A000FE100020FF100020BE100020B6100020E7
:1038B000014B1878C008704710110020024B18788F
:1038C00000F00700704700BF10110020034B18786C
:1038D00010F0070018BF0120704700BF1011002032
:1038E000014B1878704700BF13110020024A13786B
:1038F00018431070704700BF13110020024A13785C
:1039000023EA000010707047131100200022014BC1
:103910001A70704713110020024A13781843107070
:10392000704700BF14110020024A137823EA0000F8
:1039300010707047141100200022014B1A7070475C
:1039400014110020704708B5FFF7FCFF08BD000008
:1039500008B5054A1378034204D023EA000010702A
:10396000FFF7F1FF08BD00BF11110020704708B537
:10397000FFF7FCFF08BD000008B5054A137830EAE0
:10398000030C03D003431370FFF7F1FF08BD00BF22
:103990001211002008B5054A1378034204D023EA27
:1039A00000001070FFF7E3FF08BD00BF12110020F8
:1039B00008B5044B1A781AB100201870FFF7D7FF2A
:1039C00008BD00BF1211002070B5114A114D1478C6
:1039D000114A2E6812781443104A12782AB11443FF
:1039E00004F0ACFC08B1FFF7E3FF34702C68082248
:1039F0000B492046FEF7BCFD48B121460822084885
:103A0000FEF7E6FD2046BDE8704004F03DBC70BD09
:103A100013110020240C002014110020121100208A
:103A200008110020FFF7D0BF704708B5FFF7FCFF73
:103A300008BD0000094A10B5527852070AD5084C53
:103A400041EAC0012170FFF7BDFB2078C008FFF7F5
:103A5000ECFF10BDBDE81040FFF7B4BBBE1B00205B
:103A600010110020002008B5024B1870FFF7DDFF91
:103A700008BD00BF1011002008B50A4A137823EAD8
:103A80000000107042070CD198420AD0064B5B78B8
:103A90005B0706D5C008FFF7A1FBBDE80840FFF7AC
:103AA000E1BF08BD10110020BE1B0020094A08B567
:103AB0005378C3F3800181420AD060F38203104639
:103AC000537000F05EF8BDE808400220FFF7D4BF55
:103AD00008BD00BFBE1B0020044B5878C0F3800017
:103AE00080F0010000F00100FFF7E0BFBE1B0020E6
:103AF0000120FFF7DBBF0020FFF7D8BF002000F058
:103B0000EBBB08B5002000F0E3FBFFF7F7FF08BDB3
:103B100013B5002400F09AFB00F0A5FB68468DF871
:103B2000004000F0B7FB01200A4B187000F0B9FB11
:103B3000142301A8ADF804408DF8053000F0BCFB5B
:103B400001F04AFE04F0E3F9FFF7DBFF01F038FE75
:103B500002B010BDAE100020FFF7DABF00F088BB46
:103B600008B500F076FB18B1BDE8084004F09EB936
:103B700008BD00F088BB00F091BB00F092BB00F0E4
:103B800094BB00F099BB00F09BBB00F09DBB00F024
:103B9000A7BB000073B504F0ABFD0B4C05462388B2
:103BA00083420ED00026ADF8006004F0A1FDADF810
:103BB0000460ADF8020002AB13E90300FEF768FFF2
:103BC000258002B070BD00BF2411002008B504F0AC
:103BD00059FD024B1860024B186008BD1C110020F3
:103BE0002011002008B504F04DFD024B1860024B77
:103BF000186008BD1C110020181100207047704784
:103C000008B5FFF7FCFF08BD704708B5FFF7FCFFDC
:103C1000FFF7F6FF08BD704708B5FFF7FCFF08BDCA
:103C2000704708B5FFF7FCFFFFF7F6FF08BD01205E
:103C30007047000008B5054800F058FB00F0FAFC9A
:103C4000FFF7DCFFBDE80840FFF7DFBFBD4100081C
:103C50000120704708B5FFF7FBFF08BD70477047AC
:103C6000704708B5FFF7FAFFFFF7F9FFFFF7F8FF16
:103C700008BD000008B5FFF773FF08B9FFF76CFF38
:103C80000848FFF776FF0848FFF779FF03F0CEF901
:103C9000FFF771FFFFF761FA044B1878BDE80840A1
:103CA000FFF777BA26110020BE1B0020B2100020BB
:103CB00008B504F0E5FC04F03EF902F085FF00F0E1
:103CC000B3FBFFF7D7FF04F0D3FAFEF7BBFE02F019
:103CD00021FDBDE80840FFF7A4BF70B504460D46BE
:103CE000164601F031FE324629462046BDE87040B6
:103CF00004F05EBC2DE9F04F85B0FFF798FF88B95E
:103D0000FFF748FF04F0B5FA02F06EFC02F0B2FFD4
:103D100008B1FFF767FF03F0F7FD05B0BDE8F04F0E
:103D2000FEF7A0BE294E00F091FB0020347800F091
:103D3000EDFA8442E4D0264B1B789B0701D500F0B6
:103D4000EBFAFFF787FF0190002000F0DFFA3578EB
:103D50000746A84236D04FF0010A0024D34645401A
:103D6000EDB20DF108081AEA050F22D0019B1AEAFC
:103D7000070F14BF4FF001094FF00009A3B121460E
:103D8000002004F009FC78B98DF808408DF809008E
:103D900004F0AEFC8DF80CB0ADF80A008DF80D9073
:103DA00098E80300FEF774FE4A4621460020FFF71C
:103DB00094FF0134E4B24FEA4A03052C5FFA83FA18
:103DC000D1D13770FFF702FF9CE700BFBC1B00207A
:103DD0002611002038B500F005F9B0F5A04F0446D3
:103DE00022D2B0F5804F77D2DF2812D8CD2861D209
:103DF000A7280AD8A5284ED2012804D003B233B18F
:103E0000032898BF0024204638BDC2284AD9002480
:103E1000F9E7B0F5005F80F0A680B0F5807F4DD265
:103E2000E82828BF0024EEE745F25F23984216D821
:103E300045F2402398425FD245F21F23984254D85E
:103E4000B0F5A44F7CD30123C4B2A00804F003044E
:103E500003FA04F444EA401444F40D442CE045F21F
:103E60009F23984207D8B0F5A54F52D300F01F0406
:103E70004AF2F4003DE045F2BF23984256D945F29C
:103E8000DF239842C3D8040204F4F85444F42044D5
:103E900044F0F004B7E75B343B4BE4B21C5D44F400
:103EA0008044B0E75834394BE4B233F8144044F45A
:103EB0008844A8E740F4A044A4B2A4E7C0F30720D4
:103EC00000F018F90546E0B200F08CF82D0205F478
:103ED000F855284384B296E7C0B200F083F804F4A2
:103EE0007064044344F42044E6E700F01F044AF2FF
:103EF000F10040EA042486E70123C4B2C4F382003F
:103F000004F0030403FA04F444EA401444F40C44B7
:103F1000D2E70123C4B2C4F3820004F0030403FA1D
:103F200004F444EA401444F40A44C5E700F01F00D6
:103F300000F0E0F8040204F4F85444F4005462E79A
:103F400000F01F0000F0D6F8C30648BF0001C4F31C
:103F500043144FEA04244CBF00F0F00000B20443C5
:103F600044F41044A8E7C0F3042000F0C3F8054669
:103F7000E0B200F037F82D0205F4F85545EA0004E8
:103F800044F4005498E700BF68B400086CB400081B
:103F900082B0ADF80410CBB2C1F3072129B9042BCC
:103FA00012D81A4602B003F096B8FD2906D1012BAB
:103FB0000AD80122194602B003F099B8FC2903D1AE
:103FC000012B01D80022F5E7002002B0704707B5A9
:103FD000ADF804100199FFF7DBFF03B05DF804EBC7
:103FE000FFF7F8BE822825D00CD8312867D004D836
:103FF00029285AD02A2869D07047352850D0392826
:1040000018D07047E32833D004D8E0281CD0E22829
:1040100029D07047E62835D0E72838D0E42835D1B4
:10402000334B5A78910731D51B7813F0100F08BF26
:10403000E72015E02E4B1A78920752D15B7813F0E7
:10404000080F18BF29207047294A1378D90744D48C
:10405000527812F0010F19D013F0100F08BFE320AF
:1040600018BF00207047224B1B7813F0040FF2E7B3
:104070001F4A1378590732D45278D20731D413F03B
:10408000100FEDE71A4B1B781A07CED47047184A69
:104090001378190727D452789107F0D5E420704798
:1040A000134B1B7813F0200FCBE7114B1A789206B5
:1040B0001BD45B7813F0080F18BF392070470C4BE6
:1040C0001B7813F0400F18BF2A207047084B1B784D
:1040D00013F0400F18BF3120704739207047E2209D
:1040E0007047E0207047E62070473520CEE700BFDC
:1040F000BE1B002010B5304C21784B0713D500F0C3
:104100001402A2F1040C00F01803DCF1000242EBEF
:104110000C02A3F1080CDCF1000343EB0C039A4200
:1041200018BF80F00C000B0713D500F01402A2F1A9
:10413000140C00F01803DCF1000242EB0C02A3F1B6
:10414000180CDCF1000343EB0C039A4218BF80F01B
:104150000C006478E30713D500F0110202F1FF3C74
:1041600000F01803DCF1000242EB0C02A3F1080C92
:10417000DCF1000343EB0C039A4218BF80F0090006
:10418000A30711D500F0110200F01803A2F11104E9
:104190006242A3F1180C6241DCF1000343EB0C0313
:1041A0009A4218BF80F00900CA0603D5030748BF2A
:1041B00000F0E70010BD00BFBE1B002000207047CC
:1041C000A0F5A543603B1F2B10B507D84C791CB94F
:1041D00000F01F00FEF7D2FB204610BD0124FBE7D4
:1041E00008B54B79B3B147F65B4290420FD047F622
:1041F0005C42904206D047F65A42904205D1FFF702
:1042000077FC01E0FFF768FC0023184608BDFFF7C4
:1042100072FCF9E70123F8E708B54B79A3B147F63B
:10422000014290420DD047F60342904207D0B0F5CC
:10423000F84F02D1FEF7BFFB0023184608BDFFF779
:104240008DFCFEF7C0FBF7E70123F6E7002000F046
:10425000F3B908B5002000F06AF94FF6E363C31A1A
:104260005842584108BD4FF6E361002000F0C6B93E
:1042700008B5002000F0E0F9BDE808404FF6FF71F6
:10428000002000F0BBB910B50446022000F040F950
:10429000207010BD0178022000F0A2B9032000F0C8
:1042A00037B90146032000F09BB910B5044604203D
:1042B00000F03DF9208010BD0188042000F09EB977
:1042C0000822172100F0BAB90822172100F06EB9B0
:1042D00001460F2000F0A0B90146132000F09CB960
:1042E00001460E2000F07CB900207047014B186099
:1042F000704700BF280C0020704708B5FFF7FCFF8F
:1043000008BD704708B5FFF7FCFF08BD014B185CFE
:10431000704700BFC11B002070474FF4076005F0D5
:1043200011B900BF00BF00BF00BF00BF00BF00BF8A
:1043300000BF00BF00BF00BF00BF00BF00BF00BF85
:1043400000BF00BF00BF704708B5FFF7E6FF08BD1C
:1043500008B5302383F3118803220821034806F0AF
:104360007FFB002383F3118808BD00BF000C0140D0
:10437000F8B5FFF7EDFF0524302601270B4D55F862
:10438000040B431C0DD086F3118800F00F010322AB
:1043900007FA01F120F00F0006F062FB002383F31F
:1043A0001188013C14F0FF04E9D1F8BDA4B4000861
:1043B000F8B506460D46302383F31188184C0622C3
:1043C0002046082106F04CFB08236361002484F397
:1043D0001188FFF7A6FF05230122124F57F8041B8F
:1043E000481C1BD021F00F00806801F00F0120FA5B
:1043F00001F1C90712D451B2013B0C43520013F032
:10440000FF03E4B2D2B2E9D1FFF7A2FF211C18BF2B
:1044100001212846FFF798FF7455F8BD0021EBE70E
:10442000000C0140A4B4000808B5FFF7A1FF002369
:10443000044A1370044A137000F026F8BDE80840DF
:10444000FFF75BBFC11B0020C01B002013B500217C
:1044500001A88DF80410FFF7ABFF094B9DF804107D
:104460001A7807488A421ABF1970012200220549AA
:1044700000F00CF80446FFF745FF204602B010BDDF
:10448000C01B0020C11B0020704700002DE9F04137
:1044900080460F4614460F4D42B101232B7004F0A5
:1044A000F1F80D4B18600020BDE8F0812E78002E49
:1044B000F9D0094B186804F08EF80428F3D998F85D
:1044C00000303A789A421CBF3B70344600232046A5
:1044D0002B70E9E72711002028110020FFF70ABC04
:1044E00008B504F091F804F072FBFFF7A3FB04F0A9
:1044F00071FBFFF7DDFB04F07BFB04F07FFBFFF7B4
:10450000EDFF04F095FB04F03DFBFFF7AAFBF4E799
:10451000002307B5014601220DF107008DF8073091
:1045200000F08CF89DF8070003B05DF804FB002351
:1045300007B5014602220DF10600ADF8063000F085
:104540007DF8BDF8060003B05DF804FB07B5042252
:10455000002301460DEB0200019300F06FF8019873
:1045600003B05DF804FB07B501228DF80710014682
:104570000DF1070000F067F803B05DF804FB07B524
:104580000222ADF8061001460DF1060000F05BF8BE
:1045900003B05DF804FB07B50422019101460DEB61
:1045A000020000F050F803B05DF804FBF8B50546D2
:1045B0001446D31D23F0070300AFADEB030D68468F
:1045C0000E4600F03BF8224669462846FDF7D0FF2C
:1045D00020B122463146284600F035F8BD46F8BDE8
:1045E00038B50C460546FFF793FFA04205D021469B
:1045F0002846BDE83840FFF7B6BF38BD38B50C4691
:104600000546FFF794FFA04205D021462846BDE8A5
:104610003840FFF7B4BF38BD38B50C460546FFF744
:1046200095FFA04205D021462846BDE83840FFF757
:10463000B2BF38BD00F0A4B900F03CB80B4601464B
:10464000184600F051B80B460146184600F0DCB899
:1046500008B5064B4FF4806200211846FEF72EF88D
:104660004FF48162C0F8002408BD00BF2C11002067
:1046700010B5064C94F8043433B900F043FA10B185
:10468000012084F8040410BD0220FCE72C11002056
:1046900010B5074C94F804343BB100F081FA18B11E
:1046A0000023012084F8043410BD0220FCE700BF81
:1046B0002C11002038B5FFF7DBFF044618B9FFF7CF
:1046C000E7FF204638BD00F029FA0546FFF7C0FF96
:1046D000012C06D1FFF7DCFF00280CBF002505F0F8
:1046E00001052C46EDE7000008B503460846991879
:1046F000B1F5806F05D804491944FDF769FF012021
:1047000008BD0020FCE700BF2C110020F8B50646CC
:104710000F4615460024AC4201D10120F8BD6000CF
:104720003918304400F0AEFA0028F7D00134F2E72F
:10473000F8B506460F4615460024AC4201D10120CB
:10474000F8BD37F8141006EB440000F009FA002811
:10475000F6D00134F1E7000037B5FFF789FF4FF4D9
:104760000072054612490020FFF7E2FFD0B10EA308
:10477000D3E900234FF480610D4802F0E6F90422EA
:10478000CDE9000169464FF48060FFF7D1FF0028B2
:1047900014BF02240024012D01D1FFF779FF204628
:1047A00003B030BD0446F6E725232284E49CF2CB17
:1047B0002C11002010B5094CD4F80034B3F5006F6B
:1047C00009D300F0ABF928B1FFF7C6FF4FF48163BE
:1047D000C4F8003410BD0120FCE700BF2C110020FC
:1047E00010B5084C0146D4F8000400F0B9F940B106
:1047F000D4F800340233C4F80034BDE81040FFF7A9
:10480000D9BF10BD2C1100202DE9F04F8B46811827
:10481000B1F5806F85B00746154604D900242046BF
:1048200005B0BDE8F08F554C044421465846FDF7CD
:104830009FFE002800F09F802A4659462046FDF73B
:10484000C7FEFFF715FF019030B14FF0000835B9F2
:10485000FFF7B0FF044684E0FFF71AFFDEE7012D03
:104860009BF8001023D9FB0721D4B7F5804F1ED247
:104870009BF8012041EA0222012A18D8002A14BF1D
:104880006FF05F026FF07F0242EA572262F307097E
:104890007A0862F30F291FFA89F0FFF7A1FF0128B8
:1048A00004465AD1023D02370BF1020BCFE73F2FEE
:1048B00011D847F0400262F3070A61F30F2A1FFA8A
:1048C0008AF0FFF78DFF0128044646D1013D0137EC
:1048D0000BF1010BBBE7052D2E4628BF0526C7F3BC
:1048E000024242EAC6028DF808203A0AADF80A8070
:1048F0008DF80920ADF80C805A46ADF80E808DF881
:104900000A700DF10B01B34412F8010B5A4501F87E
:10491000010BF9D1BDF80800FFF762FF012804463A
:104920001BD1BDF80A00FFF75BFF0128044614D134
:10493000012D0BD8032D06D9BDF80E00FFF750FF4F
:104940000128044609D1AD1B374480E7BDF80C00AF
:10495000FFF746FF01280446ECD014B1022C18BF23
:104960000024019B012B7FF45AAFFFF791FE002832
:104970003FF454AF53E7012451E700BF2C1100204E
:104980002DE9F04385B0FFF763FE00F011F928B977
:10499000FFF75EFE002005B0BDE8F0834FF4007223
:1049A00057490020FFF7B2FE554D10B9FFF750FEF2
:1049B000EEE751A3D3E900234FF48061284602F0CB
:1049C000C4F80F460646042202A94FF48060FFF7A0
:1049D0009DFEDDE902239F4208BF964201D0FFF70A
:1049E00037FE4FF481660DF10601304600F04AF9BA
:1049F00000286AD0BDF80630002B65D0DAB29109E4
:104A0000012906F10204ADF8083047D029B1022986
:104A10004AD000205AE02646E5E70DF10A0120467B
:104A200000F030F90028F4D09DF809309DF80A20F4
:104A30009DF8088043EA02234FEA08475BBA9BB21D
:104A400007F4E0274FEAD8081F4308F0070907EBEF
:104A50000903B3F5806F06F10404DAD818F0060FE5
:104A600006D003A9204600F00DF90028D1D0B41DCE
:104A700018F0040F07D00DF10E01204600F002F9E6
:104A80000028C6D002344A460DF10B01E819FDF7A3
:104A90009FFDB4F5006FBED3012017E002F03F0286
:104AA000C3F30723AB54F4E7510201F478511B0A16
:104AB00041EA4303591CB1F5806FAAD2C2F34012F8
:104AC000EA5400236B54E4E701203446C5F800445F
:104AD00070B900F023F800283FF45AAFFFF73CFE0E
:104AE0004FF48163C5F8003400287FF454AF4FE7DA
:104AF000FFF760FEF8E700BF25232284E49CF2CB99
:104B00002C11002008B50021034805F057F9B0FA30
:104B100080F0400908BD00BFA01C0020F8B50025AA
:104B200001240C4F0C4E3B68AB4201D82046F8BD27
:104B300030680A4B1968036829445B699847012863
:104B4000306888BF002405F0B9FC012888BF002424
:104B50000135E8E7340C002038150020300C002027
:104B600013B50C4A0B46ADF8061011680A4A014409
:104B7000127812B1DB43ADF80630084B02221868F8
:104B80000368DC680DF10603A047B0FA80F0400925
:104B900002B010BD2C0C00203C1500203815002060
:104BA00008B5024805F018F9012008BDA01C002036
:104BB0002DE9F843284B294D294E2B60FFF7F0FFD4
:104BC000286803685B689847264B274A1B68044699
:104BD00006EA8326037803F001031370836813B990
:104BE000224804F089FCA468DFF89080671E3946EB
:104BF000286805F085FCB04207D26CB91B4804F068
:104C00007BFC1B4804F078FC1EE03C46002FEDD1F5
:104C1000404604F071FCE9E70026B046DFF86090FA
:104C2000B91B2868C9F8001005F077FC8044B8F576
:104C3000006F0CD3D9F800100E4B641A28681C6062
:104C400005F05EFC0C4B18600120BDE8F8830136CE
:104C5000B442E5D1D5E700BFA01C002038150020E4
:104C600000FCFF03E0F7FF1F3C150020B8B400086C
:104C700039B50008340C00202C0C002016B50008B3
:104C8000300C002038B50F4B0C4619680E4B014410
:104C9000186805F04FFC012302880C480C4D037086
:104CA00000230C492D780B700DB1D24392B20370E2
:104CB000087818B100200B70238038BD22800120B5
:104CC000FBE700BF2C0C0020381500203D1500200C
:104CD0003C1500203415002038B54C790546002CD1
:104CE00042D0FEF7FDFDA5F5F043203B00F0220089
:104CF0000A2B0AD8DFE803F0060B0F14181D212633
:104D00002A2F330001F091FD0024204638BD20B148
:104D100001F00EFEF8E70028FAD001F0F5FDF3E708
:104D200020B101F053FEEFE70028FAD001F03CFE7D
:104D3000EAE720B101F072FEE6E70028FAD001F0C0
:104D400059FEE1E720B101F091FEDDE70028FAD03D
:104D500001F078FED8E720B101F0B4FED4E70028D6
:104D6000FAD001F0A1FECFE70124CEE738B54D79A6
:104D70000446A5B9FEF7B4FDA4F5F043403B00F0AE
:104D800022000E2B49D8DFE803F0080C0F12161B87
:104D90001F24282D31363A3F430001F05BFD2846A1
:104DA00038BD01F06FFDFAE701F03FFDF7E720B1F4
:104DB00001F0BEFDF3E70028FAD001F0A5FDEEE713
:104DC00020B101F003FEEAE70028FAD001F0ECFD83
:104DD000E5E720B101F022FEE1E70028FAD001F07A
:104DE00009FEDCE720B101F041FED8E70028FAD047
:104DF00001F028FED3E720B101F064FECFE70028E0
:104E0000FAD001F051FECAE720B101F099FEC6E7E1
:104E10000028FAD001F074FEC1E70125BFE70000C9
:104E200030B5C0F3072285B00190C0F30740BAB98E
:104E300009B1314B185C8DF80C008DF80D008DF820
:104E40000E0000209DF80C3063F307009DF80D3034
:104E500063F30F209DF80E3063F3174005B030BDAB
:104E60009DF8043061B32449085C0625FF215D43A9
:104E70006FF05404B5FBF1F56C4304EB430404EB11
:104E80004404E4B204FB02F3C4F1FF04891A624350
:104E90001B121212C3F1FF03C2F1FF02414343434D
:104EA0004243C1F30721C3F30723C2F30722C0B271
:104EB000062D1CD8DFE805F006080F12161B0600A9
:104EC00080B2D2E7034610468DF80C308DF80D0005
:104ED0008DF80E10B5E70B461146F5E71A460B465E
:104EE0000146F0E70346084619461346ECE71A4622
:104EF00003460846F0E700BFA8B50008012184B0CA
:104F000004B0FFF78DBF012830B501D8C0B230BD65
:104F1000B0F5F75F88BFFF224FF001019EBF420945
:104F20000832D2B28B185B1003FB03F5ADB2854299
:104F3000DCB205D9621ED2B29142F3D9481EE5E730
:104F4000FF2B02D0611CC9B2F6E71846DFE700006C
:104F500010F0400116BFC3430346DBB210B503F0A7
:104F60000F0201B101320949C3F301135B00CC18F0
:104F70006478CB5C624303EB2213DBB2020644BFCE
:104F80005B42DBB283F0800010BD00BF89B5000832
:104F90001FB5C0F3074401905008FFF7D9FFA0F1F7
:104FA00080035BB2002BBCBFC0F1800043B2002085
:104FB0005B00DBB204FB03331B128DF80630019B50
:104FC000DAB262F30700C3F3072262F30F20C3F3E0
:104FD000074363F3174004B010BD00001FB5144C25
:104FE000019004EB41014B79E5215943C2EB1123B8
:104FF0001C33002BC0F30720B8BF5B42A0EBC303F8
:105000001BB223EAE37300FB033300201B128DF86D
:105010000530019BDAB262F30700C3F3072262F3A3
:105020000F20C3F3074363F3174004B010BD00BF64
:10503000000C00201FB5144C019004EB41014B798A
:10504000E5215943C2EB11231C33002BC0F3074069
:10505000B8BF5B42A0EBC3031BB223EAE37300FBC0
:10506000033300201B128DF80630019BDAB262F385
:105070000700C3F3072262F30F20C3F3074363F370
:10508000174004B010BD00BF000C002084B0019098
:1050900000208DF80420019BDAB262F30700C3F30D
:1050A000072262F30F20C3F3074363F3174004B0F2
:1050B0007047000084B0019000200A4B03EB4101CF
:1050C0004B799A1A8DF80420019BDAB262F307003B
:1050D000C3F3072262F30F20C3F3074363F31740C0
:1050E00004B07047000C002084B0019000200A4BEF
:1050F00003EB41018B799A1A8DF80420019BDAB2F7
:1051000062F30700C3F3072262F30F20C3F30743E0
:1051100063F3174004B07047000C002030B5124B09
:1051200085B0490001905C18A5790B44A5F12004D5
:1051300064B2002C5B79BCBFC5F1200464B29B1A39
:10514000C0B22344034400208DF80430019BDAB23E
:1051500062F30700C3F3072262F30F20C3F3074390
:1051600063F3174005B030BD000C002084B00190FF
:1051700000209DF8102003EB430302EB53028DF84F
:105180000420019BDAB262F30700C3F3072262F343
:105190000F20C3F3074363F3174004B070471FB5F4
:1051A00092B2019048B2002802FB02F2BCBF484212
:1051B00040B2C0F1380000FB002080B21C46FFF76F
:1051C000A2FE00EB4000044400208DF80440019B47
:1051D000DAB262F30700C3F3072262F30F20C3F3CE
:1051E000074363F3174004B010BD000084B0019082
:1051F000104800EB430398795B792038703B5943A2
:1052000002FB00120020002A9DF80410B8BF7F3274
:1052100001EBE2128DF80420019BDAB262F3070081
:10522000C3F3072262F30F20C3F3074363F317406E
:1052300004B07047000C002084B00190104800EBCF
:10524000430398795B792038703B594302FB001285
:105250000020002A9DF80410B8BF3F3201EBA212D3
:105260008DF80420019BDAB262F30700C3F3072232
:1052700062F30F20C3F3074363F3174004B0704792
:10528000000C00201FB5164C019004EB43039C79E1
:10529000C0B2203C62435C79A4F170035BB2002B86
:1052A000BCBFC4F170035BB2C3F1380301FB03213F
:1052B00011EB410148BF7F3100EBE11100208DF877
:1052C0000410019BDAB262F30700C3F3072262F312
:1052D0000F20C3F3074363F3174004B010BD00BFB2
:1052E000000C00201FB5C4B201905008FFF730FE3B
:1052F0000D22A0F180035BB2002BBCBFC0F1800087
:1053000043B200205B00DBB2534304EB13248DF85F
:105310000440019BDAB262F30700C3F3072262F391
:105320000F20C3F3074363F3174004B010BD000020
:10533000114B84B0019003EB41014979C0B28B1A43
:105340005BB2002BBCBF521A53B21922DBB25343DB
:1053500000EB13208DF804000020019BDAB262F309
:105360000700C3F3072262F30F20C3F3074363F37D
:10537000174004B0704700BF000C0020FF2928BF71
:10538000FF21C94384B00190C9B2C0F3074000FBBC
:105390000111002009128DF80610019BDAB262F3A8
:1053A0000700C3F3072262F30F20C3F3074363F33D
:1053B000174004B07047FF2928BFFF21C94384B0BC
:1053C000C9B2019001EB8111C0B200EB11210020A4
:1053D0008DF80410019BDAB262F30700C3F30722D1
:1053E00062F30F20C3F3074363F3174004B0704721
:1053F00084B0BDF8102003EB830313449BB2FF2B52
:1054000028BFFF23DB430190DBB2C0F30740034416
:10541000FF2B28BFFF2300208DF80630019BDAB256
:1054200062F30700C3F3072262F30F20C3F30743BD
:1054300063F3174004B0704700291FB5B8BF494255
:10544000002AB8BF524209B2090112B2FF294FEA3D
:105450000212A8BFFF21FF2AA8BFFF22BDF81840F3
:1054600009B2234412B29BB29142D4BF5B189B187D
:105470009BB2FF2B28BFFF23DB430190DBB2C0F3BD
:1054800007400344FF2B28BFFF2300208DF8063080
:10549000019BDAB262F30700C3F3072262F30F2025
:1054A000C3F3074363F3174004B010BD1FB5482B87
:1054B0000190C0F3074030D8BDF81840E31A9BB202
:1054C000FF2B28BFFF23083189B2102905D902F12B
:1054D000080189B2112928BFFF23DB43DBB2034453
:1054E000002AB8BF0332FF2B28BFFF2300200C493E
:1054F0008DF80630497801EBA2028DF80420019B5B
:10550000DAB262F30700C3F3072262F30F20C3F39A
:10551000074363F3174004B010BDFF23D3E700BF78
:10552000C81B002084B0BDF810200190D31A9BB294
:10553000FF2B28BFFF23DBB2D943C0F30742C9B218
:105540000A44FF2A28BFFF2218448DF804000020D7
:105550008DF80620019BDAB262F30700C3F307223D
:1055600062F30F20C3F3074363F3174004B070479F
:1055700084B0BDF810200190D31A9BB2FF2B28BF36
:10558000FF23DB43C0F30740DBB20344FF2B28BFFC
:10559000FF2300208DF80630019BDAB262F307008A
:1055A000C3F3072262F30F20C3F3074363F31740EB
:1055B00004B07047024A137818431070704700BF58
:1055C0003E15002028B90029ACBF002380231846CF
:1055D000704780EAE072A2EBE072002912B201EBA0
:1055E0000203ABBF891A5B014901511AABBF91FBA2
:1055F000F3F393FBF1F3C3F12003C3F160035BB258
:10560000DBB20028BCBF5B42DBB2E0E730B5C0F3E1
:10561000072585B0EB1A01901046DCB2FFF7D2FFE8
:10562000C0EB801300EB83002044C0B205FB0000F8
:1056300000128DF805000020019BDAB262F307002A
:10564000C3F3072262F30F20C3F3074363F317404A
:1056500005B030BD30B5C0F3074585B0EB1A0190F9
:105660001046DCB2FFF7AEFFC0EB801300EB830007
:105670002044C0B205FB000000128DF80600002097
:10568000019BDAB262F30700C3F3072262F30F2033
:10569000C3F3074363F3174005B030BD30B585B0A1
:1056A0009DF82040C0F30725019010461C1BFFF712
:1056B00089FF2C44E4B2201AC0B205FB000000129E
:1056C0008DF805000020019BDAB262F30700C3F3F6
:1056D000072262F30F20C3F3074363F3174005B0BB
:1056E00030BD30B585B09DF82040C0F3074501902E
:1056F00010461C1BFFF766FF2C44E4B2201AC0B210
:1057000005FB000000128DF806000020019BDAB2B4
:1057100062F30700C3F3072262F30F20C3F30743CA
:1057200063F3174005B030BD1FB5019010461C460D
:10573000FFF748FF20448DF804000020019BDAB2F7
:1057400062F30700C3F3072262F30F20C3F307439A
:1057500063F3174004B010BD1FB59DF818400190C9
:1057600010461C1BFFF72EFFE4B2201A8DF8040030
:105770000020019BDAB262F30700C3F3072262F351
:105780000F20C3F3074363F3174004B010BD0000BC
:10579000084A138803EB432103EB810303F55853B5
:1057A00019339BB2138003EB1323DBB25843000A77
:1057B000704700BF420C002084B004B0FFF79EBBCE
:1057C00008B50348FEF7E1F90022024B1A7008BD44
:1057D000C81B00203E15002010B5094C312320467F
:1057E000032200F8013B0749FCF7F2FE4FF67F73F6
:1057F0002046A380FEF7C9F90022034B1A7010BDA2
:10580000C81B0020E0B200083E15002000207047B1
:1058100070B504460E461546FFF7F8FF054B04EB3E
:1058200084041C44A35DFF2B1EBF2B540130C0B267
:1058300070BD00BF000C0020014BDB68184700BFA3
:1058400098B5000870470000F7B50D4616461F468C
:10585000FFF7F8FF00280ADB064C3B466468324637
:105860002946A446019403B0BDE8F040604703B068
:10587000F0BD00BF98B5000837B5134B044603448C
:105880005B7E19421DD0114D0322691C6846FCF74E
:105890009FFE03206D78FFF77BFF6FF01F0303FB74
:1058A00000508DF800000098FFF786FFC0F3074313
:1058B000C0F30722C1B2204603B0BDE83040FFF775
:1058C000C3BF03B030BD00BF000C0020C81B0020C8
:1058D00013B5174B044603445B7E194226D0154A84
:1058E0008020138803EB432103EB810303F5585316
:1058F00019339BB2138003EB13238DF80030FFF7AD
:1059000047FF0D4B7F30DB788DF801008DF80230BA
:105910000098FFF751FFC0F30743C0F30722C1B25D
:10592000204602B0BDE81040FFF78EBF02B010BDA8
:10593000000C0020420C0020C81B0020014B9B687B
:10594000184700BF98B500082DE9F74304460E46F6
:105950001546FEF77DF9074600283BD02DB16A4673
:1059600031462046FFF754FF0546284C23782B4448
:10597000082B20DDC5F10806691C32462144601C55
:10598000FCF726FE05F109013246214404F1090025
:10599000FCF71EFE04EB45017200193104F11900F9
:1059A000FCF716FE05F111013246214404F1110005
:1059B000FCF70EFE2670002108468C462278DFF8A0
:1059C00050E0CEB2B318B542DBB206D81544EDB202
:1059D00000B1257003B0BDE8F0831DF80160E01848
:1059E0000EEB460898F805900C3398F8068004EB07
:1059F000430380F8019080F809804674013183F8F0
:105A000001C083F802C03846DBE700BF3F15002025
:105A1000000C00200C4B1B68C3F38123022B0CD01D
:105A2000032B0ED0012B4FF0000203D0114614209F
:105A3000FFF784BF14211046FAE70021142208461C
:105A4000F6E71422F2E700BFD01B002001207047C8
:105A50000120704708B5FFF7F9FFFCF77FFE08BD8E
:105A60004000C2B2931CDBB20A2B4FF0000028BFEB
:105A70000A2362F3070082B063F30F2002B070477D
:105A80002DE9F04F82468BB000780491FFF7E8FFD4
:105A90002D4E2E4A3579C4B26B081588C0F30729FC
:105AA00003FB0555C5F307230393294B03EB440779
:105AB00003F11908E3B2994507D8B9F1090F8CBF72
:105AC000002001200BB0BDE8F08F14F808209AF8F0
:105AD00001301A4235D0BA797979203A92B202FB74
:105AE00002F070391FFA81FB0BFB0B0080B20592AC
:105AF000FFF709FA039B96F801C00093B37896F874
:105B000003E0059A4CEA032C12B203460FFA8BF11C
:105B10004CEA0E40049DA847C0F307238DF82400EB
:105B2000C0F307408DF825308DF826000998FFF75F
:105B300043FEC0F30743C0F30722C1B22046FFF77C
:105B400083FE02370134B5E7C81B0020D01B0020BC
:105B5000000C00200149FFF793BF00BF9D560008CD
:105B60000149FFF78DBF00BFE35600080149FFF769
:105B700087BF00BF6D5100080149FFF781BF00BF1B
:105B8000595700082DE9F04F824685B000788B46C2
:105B9000FFF766FF234E244A3579C4B26B08158897
:105BA000C0F3072903FB0555204BC5F3072503EB7D
:105BB000440703F11908E3B2994507D8B9F1090F71
:105BC0008CBF0020012005B0BDE8F08F14F808203C
:105BD0009AF801301A4222D0B378707896F803C050
:105BE000BA79797940EA0320203A70392B4640EAA5
:105BF0000C40D847C0F307238DF80C00C0F30740D2
:105C00008DF80D308DF80E000398FFF7D5FDC0F329
:105C10000743C0F30722C1B22046FFF715FE023743
:105C20000134C8E7C81B0020D01B0020000C002056
:105C30000149FFF7A7BF00BF0D5600080149FFF754
:105C4000A1BF00BF555600080149FFF79BBF00BF29
:105C50009F5100080149FFF795BF00BF2957000871
:105C60002DE9FF47804600788946FFF7F9FE1F4D72
:105C70001F4A2B7916889B0802335E43DFF874A015
:105C8000C0F30727C6F30726C4B2E1B28F4206D895
:105C9000092F8CBF0020012004B0BDE8F08714F864
:105CA0000A2098F801301A421DD0A8786B78324645
:105CB00043EA0023E87843EA0040C847C0F30723DB
:105CC0008DF80C00C0F307408DF80D308DF80E00F4
:105CD0000398FFF771FDC0F30743C0F30722C1B279
:105CE0002046FFF7B1FD0134CFE700BFC81B0020FD
:105CF000D01B0020190C00200149FFF7B1BF00BFE5
:105D0000914F00080149FFF7ABBF00BFDD4F00080E
:105D10000149FFF7A5BF00BF355000080149FFF753
:105D20009FBF00BF8D5000080149FFF799BF00BF1A
:105D3000B55000080149FFF793BF00BFE9500008C4
:105D40000149FFF78DBF00BF1D5100080149FFF752
:105D500087BF00BFE55200080149FFF781BF00BFC0
:105D6000315300082DE9F04F814689B00078039146
:105D7000FFF776FE294E2A4A3479C5B2A308148863
:105D8000C0F3072703FB0444C4F3072404F14000D5
:105D9000C0B2FFF7DDF880384FFA80FA2046FFF7EF
:105DA000D7F8DFF880B080384FFA80F80296EBB26F
:105DB0009F4206D8092F8CBF0020012009B0BDE802
:105DC000F08F15F80B1099F80120114223D0029A98
:105DD000009450789278514640EA0220029A039E3D
:105DE00092F803C0424640EA0C40B047C0F3072394
:105DF0008DF81C00C0F307408DF81D308DF81E0093
:105E00000798FFF7D9FCC0F30743C0F30722C1B2DC
:105E10002846FFF719FD0135C9E700BFC81B002060
:105E2000D01B0020190C00200149FFF79BBF00BFC9
:105E3000ED5100080149FFF795BF00BF3952000836
:105E40000149FFF78FBF00BF855200082DE9F04FD1
:105E5000344D85B0804600788A46FFF701FE2E79E2
:105E6000DFF8C4B0731CB3F5807F08BFFF234FF683
:105E7000FF76B6FBF3F6DFF8B490C0F30727C4B2A1
:105E8000E0B2874206D8092F8CBF0020012005B060
:105E9000BDE8F08F14F80B2098F801301A422FD08B
:105EA00099F80030DFF888C0013B5BB21A0629D5AB
:105EB00031462B79A8780133B3F5807F08BFFF23E3
:105EC00003FB01116B78C1F30F2143EA0023E8784B
:105ED00043EA0040D047C0F307238DF80C00C0F31D
:105EE00007408DF80D308DF80E000398FFF764FC25
:105EF000C0F30743C0F30722C1B22046FFF7A4FC5A
:105F00000134BDE713F80C20824209D103F10C02E1
:105F100009EB42025178927841EA0221B142C8D39A
:105F2000013BC3E7C81B0020190C0020D41B002034
:105F3000E51B00200149FFF789BF00BF7D53000822
:105F40000149FFF783BF00BFB75300082DE9F04FA9
:105F500082468FB008788B460592FFF781FD444D4D
:105F6000C4B22B78C0F307290493424B039503EB8B
:105F7000440719330693E3B2994507D8B9F1090FDD
:105F80008CBF002001200FB0BDE8F08F069BE25CC3
:105F90009BF801301A4221D0032237490CA8FCF7A4
:105FA00017FB039B0AF101061E44D0460023049907
:105FB0005FFA88F2914214D8304AD07800FB03335C
:105FC0001B128DF832300C98FFF7F6FBC0F3074335
:105FD000C0F30722C1B22046FFF736FC0134023776
:105FE000C9E716F8012B787997F806C0801AF2797C
:105FF00080B2ACEB020C1FFA8CFC0FFA8CF20CFB9B
:106000000CFC01B200FB00C080B20993089107921A
:10601000FEF779FF039B08F10C0E03EB4E0E9EF882
:1060200001C0164B9EF802E0079A4CEA0E2C93F83A
:1060300004E0099B0EF1010EBEF5807F08BF4FF012
:10604000FF0E0EFB0CCC8DF83230CCF30F230093F7
:1060500008990346059D0C98A847C0F307238DF8BF
:1060600031308DF8300008F10108C0F307439EE796
:10607000D41B0020000C0020C91B0020C81B0020DE
:10608000054B01461B78054A013BB3F1FF3F08BFB2
:106090000023D8B2FFF75ABFD41B0020F1530008E9
:1060A000054B01461B78054A013BB3F1FF3F08BF92
:1060B0000023D8B2FFF74ABFD41B00203954000890
:1060C000054B01461B78054A013BB3F1FF3F08BF72
:1060D0000023D8B2FFF73ABFD41B0020AD5400080C
:1060E000054B01461B78054A013BB3F1FF3F08BF52
:1060F0000023D8B2FFF72ABFD41B00202555000883
:10610000054B01461B78054A013BB3F1FF3F08BF31
:106110000023D8B2FFF71ABFD41B00207155000826
:10612000F7B506460078FFF79BFC184AC4B25378CF
:10613000C0F307259078164F43EA0023D07843EA4E
:106140000040FFF739FBC0F307238DF80400C0F3CC
:1061500007408DF805308DF80600E3B29D4205D862
:10616000092D8CBF0020012003B0F0BDE25D7378E3
:106170001A4208D09DF806309DF805209DF80410BD
:106180002046FFF761FB0134E7E700BFC81B002092
:10619000190C00202DE9FF4780460078FFF760FCCE
:1061A0001A4FC4B2C0F307250322791C02A8FCF7DA
:1061B0000FFA3E79DFF858900136B608A9F1130AB4
:1061C000E3B29D4206D8092D8CBF0020012004B007
:1061D000BDE8F08714F8092098F801301A4212D06F
:1061E0001AF814307A781B0903FB06238DF808305F
:1061F0000298FFF7E1FAC0F30743C0F30722C1B2E8
:106200002046FFF721FB0134DAE700BFC81B00205E
:10621000190C00202DE9FF4780460078FFF720FC8D
:106220001A4FC4B2C0F307250322791C02A8FCF759
:10623000CFF93E79DFF858900136B608A9F1140A73
:10624000E3B29D4206D8092D8CBF0020012004B086
:10625000BDE8F08714F8092098F801301A4213D0ED
:106260001AF8143006FB03F27B7803EB52138DF817
:1062700008300298FFF7A0FAC0F30743C0F30722E3
:10628000C1B22046FFF7E0FA0134D9E7C81B00206D
:10629000190C0020F7B503780646BBB91D4B0A2040
:1062A0001B791033FF2B28BFFF231A461A4B1B887C
:1062B00002FB0333C3F30F23B3FBF0F200FB1233F3
:1062C0009BB21BB9FFF764FA144B18803078FFF7C4
:1062D000C7FBB378C4B2C0F3072593B90F4F388812
:1062E000844210D8A8420ED27178C0B2FFF7C4FA27
:1062F0000B233B8007E020467178FFF7BDFA01349D
:10630000E4B2AC42F7D3092D8CBF0020012003B0CA
:10631000F0BD00BFC81B0020D01B0020380C00209F
:10632000F7B503780646CBB91E4B1B791033FF2B0C
:1063300028BFFF231A461C4B1B8802FB0333052290
:10634000C3F30F23B3FBF2F202EB82029B1A9BB260
:1063500023B90A20FFF71CFA144B18803078FFF796
:106360007FFBB378C4B2C0F3072593B90F4F3888C9
:10637000844210D8A8420ED27178C0B2FFF7A8FAB2
:106380000B233B8007E020467178FFF7A1FA013428
:10639000E4B2AC42F7D3092D8CBF0020012003B03A
:1063A000F0BD00BFC81B0020D01B00203A0C00200D
:1063B00038B57A4B04461B78794A834224D179490F
:1063C0001378097803F003035B1A18BF0123764D95
:1063D000AB7053796A789A4205D000221146104674
:1063E0006B70FFF7ABFA102C00F0A08035D8072CAB
:1063F0007CD012D8032C6DD008D8012C66D05CD983
:106400006948FFF7C7FE1AE00123E0E7052C69D0D1
:1064100064D96548FFF77CFC11E00B2C72D006D8DC
:10642000092C6BD066D96048FFF79AFB07E00D2C6A
:1064300070D06BD30E2C71D00F2C73D000202B7822
:1064400001332B70002837D10222584B1A70AA78DA
:10645000002A31D184BB03222DE0192C00F0828068
:1064600014D8142C6ED006D8122C67D062D94E489E
:10647000FFF7DAFCE3E7162C6CD067D3172C6DD04E
:10648000182CDBD14848FFF761FCD8E71D2C75D0EC
:1064900006D81B2C6ED069D94348FFF7F1FDCEE733
:1064A0001F2C73D06ED3202C74D0FF2CC6D1FFF7D5
:1064B000B1FA02223D4B1A7038BDA8780028BED030
:1064C000002211461046FFF739FAB7E73648FFF7C2
:1064D00027FEB4E73448FFF79DFEB0E73248FFF7E8
:1064E0000BFCACE73048FFF70DFCA8E72E48FFF7A0
:1064F0009FFBA4E72C48FFF7A1FBA0E72A48FFF782
:1065000029FB9CE72848FFF709FC98E72648FFF796
:106510000BFC94E72448FFF70DFC90E72248FFF7B7
:106520000FFC8CE72048FFF721FB88E71E48FFF7A8
:106530008BFB84E71C48FFF78DFB80E71A48FFF7C9
:106540001BFB7CE71848FFF775FC78E71648FFF758
:1065500077FC74E71448FFF79DFE70E71248FFF7D9
:10656000DFFE6CE71048FFF7F7FB68E70E48FFF720
:10657000E1FC64E70C48FFF7E3FC60E70A48FFF73B
:106580008FFD5CE70848FFF79BFD58E70648FFF7DB
:10659000A7FD54E70448FFF7B3FD50E73F0C002088
:1065A000C81B0020400C00203C0C0020410C0020A7
:1065B000012070470120704708B5FFF7FBFF08BDB9
:1065C00037B500780138C0B2FFF74AFAC0F30724A4
:1065D000C5B221462846FFF7EBFF21462846FFF7C4
:1065E000EBFF03B030BD00002DE9F0413D4C00262B
:1065F000206801F0F0FF054602F044F83A492060B7
:1066000091F800C037466446C5F57F4E0EF1FF0E87
:10661000F3B29C450BD807B10C70344C344F25783D
:106620003E78032D30D8DFE805F01931404C06F1F3
:106630000C0201EB4202537892F80280013643EAE1
:1066400008239E4525BF5B199BB204F1FF345370AC
:106650002DBF1B0AE4B201279370D9E70022254B16
:1066600021491A70244B292218602448FBF7B0FFF7
:10667000234B1B782BB9234B1B7813F0030518BF52
:106680009D0801233D702370BDE8F0813046FFF77F
:106690008FFE002EF8D02378022B01D1FFF7DAF914
:1066A000BDE8F0411348FFF78BBF174B174A1E7028
:1066B000144B1B78C3F301031370FFF7BDF80323DA
:1066C000E1E7134D2B7823B10E48FDF75EFA002366
:1066D0002B70094B186801F07EFF0F28D4D90023D6
:1066E000D1E700BF6C1500203F150020410C0020B1
:1066F000681500203C0C0020D01B0020D41B00207B
:1067000070150020C81B00203F0C0020400C00200A
:106710003E150020264B70B51B68984700244FF0AB
:10672000FF33244A244D53769376D37613775377E9
:106730009377D37782F8203082F8213082F82230A4
:1067400082F8233082F8243082F8253082F826300F
:10675000147082F8273082F82830184A184E537681
:106760009376D376137753779377D37782F8203065
:1067700082F8213082F8223082F8233082F82430E7
:1067800082F8253082F82630147082F8273082F89B
:106790002830012328463370FDF7F5F92B78347043
:1067A00013F0FC0F03D1BDE87040FFF715B870BDC2
:1067B00098B50008D41B0020C81B00203F150020FE
:1067C0003E15002070B506460A4D88B12C787CB97C
:1067D0002046FFF7EDFD084B084A1C70084B1B785C
:1067E000C3F301031370FFF727F80322054B1A7058
:1067F0002E7070BD701500203F0C0020400C002052
:10680000C81B0020410C0020044A137883F00103C8
:1068100013700022024B1A70FEF7CCBEC81B00207A
:10682000410C00200020FFF7EFBF0120FFF7ECBF75
:10683000064B1A7812F0030204BF05490A700121C1
:106840001A7861F301021A70704700BFC81B00205C
:10685000410C002008B5FFF7EBFFBDE80840012020
:10686000FEF7A8BE054B1A7892071EBF0021044A06
:1068700011701A786FF301021A707047C81B00205C
:10688000410C002008B5FFF7EDFFBDE808400120EE
:10689000FEF790BE024B187800F00300704700BF6F
:1068A000C81B00200A4A137813F0030F0ED048B912
:1068B000012060F3870313700022064B08461A700C
:1068C000FEF778BE202888BF2020F2E7704700BF7F
:1068D000C81B0020410C00200021FFF7E3BF00008F
:1068E000014B187880087047C81B0020054B0146F3
:1068F0001B789B080133212B34BF18460120FFF77A
:10690000D1BF00BFC81B00200120FFF7EFBF000070
:10691000064B01461B78C3F38503013B13F0FF03CD
:1069200014BF18462020FFF7BDBF00BFC81B0020C2
:106930000120FFF7EDBF000030B4084C2578AD070B
:1069400009D0C82A28BFC8226070A170E27018461A
:1069500030BCFEF72FBE30BC704700BFC81B002004
:106960000023FFF7E9BF0000014B5878704700BFD4
:10697000C81B0020014B9878704700BFC81B00203F
:10698000014BD878704700BFC81B0020054910B4E0
:106990004C780346CA7804F10800897810BCFFF7E8
:1069A000CBBF00BFC81B00200120FFF7EFBF0000D6
:1069B000054910B44C780346083CCA78A0B28978DF
:1069C00010BCFFF7B9BF00BFC81B00200120FFF7B4
:1069D000EFBF000010B4064C0346A178E2781031F6
:1069E000FF2928BFFF216078C9B210BCFFF7A4BF00
:1069F000C81B00200120FFF7EDBF000010B4064CBB
:106A00000346A178E278103921EAE1716078C9B2D1
:106A100010BCFFF791BF00BFC81B00200120FFF78B
:106A2000EDBF000010B4064C0346E278A1781032A6
:106A3000FF2A28BFFF226078D2B210BCFFF77CBFCC
:106A4000C81B00200120FFF7EDBF000010B4064C6A
:106A50000346E278A178103A22EAE2726078D2B274
:106A600010BCFFF769BF00BFC81B00200120FFF763
:106A7000EDBF0000024B18710020FEF79BBD00BF68
:106A8000C81B0020014B1879704700BFC81B0020AD
:106A9000044A13791033FF2B28BFFF231371FEF72D
:106AA00089BD00BFC81B00200120FFF7F1BF000017
:106AB000034A1379103B23EAE3731371FEF77ABD9F
:106AC000C81B00200120FFF7F3BF00000A4A5379DA
:106AD000FF2B0AD0052B0AD0022B0AD10133DBB2DF
:106AE0000649CB5C5371FEF765BD0023F6E7012331
:106AF000F4E70023F4E700BFC81B002091B50008AD
:106B00000120FFF7E3BF00000B4A5379FF2B0ED0A3
:106B1000052B0AD0022B01D05BB90323013BDBB26A
:106B20000649CB5C5371FEF745BD0123F6E703230D
:106B3000F6E70023F4E700BFC81B002091B500086A
:106B40000120FFF7E1BF01F0EFBBF0B5014488423F
:106B500002D310461946F0BD002710F8014B4FEA4A
:106B6000031C624094184FEA021E43EB03054CEAF3
:106B7000127C14EB0E0445EB0C054FEA421EA418E0
:106B80004FEA431C43EB05054CEAD26C14EB0E04B0
:106B900045EB0C054FEAC21E4FEAC31C4CEA526C8F
:106BA00014EB0E044FEA022645EB0C054FEA032CCA
:106BB0004CEA126CA41945EB0C033A19B64646EBA5
:106BC0000303C4E7FDF744B808B5082200210348D1
:106BD000FBF774FDBDE8084000F01CB971150020FA
:106BE0008378C078013303F003031B1A58425841DD
:106BF000704738B50446FFF7F3FF80B9A378E5186E
:106C00002879013361F3060062F3C710287101206F
:106C100003F00303A37023780133237038BD0020F1
:106C2000FCE710B5C37884789C4211D003441B79EB
:106C3000C3F3C014C3F306030B701470C37801339D
:106C400003F00303C370437801334370012010BD88
:106C50000020FCE70A4601460148FFF7CABF00BF13
:106C6000711500200A4601460148FFF7DABF00BF50
:106C70007115002070B5314B86B01A7832B1002200
:106C80001A702F4B9A78DA701A785A7000F000F95F
:106C9000FFF798FF0446C8B30024FC262DE09DF8BA
:106CA00007309DF80640A3B301F022FDFD238DF8C7
:106CB00011304FF481738DF81040ADF81200ADF82B
:106CC000143006AB13E90300FBF7E2FE9DF8073032
:106CD0009DF8064043B301F00BFDFD238DF809300C
:106CE00002238DF80840ADF80A00ADF80C3002AB75
:106CF00093E80300FBF7CCFE2C460DF107010DF1E4
:106D00000600FFF7AFFF05460028C8D1204606B0B1
:106D100070BD01F0EDFC8DF810408DF81160ADF8FC
:106D2000120040F20313CAE701F0E2FC8DF80840BC
:106D30008DF80960ADF80A000323D6E77915002025
:106D4000711500204FF4E15002F0FCBB69B1084B13
:106D500053F82000431C0AD0012100F00F03032246
:106D6000994020F00F0003F07BBE024BF0E7704724
:106D7000C4B60008BCB6000879B1094B53F82030FE
:106D80005A1C1FBF23F00F02906803F00F03D84076
:106D900014BF00F0010000207047024BEEE700BF77
:106DA000C4B60008BCB60008704700002DE9F041E9
:106DB000164E002537463378ECB2A3420CD8FFF7C5
:106DC000C1FF0025DFF848803B78ECB2A3420DD824
:106DD000FFF7EAFFBDE8F08100212046FFF7B6FF8C
:106DE00001212046FFF7B2FF0135E4E700212046EC
:106DF000FFF7C2FF012106462046FFF7BDFF46EA26
:106E0000400008F804000135DEE700BF7E150020D1
:106E10007C1500200222024B1A70FFF7C7BF00BF8B
:106E20007E15002070B5164B41EA4202195CD2B2C1
:106E300001F00305AA42044621D042EA8102D2B2FF
:106E40001A54104B104D1E5C104B02F00F029B5C4D
:106E50002A5C13445BB2B3422B5402DB0021FFF7E0
:106E6000F9FE2A5773429A4203DC01212046FFF7BC
:106E7000F1FE2A5792FBF6F306FB13262E5570BD42
:106E80007C150020B8B600087A150020A8B60008C6
:106E9000F8B500250A4E3378ECB2A34200D8F8BD0D
:106EA00000212046FFF768FF012107462046FFF733
:106EB00063FF394602462046FFF7B4FF0135EAE793
:106EC0007E15002038B51C4D00232A460C210133C5
:106ED000F02B02F8011BFAD100231946174A01339F
:106EE000E02B02F8011BFAD110224FF48061144804
:106EF00003F0B6FD0023134C1A460A21042003F0C8
:106F00000BFD114BE2695B6C3C329A6043F2B012AC
:106F1000DD601A604FF4E8725A601A680B4942F05B
:106F200001021A60204602F06EFF2046BDE838409C
:106F30000022022102F079BF7F1500206F16002089
:106F400000080140C01C002038BA0008CCB6000878
:106F500030B51824104D04FB00500024073041FACE
:106F600004F515F0010F14BF20250C25057242FA17
:106F700004F515F0010F14BF20250C2500F8015968
:106F800043FA04F515F0010F14BF20250C25013438
:106F9000082C4574E3D130BD7F15002030B5044D79
:106FA00000EB40002C186170A3702A5430BD00BF64
:106FB000FD1B002010B50024044B01340A2C58702E
:106FC00019709A7003F10303F7D110BDFD1B002067
:106FD00038B50025064CA37822786178A8B201352F
:106FE000FFF7B6FF0A2D04F10304F4D138BD00BF4A
:106FF000FD1B0020FCF7B2BD08B50020FDF786F9A7
:1070000000F0010008BD08B5FDF720FA40F6B830E1
:1070100002F01DFCFDF71AFAFFF7EEFF28B1FFF7AB
:10702000E9FFBDE8084001F07BBB08BD08B5FFF7EC
:10703000EAFF08BD13B504460DF1070201210068FF
:1070400000F03AF923689DF807000133236002B08D
:1070500010BD0420704700F091B800F0AAB800F00D
:10706000C0B800F0E0B8F8B500F086F800250026BA
:10707000ECB2F7B23A4600212046FBF7A7FB0136F7
:1070800003463A460021204600F093F8052EF0D141
:107090000027FEB2012231462046FBF7A7FB012262
:1070A00003463146204600F0BEF800223146204615
:1070B000FBF79CFB002203463146204600F0B3F864
:1070C0001FB10135042DD2D1F8BD0127E1E700F051
:1070D000CAB800F0DEB8032810B405D821B9042AD4
:1070E00002D810BC00F04AB8002010BC704703283A
:1070F00003D8012901D800F074B80020704710208F
:10710000704708B500F0D5F880B208BD00F0D4B8DB
:1071100000F0F1B808B500F030F8BDE8084000F024
:1071200004B900000F2873B5054613D800F0C1F864
:1071300001AA0121013800F0BFF89DF804404CB9C4
:1071400000F0B7F806463DB92A4601A9094801945E
:1071500000F046FD02B070BDB442FBD001AA01218F
:10716000204600F0A9F89DF804300BB9013DEDB2BE
:107170000134E8E73570000870477047032838B5D8
:1071800013D891B9042A12D80A25520005FB00250C
:1071900005F12900FDF7BCF9000284B205F12A00CF
:1071A000FDF7B6F9204380B238BD0020FCE7084661
:1071B000FAE7032838B51D4612D889B9042A0FD832
:1071C0000A24520004FB0024190A04F12900FDF7E7
:1071D00007FAE9B204F12A00BDE83840FDF700BA29
:1071E00038BD032870B516461BD8012919D8002AC6
:1071F0004FEA810101EBC00114BF0020022001F120
:1072000051052844FDF784F9002E4FEA002084B28E
:1072100014BF012003202844FDF77AF9204380B2EF
:1072200070BD0020FCE7032870B516461D4619D82E
:10723000012917D8002A4FEA810101EBC00114BFD0
:107240000020022001F151042044190AFDF7C8F979
:10725000002E14BF01200320E9B22044BDE8704095
:10726000FDF7BEB970BDF8B51446002700F1290539
:107270005618B44200D1F8BDA5F12903272B06D832
:107280002846FDF745F9207001350134F1E72770F4
:10729000FAE770B504464518161AAC4204F1290005
:1072A00000D170BD272C02D8315DFDF799F901346A
:1072B000F3E740F28F3070472DE9F04700F1710697
:1072C000074688461546344640F28E394FF0000A8C
:1072D000A31B9BB2434501D3BDE8F0873B444B451C
:1072E00006D82046FDF714F9287001340135EFE780
:1072F00085F800A0F9E72DE9F04105460E46044661
:1073000040F28E37A2EB0008631B9BB2B34204F13C
:10731000710001D3BDE8F0812B44BB4203D818F8BB
:107320000410FDF75DF90134EEE7F0B585B01022E9
:1073300000216846FBF7C2F93A2440F28F367125E6
:10734000013C01D105B0F0BD102E374628BF1027F3
:1073500029463A466846FDF729F93D44F61BEFE712
:1073600047F61643984210B50C461BD1FCF7B8FA05
:1073700062790D4B72B100F0AA00002815BF0122FE
:107380000022352029201A7001F022F8FCF74AFB70
:10739000002010BD1B78002B14BF3520292001F0E0
:1073A0001FF8F3E70120F4E75017002010B504465A
:1073B0004879002800F01081A4F5E044A3B2222B04
:1073C00034D88648013CFCF7DAFB212C23D8DFE8CF
:1073D00014F07100F1007D003400390082003E009D
:1073E000870096004D00E80052009B005700A00067
:1073F000CE005C00A500D7006300AC00B6004300DF
:107400008C00480091006A00B100C300E200E60071
:107410002E007700FA00714A137843F001031370CD
:107420006E48FCF7AEFBFBF73FFE002010BD6B4A39
:10743000537843F008035370F2E7684A137843F037
:107440000203ECE7654A137843F00403E7E7634A75
:10745000137843F00803E2E7604A537843F00103EE
:10746000E9E75E4A537843F00203E4E75B4A1378A6
:1074700043F01003D3E7594A137843F02003CEE7D3
:10748000564A137843F04003C9E7FBF70DFE534A11
:10749000137843F08003C2E7504A137823F00C03BB
:1074A00043F00C03BBE74D4A537823F0030343F04A
:1074B0000303C0E7494B1A786FF300021A70AFE775
:1074C000464B5A786FF3C3025A70A9E7434B1A78B8
:1074D0006FF34102F2E7414B1A786FF38202EDE756
:1074E0003E4B1A786FF3C302E8E73C4B5A786FF3D0
:1074F0000002E9E7394B5A786FF34102E4E7374B72
:107500001A786FF30412D9E7344B1A786FF34512E7
:10751000D4E7324B1A786FF38612CFE7FBF7C4FD3E
:107520002E4B1A786FF3C712C8E72C4A137823F052
:107530000C0374E7294A537823F003037BE72749B8
:107540000B78C3F3800282F00102D2B262F38203AD
:1075500062F3C3030B7063E720494B78DA4302F010
:10756000010262F3000362F341034B7058E71B49C9
:107570000B78C3F3801282F0010262F38613E9E70D
:10758000FBF792FD15490B78C3F3C01282F001029C
:1075900062F3C713DEE70120FCF7F9FA40E70020A9
:1075A000FAE70E490B78C3F3001282F0010262F38E
:1075B0000413CFE709490B78C3F3000282F00102FC
:1075C00062F30003C6E705494B78C3F3C00282F0BB
:1075D000010262F3C303C8E7012027E7BE1B0020B6
:1075E00000EB4003C3EB031300EB830003B2002B5B
:1075F00007DAB3F1800001D503F17F0040F30720E3
:10760000704703F18000F9E7164B1B78D90707D5BF
:10761000154B187840007F281FD800B3C0B27047C0
:107620009A0703D5104B18788000F4E75B0703D561
:107630000D4B1878C000EEE70C4B1B785BB10C4A81
:107640000949127808789342F4D25843C000B0FB3D
:10765000F2F080B2DFE70820E0E77F2070470120EA
:10766000704700BF5D170020460C00205E17002009
:10767000470C0020144B1B78D90705D5134B1878FD
:107680008008F8B1C0B270479A0703D50F4B18783D
:107690004008F6E75B0705D50C4B18787F28F0D932
:1076A0007F2070470A4B1B7853B10A4A074912786A
:1076B0000878934236BF584380B2B0FBF2F0EDE752
:1076C0000120DFE7012070475D170020490C0020F2
:1076D0005F1700204A0C0020CD2808B505D1FFF720
:1076E00093FF4042294BD87008BDCE2802D1FFF746
:1076F0008BFFF7E7CF2805D1FFF786FF4042234BEA
:107700009870F1E7D02802D1FFF77EFFF7E7D9287C
:1077100004D1FFF7AFFF1D4B1871E5E7DA2803D15D
:10772000FFF7A8FF4042F6E7DB2805D1FFF7A2FFED
:107730004042164B5871D7E7DC2802D1FFF79AFF79
:10774000F7E700F12F03DBB2072B08D801230F4A1C
:10775000D13803FA00F0537818435070C4E7DD289D
:1077600005D10B4A137843F001031370BCE7DE2800
:1077700004D1074A137843F00203F6E7DF28B3D1B8
:10778000034A137843F00403EFE700BF57170020C4
:107790005D170020364BCD2893F902200AD193F9CA
:1077A000031000290CDA0021D97052B90021314AA6
:1077B000117006E0CE280DD193F903100029F2DCF8
:1077C00072B11A795B7913435BB2002B4FD12A4A0D
:1077D00013707047CF2806D1002AF1DA00229A7080
:1077E00093F90320E1E7D02802D1002AF6DCE7E78D
:1077F000D92893F9041004D10029E1DD0021197181
:10780000DEE7DA2802D10029DADAF7E7DB2893F994
:10781000051004D10029D3DA00215971D0E7DC2802
:1078200002D10029F8DCCBE700F12F01C9B207290A
:1078300007D80121D1388140587820EA01005870DA
:10784000BEE7DD2805D10D48017821F00101017066
:10785000B6E7DE2804D10948017821F00201F6E7F5
:10786000DF28ADD10548017821F00401EFE770472A
:10787000571700205E1700205F1700205D170020BB
:1078800008B500F035FF094BDA7899780A431CBF38
:10789000074A10801A795B7913431CBF054B188087
:1078A0000248BDE8084000F0F9BC00BF57170020AF
:1078B000521700205417002008B506220021054861
:1078C000FAF7FCFE0023044A1370044A1370044ABA
:1078D000137008BD571700205E1700205F170020A7
:1078E0005D17002090F902305BB990F9033043B97D
:1078F00090F904302BB990F90500003018BF012031
:10790000704701207047000037B5594C06222146C8
:107910006846FAF75DFE00239DF80220A370E3702D
:10792000237163719DF8033013430AD0514B1888BB
:1079300000F04AFE504A13783BB350490978884218
:107940002CDC9DF804209DF8053013430BD04C4BE4
:10795000188800F039FE4B4A1378002B4ED04A4964
:107960000978884253DC6946414800F04BFD18B95C
:107970003F48FFF7B7FF08B1FFF782FF06226946CD
:107980003B48FAF725FE03B030BD40490D780A2187
:1079900069438842D5DD0133137001E0FF2BFAD132
:1079A0009DF902503DB1FFF72FFE002DCCBF012302
:1079B000FF235843A0709DF903503DB1FFF724FE0B
:1079C000002DCCBF0123FF235843E07094F902003F
:1079D0000028B6D094F90320002AB2D0FFF700FEA9
:1079E00030B1A0701046FFF7FBFD20B1E070A8E7B2
:1079F0000123A370F6E70123E370A2E724490D7881
:107A00000A2169438842AEDD0133137001E0FF2B88
:107A1000FAD19DF904503DB1FFF72CFE002DCCBFEB
:107A20000123FF23584320719DF905503DB1FFF715
:107A300021FE002DCCBF0123FF235843607194F930
:107A4000040000288FD094F90520002A8BD0FFF77E
:107A5000C7FD30B120711046FFF7C2FD20B1607143
:107A600081E701232371F6E7012363717BE700BF00
:107A700057170020521700205E170020450C0020E9
:107A8000541700205F170020480C0020440C0020F1
:107A9000561700204D4B2DE9F0410C464C49C208C9
:107AA0001F5C4C4B8E5C4C499B5C00F0070011F84E
:107AB00002800341064113F0010548FA00F006F088
:107AC000010600F0010812D0E120FBF715F8002CA8
:107AD0006ED040F2E7300021DFF800C14FF47A7237
:107AE0000023ECFB0401FAF7C1FB01F0B0FE96B1F4
:107AF000E620FBF701F8002C5CD040F2E7300021D3
:107B0000DFF8D8C04FF47A720023ECFB0401FAF7D7
:107B1000ADFB01F09CFE21463846FBF771F8002CC6
:107B20004AD040F2E73000212C4F4FF47A72002304
:107B3000E7FB0401FAF79AFB01F089FE86B1E62023
:107B4000FBF724F8D4B340F2E7300021234E4FF482
:107B50007A720023E6FB0401FAF788FB01F077FE56
:107B600085B1E120FBF712F854B340F2E730002171
:107B70001A4D4FF47A720023E5FB0401FAF776FB05
:107B800001F065FEB8F1000F1ED02C20FBF754F871
:107B9000C4B140F2E7300021104D4FF47A72002357
:107BA000E5FB0401FAF762FBBDE8F04101F04FBECE
:107BB00001209AE70120ACE70120BDE70120CDE7D5
:107BC0000120DDE70120EFE7BDE8F08124B70008E0
:107BD00004B70008A4B7000814B70008A086010085
:107BE0002DE9F74F40F2E7384FF0000917460446F9
:107BF0000D46404649462F4E4FF47A720023E6FB6D
:107C00000701FAF733FB8246CDE900892846A047F1
:107C100090B101284AD12846A047012880460ED1BC
:107C20002846A047FBF708F8002F3DD0504601F04A
:107C30000EFEB8F1000FE9D103B0BDE8F08F0228C5
:107C400004D12846A047FAF757FFEDE7032804D1EF
:107C50002846A047FAF79AFFE6E70428E4D1284629
:107C6000A0474FF0000980464FF00A0B124B18F85E
:107C700003305B070ED4B9F1000F13D0DDE900012A
:107C80004FF47A720023C6FB0901FAF7EFFA01F00C
:107C9000DEFDC9E72846A047A8F130080BFB09899B
:107CA0008046E3E70120F2E70120C0E73946FFF70D
:107CB000F1FEABE7A0860100E5B20008F8B5144676
:107CC00042791D469DF81870284B92B11C7000F047
:107CD0000FFD274B188004F12003DBB2072B44D89B
:107CE000012004F00704A040C0B2BDE8F840FAF754
:107CF000ABBF1E78A6422ED11D4B188800F064FC45
:107D0000C72828D8AE4205F1200415D006F120037B
:107D1000DBB2072B06D8012006F00706B040C0B240
:107D2000FAF79BFFE3B2072B06D8012005F0070303
:107D30009840C0B2FAF788FF3846E4B2FAF77CFF01
:107D4000072C12D8012005F00705A840C0B2BDE8F5
:107D5000F840FAF782BF04F12003DBB2072B04D806
:107D6000012004F00704A040F0E7F8BD60170020F0
:107D70006217002013B5A0F5F84018380C46062805
:107D80003BD8DFE800F0171E0410252C3300262313
:107D90000093E12347F61A411A462046FFF78EFF6B
:107DA000002002B010BD27230093E52347F61B41B6
:107DB0001A46F2E72623E022009347F61841E12312
:107DC000EBE72723E422009347F61941E523E4E794
:107DD0002623E222009347F61C41E123DDE7272317
:107DE000E622009347F61D41E523D6E72823E52246
:107DF000009347F61E410123CFE7487918B10022CE
:107E0000024B1A70CDE70120CBE700BF60170020BE
:107E100047F67743984270B506D047F678439842C4
:107E200029D00124204670BD4C7994B100F02CF883
:107E3000FBF7C8F900F028F8044600F02BF80546D7
:107E400000F02EF8294602462046FBF7C3FA00242C
:107E5000E8E700F019F8FBF7C1F900F015F805465E
:107E600000F018F8064600F01BF831460246284696
:107E7000FBF7B0FAD6E74C7914B100F00BF8D7E76E
:107E800000F008F8E7E70000014B1878704700BFE2
:107E90004C0C0020014B1878704700BF4D0C00209F
:107EA000014B1878704700BF4B0C002007B50DF14F
:107EB00007020DF106010DF1050000F0A5F99DF88E
:107EC0000530262B0CD19DF80630062B08D19DF8E5
:107ED0000700A0F108035842584103B05DF804FBC5
:107EE0000020FAE720B108220621262000F0A0B9E0
:107EF000FF2211461046F9E77047704710B5044657
:107F0000FFF7FBFF2046BDE8104000F0A7B908B519
:107F100000F079F90020FFF7E5FF0020FFF7EEFF02
:107F2000FFF7A1F8FFF7F6F8BDE8084008220621A0
:107F3000262000F07DB908B5FFF7DEFF00F089F9D3
:107F4000FFF7DBFFFFF7B2FF18B9BDE80840FFF706
:107F5000DEBF08BDFEF766BC08B54B794BB1A0F596
:107F6000EE427F2A03D8C0B2FFF7DCF800231846A0
:107F700008BD0123FBE7FF23037070470020704713
:107F800010B503780446013B032B0BD8DFE803F060
:107F9000020B1215FEF7F4FCC823C0EB0020B0FB67
:107FA000F3F0607010BDFEF775FC0028F9D0FEF705
:107FB00097FCF6E7FEF766FDF3E7FEF7D5FC607089
:107FC000FEF7D8FCA070EDE738B503780446013B16
:107FD000032B2CD8DFE803F002111E23FEF7C4FCAC
:107FE0000546FEF7C7FCC922637801465A43A8B28A
:107FF000120ABDE83840FEF7B3BC43781BB9BDE8B0
:108000003840FEF72FBCFEF713FC6078BDE838401F
:10801000FEF762BC4078BDE83840FEF72BBD4578DE
:108020008478FEF7ADFC214602462846E1E738BDDC
:10803000024610F8023B082B05D0092B05D0072B70
:1080400005D1FFF7C1BFFFF79BBFFDF7B9BBFF230A
:108050001370704708B54378032B03D1BDE808407F
:10806000FFF7E6BFFFF787FF08BD38B504460D46AA
:10807000FFF784FF002840F0C5802378013B142BD4
:1080800049D8DFE803F00B15435D636D70707048ED
:108090004875797F88919497A0A9B20000236370F6
:1080A0000D23A37029462046BDE83840FEF74BBD9E
:1080B0006378013B052B2ED8DFE803F0030D101C7D
:1080C0002D2200F0DFFA030EA370030CE370030A05
:1080D00023716071E6E700F0BCF8F4E72246002364
:1080E00012F8021FC818DDD101331C2B02F8010F52
:1080F000F8D1D7E70023A370E37023716371D1E750
:108100000023A370E37023710823F7E76378022B41
:1081100004D0052B10D0FF232370C3E7E378A078A9
:1081200040EA0320237940EA0340637940EA036090
:1081300000BAFFF7E3FEB5E7A078FFF70BFFB1E762
:10814000E278A1786078FEF786FFC0E7227963794C
:10815000A17843EA02236078E278FEF77EFFA1E788
:10816000FEF781FF9EE729462046FFF773FF99E758
:10817000FEF7C5FF607095E7FEF7C3FF030A637063
:10818000A0708FE76078A378221DE17843EA002091
:10819000FEF7BCFF86E76078A378221DE17843EA0A
:1081A0000020FEF7B5FF7DE7FEF7B4FF7AE7FEF7A4
:1081B00050FFDFE76078A378221DE17843EA0020D2
:1081C000FEF785FF6EE76078A378221DE17843EA29
:1081D0000020FEF77EFF65E7E278A178003218BF45
:1081E00001226078FEF73BFF71E7E278217963793D
:1081F000003243EA012318BF0122A1786078FEF71C
:1082000030FF4FE738BD704770B50D46144606463F
:1082100018B12520FCF77CF930701DB12620FCF741
:1082200077F928701CB12720FCF772F9207070BD17
:1082300038B50D46144601462520FCF7D1F92946EC
:108240002620FCF7CDF92146BDE838402720FCF771
:10825000C7B908B52820FCF75BF908BDC1B22820D2
:10826000FCF7BEB9014B1860704700BF64170020CF
:1082700070477047034B1B6813B11B6803B1184765
:108280000020704764170020034B1B6813B15B6824
:1082900003B11847704700BF64170020044B1B68E8
:1082A00023B1DB6813B1022101701847704700BF8A
:1082B000641700200B4B07B51A8882420FD0188034
:1082C000094B1B685BB11B694BB103228DF805009C
:1082D000000A8DF806008DF8042001A8984703B025
:1082E0005DF804FB6A170020641700200C4B07B5EB
:1082F0001A88824210D018800A4B1B6863B11B6930
:1083000053B104228DF80500000A8DF806008DF89F
:1083100004200DEB0200984703B05DF804FB00BF9A
:108320006817002064170020034B1B6813B15B69BA
:1083300003B11847704700BF641700200020074BA7
:108340001B689A1C08339A4200D1704712F8011B2F
:108350000029F8D00130C0B2F5E700BF240C00209E
:1083600060B1074B1B689A1C083312F8011B81424D
:1083700003D09A42F9D1002070470120704700BF16
:10838000240C00204FF0FF33002230B5851C15F877
:10839000014B8C420ED0B3F1FF3F02D1002C08BF3D
:1083A00013460132D4B2062C62B2F0D15A1C01D06D
:1083B0001844817030BD002210B5831C083013F8BA
:1083C000014B8C4208BF03F8012C8342F7D110BD4A
:1083D000024B01461868FFF7D5BF00BF240C0020F0
:1083E000024B01461868FFF7E6BF00BF240C0020CF
:1083F000034B0622186800210230FAF75FB900BF6C
:10840000240C002042784B789A421DD190F902301A
:108410001BB191F902209A4216D190F903301BB199
:1084200091F903209A420FD190F905301BB191F9CF
:1084300005209A4208D190F9040030B191F9043036
:10844000181A18BF012070470120704782B002B08F
:10845000704707B50190FFF7F9FF03B05DF804FB23
:1084600007B500284FF0040214BF02230123064978
:108470000DEB0200CB70FAF7ABF80198FFF7E9FFBC
:1084800003B05DF804FB00BF4E0C002007B50422CA
:10849000032306490DEB0200CB70FAF799F8019817
:1084A000FFF7D7FF03B05DF804FB00BF4E0C0020C0
:1084B000FFF7D6BF07B50422012306490DEB0200E2
:1084C000CB70FAF785F80198FFF7C3FF03B05DF8AA
:1084D00004FB00BF4E0C0020FFF7ECBF07B50030D7
:1084E00018BF01200422064988700DEB0200FAF73C
:1084F0006FF80198FFF7ADFF03B05DF804FB00BF14
:108500004E0C0020014B9878704700BF4E0C0020A5
:1085100007B50422054948700DEB0200FAF758F838
:108520000198FFF796FF03B05DF804FB4E0C0020A6
:10853000014B5878704700BF4E0C002007B504224D
:10854000054908700DEB0200FAF742F80198FFF7B1
:1085500080FF03B05DF804FB4E0C002070477047AD
:10856000704708B5FFF7FCFF08BD704708B5FFF777
:10857000FCFF08BD08B5FFF7F1FFFBF767FFFFF74A
:10858000EEFF0020FBF7C2FE024B1870003018BF50
:10859000012008BD6C170020044B1A5C012303FA6C
:1085A00001F10A4214BF1846002070476C170020E2
:1085B00032B90123034A8B40115C21EA03011154B3
:1085C000704700BF6C17002010B5044600F090F80B
:1085D000001B80B210BD10B5044600F053F8001B1C
:1085E00010BD000008B510220021FAF767F8034615
:1085F000044AD2E900010832126883E807001846ED
:1086000008BD00BFE8F7FF1F08B501F039FABDE863
:10861000084000F059BF08B5FAF7DDF9BDE8084099
:1086200040F2A46001F013B908B5FBF76FF9FBF74E
:1086300083F9FFF7DDFEFFF73FF90020FFF73AFE71
:108640000020FFF753FEBDE80840FAF7D2B900005A
:10865000302383F31188064BDA69064B1A60002336
:10866000054A1360054A136083F31188704700BF01
:10867000381C002078170020701700207417002085
:10868000FFF7E6BF70B500F045FF124D124B134ADD
:10869000DC692B681168E41AA14211490AD9A3F5D3
:1086A0008333E03B2B600D680E4B04F583342B4481
:1086B000E0340B600D6814604FF47A7600F033FFFD
:1086C00000210948094A0023E6FB0401F9F7CEFD21
:1086D000284470BD78170020381C00207017002037
:1086E0007417002088598F029F860100A086010020
:1086F00008B5FFF7C7FF80B208BD0000BFF34F8F7A
:108700000549064BCA6802F4E0621343CB60BFF32D
:108710004F8F00BFFDE700BF00ED00E00400FA0549
:1087200008B5FFF7EBFF000044F24D2208B5024BFD
:108730009A62FFF7E3FF00BF006C004010B5084AE3
:10874000084C117824784B1C03F00F039C421DBF8A
:10875000054C13706054002018BF012010BD00BFED
:108760002B1C00202C1C00201B1C002070B590F836
:108770007430044603F07F02212A55D113F08002A1
:1087800021D0002A50D090F87520022A17D0032A51
:1087900005D0012A17D1BDE8704000F0EFBC90F879
:1087A000782090F8795052EA05250CD1FFF7AAFEFF
:1087B000354B256718700120A366E06670BDBDE8E3
:1087C000704000F013BE94F875200A2A23D00B2ABB
:1087D00012D0092A28D194F8782094F8791052EA16
:1087E000012201D0022A1FD1284BA3660223E3668F
:1087F000274B23670120E1E794F8783094F879203B
:1088000053EA022303D194F87600FFF767FE0023B2
:10881000A366E366EDE794F87700FFF78FFE204646
:10882000BDE8704000F00ABE03F09F03812B1AD10F
:1088300094F87530062B16D194F87920616894F875
:1088400078304D6843EA022394F8761094F8772044
:108850002046A84708B90020B0E74368A36603682C
:10886000E3660023C5E700260A4DD5F884302BB90E
:108870000136032E05F19005F7D1ECE72046984725
:108880000028F5D09AE700BF841700208817002041
:10889000DD8800086C0E0020F8B50F4C002223463E
:1088A00043F8042F90F87B7090F8796090F8765038
:1088B00090F87A2090F8781090F8770042EA072232
:1088C00041EA062145EA002000F0E4F920606068F2
:1088D000002818BF2046F8BD7C17002090F87A10B9
:1088E00090F87B00074B41EA002102291A7806D153
:1088F000012A01D0062A04D15878FFF709BE104694
:10890000FBE770478817002008B5052936D8DFE84F
:1089100001F0203503202036302383F311882248CC
:1089200000F0ADFA214800F0AAFA214800F0A7FAB9
:10893000204800F0B3FA002383F311881E4B1B7804
:1089400013B10520FFF7FAFE0220BDE80840FFF74B
:10895000F5BE0846FFF7F2FE302383F31188124874
:1089600000F066FA114800F063FA114800F060FA6E
:10897000104800F071FA002383F3118808BD3023FA
:1089800083F31188084800F074FA084800F071FA7F
:10899000074800F06EFA074800F06EFA002383F3F0
:1089A00011880520D1E700BF6C0E0020FC0E0020CE
:1089B0008C0F00201C1000208517002008B5102205
:1089C00000210448F9F77AFE0023034A1370034A92
:1089D000137008BD1B1C00202B1C00202C1C002029
:1089E000F8B52A4D2A4E2C46002130782B78294F95
:1089F000984233D101B12070F8BD01222370264B7B
:108A00001A70264B93F87F10081C18BF0120FFF73F
:108A10003DFDE9E7002223701F4B1A70FFF704FEAB
:108A20001E4B93F87F10081C18BF0120FFF740FD74
:108A3000DAE72370194B93F87F10081C18BF012048
:108A4000FFF70EFDD0E7002123700846F8E72370FA
:108A5000FFF730FD0120FFF741FDC5E71A46BA5C7C
:108A6000013303F00F030121052AC1D80FF2040CD2
:108A70005CF822F04F8A0008F1890008338A000868
:108A8000478A0008FB890008158A00082C1C002072
:108A90002B1C00201B1C002085170020E01C002040
:108AA00070B51D4C0646204600F07CF904F1900597
:108AB000204600F09FF9284600F074F928464FF44C
:108AC000805504F5907400F095F9204600F06AF99D
:108AD0002046124C00F08EF9204600F077F920462F
:108AE0000F4C00F096F906224FF48051204601F019
:108AF000B7FF3046656101F0FAF941F2883000F0C5
:108B0000A6FE0849304601F0DBF929462046BDE8BB
:108B10007040022201F0A4BF6C0E00201C10002047
:108B200000080140B4B7000837B500239025054C74
:108B3000009305FB004042F2107300F02EFA03B0E0
:108B400030BD00BF6C0E002010B50446FFF7DAFC04
:108B50002146BDE8104008220120FFF7E5BF70471D
:108B6000014606220020FFF7DFBF01460322002056
:108B7000FFF7DABF20290A4603D101460220FFF79A
:108B8000D3BF704710B5084C88B000232022694637
:108B9000204600F06DFA08B908B010BD20216846E3
:108BA000FFF763FAF1E700BF1C1000207047704721
:108BB000704708B5FFF7FAFF02F07AFBFFF7F7FFFF
:108BC00008BD08B502F07CFBFFF7F2FF08BDFFF718
:108BD00083BC000008B5FFF7F1FE0448FFF760FF13
:108BE000BDE8084041F2883000F031BEE01C0020B2
:108BF0000148FFF737BB00BF540C002038B50B4CC1
:108C0000FFF7EEFE2378052B0FD12546FFF703FD76
:108C1000FFF7B0FC30B1B4F87C309B0702D5284692
:108C200001F0F4F92378052BF0D038BDE01C0020CA
:108C300000F05CBB30B5144B85B01C7814BB01222E
:108C400068461A70FFF7CEFC2346104A104C04A960
:108C500001EB630111F8100C02EB43010509655D9E
:108C600000F00F008D700025205CCD70591C023380
:108C700002EB4101202B8870CD70E8D142231370A4
:108C80000323537005B030BDCE1700208A17002093
:108C90004FB90008020A032A10B51C4613D006D8A3
:108CA000012A2DD0022A2ED00020024614E0212ACB
:108CB0001FD0222AF8D10229F6D8144B53F82120CC
:108CC000134B585C08E0C0B20328EDD8DFE800F091
:108CD0000206090C04200F4A226010BD0A200E4A29
:108CE000FAE710200D4AF7E7FFF7A4FF0C4A1078C7
:108CF000F2E70229D8D80B4B092053F82120EBE7E3
:108D00001220094AE8E75B20084AE5E7D0B70008E7
:108D1000DCB7000890B8000894B80008A0B80008B4
:108D20008A170020C4B700083AB80008DFB7000867
:108D300013B5446B226F1378042B12D1012394F8DE
:108D4000741012898B4013420BD101A9204600F008
:108D50007AFF024628B1019B94F87410206F01F04D
:108D600042F902B010BD026F10B513780446042B0F
:108D700013D1012390F8741052898B4013420CD107
:108D800000F0B6FE024640B1E36994F87410206F1B
:108D9000043BBDE8104001F014B910BD406BFFF773
:108DA000E2BF00001FB500F15C03C364064B0290F4
:108DB0000193836FD0F8802000930121C36F00F0EE
:108DC0001FFF05B05DF804FB318D00081FB500F1F1
:108DD0005C030365064B02900193836FD0F88020FB
:108DE00000930121C36F00F061FE05B05DF804FB44
:108DF0009D8D0008302383F31188036F90F8742051
:108E000003EB82039862002380F8883083F3118893
:108E10007047302383F3118890F87430026F113358
:108E200042F82300002380F8843083F311887047D0
:108E3000012310B5044603726FF0010100F037FD05
:108E4000204600F0F4FED4F88C3023B1BDE8104089
:108E5000DA681868104710BD012310B50446037284
:108E60006FF0010100F023FD2046BDE8104000F046
:108E700034BE00230372704700230372704710B59D
:108E8000044600F1380290F87410006F01F059F8B0
:108E9000204600F0CCFE0023237210BD10B504461E
:108EA00000F1380290F87410006F01F04AF8204683
:108EB00000F013FE002320462372BDE81040FFF7A8
:108EC00052BF00EB8103F7B59C6A05460E4684B39A
:108ED000302383F311880023226984F88830636982
:108EE0009A4201D1E368B3B905EB8603DB685B699D
:108EF0001B6883B1D4F88C3053B101A9204600F02F
:108F0000A2FED4F88C3001469F68019A1868B847D1
:108F1000204600F0A6FE01A9204600F094FE02467D
:108F200048B1019B3146284601F05DF8002383F3E8
:108F3000118803B0F0BD05EB8603DB681A68022ACE
:108F4000F4D15A691268002AF0D01B8A013B134001
:108F5000ECD105F17402E5E701F1110310B550F809
:108F60002340CCB1302383F3118800EB8100C36828
:108F70009B695B6853B1236F94F87420204603EB20
:108F80008203DB689B69596800F0BCFD2046FFF74F
:108F9000EAFE002383F3118810BD2DE9F84F1E4629
:108FA00004468A4617469DF82850302383F31188DB
:108FB000036F1B78042B05D0002585F31188284604
:108FC000BDE8F88F90F8883023B101364FF0FF36B6
:108FD00018BF0026002383F311884FF030094FF0AB
:108FE000010833463A465146204600F075FE874256
:108FF0001CD989F3118894F888304FF0000B0028B1
:1090000008BF43F001036FF0010184F88830204667
:1090100084F8088000F04BFC204600F008FE84F83D
:1090200008B000F07FFB8BF31188DAE7002DC6D182
:10903000204600F096FE0125C1E7302383F3118816
:10904000026943699A420FD1C3687BB10123026F61
:1090500090F8741012898B4013420CBF012000203D
:10906000002383F3118870470020F9E71846F7E7DB
:1090700038B514460546302282F31188026F127803
:10908000042A03D0002080F3118838BD90F8842092
:1090900022B101334FF0FF3318BF0023002282F3C7
:1090A00011882246284600F068FDB0FA80F35B097B
:1090B00085F88430231A58425841E6E7006810B416
:1090C00040B1054C8264E469083040F8044C10BC9F
:1090D000F9F77EBA10BC7047381C002001681346AF
:1090E00031B18A6C03F108009A640831F9F770BA5B
:1090F000704710B50446006840B1826C002108300A
:10910000F9F7DCFA002223681A605A6010BD0000EB
:109110000B7810B4082B0BD850F8230040B1054B46
:109120008264DB69083040F8043C10BCF9F750BA9F
:1091300010BC7047381C00200829134609D850F885
:10914000211031B18A6C03F108009A640831F9F7F3
:109150003FBA704770B50026051F00F1200455F88E
:10916000040F38B1826C00210830F9F7A7FA2B6898
:109170001E605E60A542F2D170BD000038B590F867
:1091800078300446022B1CD890F87610082918D89D
:109190000D4AD35C022B14D890200C4A00FB032309
:1091A000D3F88C0060B10A4D43682A46006898479E
:1091B00005F10803A366AB6C0120E3660023236777
:1091C00038BD0020FCE700BF680E00206C0E0020B8
:1091D000B4190020036843B19100196003490B786A
:1091E000002A18BF43F001030B7070474C1A00208F
:1091F000006810B10068C0F3870070470368D0B5FD
:109200000BB90020D0BD302383F3118803680022FE
:109210001C685B6882F31188002CF2D04FF47A70DE
:109220000027084A084ED169084AC91AE0FB0167BD
:10923000002330463946F9F719F884428CBF0020E4
:109240000120DFE7381C00209F860100A086010076
:109250004B1E072B0BD850F8213043B191001960F9
:1092600003490B78002A18BF43F001030B707047C5
:109270004C1A0020082906D850F8210020B10068B7
:10928000C0F3870070470020704700000829D0B560
:1092900001D90020D0BD50F82130002BF9D0302367
:1092A00083F3118850F8213000221C685B6882F338
:1092B0001188002CEDD04FF47A700027084A094E2F
:1092C000D169094AC91AE0FB0167002330463946D3
:1092D000F8F7CCFF84428CBF00200120DAE700BF02
:1092E000381C00209F860100A08601002DE9F74F61
:1092F0003A4B1A780193002A42D000252E46384F67
:10930000DFF8E090D7F88C40002C32D0002D3AD115
:109310004FF00108302383F311885FFA88FB6369FB
:109320005946206898474FF0000A002818BF46F0B9
:1093300001068AF311882A48FFF77FFEA0B1A369CE
:1093400059462068984778B1302383F31188254A1D
:1093500063685946206898478AF311882249D9F8EA
:1093600048205046FFF7E0FB08F10108B8F1090F6B
:10937000D0D10135032D07F19007C3D1019B1E7099
:1093800003B0BDE8F08F4FF0300A8AF31188002156
:109390006369206898474FF00008002818BF46F01E
:1093A000010688F311883846FFF747FE0028E0D011
:1093B000A3694146206898470028DAD08AF31188CB
:1093C000084A636841462068984788F3118806492F
:1093D000D9F84820E8B2FFF7A7FBCAE74C1A0020EB
:1093E0006C0E0020001A0020081A002010B590F81A
:1093F00078300446022B19D890F87610082915D831
:109400000B4AD35C022B11D890200A4A00FB03239D
:10941000D3F88C0048B1436900689847064B187030
:10942000A36601200023E066236710BD0020FCE74F
:10943000680E00206C0E0020B019002010B590F8C6
:1094400078300446022B19D890F87610082915D8E0
:109450000B4AD35C022B11D890200A4A00FB03234D
:10946000D3F88C0048B1036994F8772000689847D6
:1094700000230120A366E366236710BD0020FCE7FC
:10948000680E00206C0E002070477047FEE7000059
:1094900070B5082000240B4B93E826000439954250
:1094A00007D8D968914209D8013803F11003F3D1E4
:1094B00070BD51F8046F42F8046BF0E742F8044BBA
:1094C000F0E700BF60B9000838B501230025074C5C
:1094D0002370656000F0C8FA0549064800F030F9CD
:1094E0000223237085F3118838BD00BF301C002093
:1094F000E0B90008381C002072B60322024BD86580
:10950000024B1A70FEE700BF381C0020301C002000
:1095100000F054B8EFF3118020B9EFF30583302247
:1095200082F31188704710B530B9EFF30584C4F3A6
:10953000080414B180F3118810BD00F0F3F884F32F
:109540001188F9E7034B59685A68521A9042FBD8C0
:10955000704700BF001000E010B50A4A13699C680C
:10956000A1420CD85C688160036044602060586050
:109570009868411A99604FF0FF33936110BD091B41
:109580001B68ECE7381C00200361002310B4C260A4
:10959000436110BCFFF7E0BF036881689A680A4422
:1095A0009A60426813605A6000234FF0FF320360F4
:1095B000014B9A61704700BF381C002070B5124DF6
:1095C0002946EA690132EA6151F8102F8A4206D031
:1095D00030269368013B93602C69A36803B170BD8A
:1095E000226861680A605160236083F31188E36830
:1095F00021692046984786F3118861690029EBD0DC
:109600002046FFF7A9FFE7E7381C00200023826807
:10961000037503691B6899689142FBD25A6803601D
:1096200042601060586070470023826803750369C8
:109630001B6899689142FBD85A68036042601060C9
:109640005860704708B5302383F311880A7D0023E2
:10965000052A06D8DFE802F00C050503130F8A6916
:1096600013604FF0FF3308468B61FFF7CFFF0023F5
:1096700083F3118808BD8A699368013393604A684F
:109680000B6813605A60ECE7FFF7C0BF054BD96861
:1096900008751868026853601A6001220275D86064
:1096A000F8F7CEBD381C002030B50C4B87B0DC6815
:1096B0004B1C05460FD02346094A6846FFF764FF56
:1096C0002846FFF7E3FF009B13B16846FFF764FFEE
:1096D000A06907B030BDFFF7D9FFF9E7381C0020BB
:1096E00045960008044B1A68DB6890689B689842AE
:1096F00094BF002001207047381C0020084B10B593
:109700001C68D868226853601A6001222275DC60E8
:10971000FFF78AFF01462046BDE81040F8F790BDEC
:10972000381C0020044B1A68DB6892689B689A42D8
:1097300001D9FFF7E3BF7047381C002030BFFDE7B9
:1097400070B504460025194B86B0856221630E462C
:10975000586000F043F904F11003236163614FF096
:10976000FF33A361124BE561DA69002304F1340190
:10977000C4E9082324606460A560E562E565802390
:109780000C4A204600F01CF801230B4AE0600375E8
:109790000092726868460192B268CDE90223074BD5
:1097A000CDE9043500F03EF806B070BD301C002055
:1097B000381C00207FB5000884B500083D970008DC
:1097C0008B6002224B62002308618A820B62CB61AC
:1097D000084670478368C168A3F14C0243F81C2C0B
:1097E000026943F84C2C42690C4843F8482C0C4A57
:1097F00043F8180C43F82C2C022203F8142C0022F6
:1098000043F8201C03F8132C43F8041C43F8082CDD
:1098100043F80C2CA3F12800704700BF381C00202F
:109820005122000808B5FFF7D5FFBDE80840FFF753
:109830002BBF0000024BDB6898610F20FFF726BFAB
:10984000381C0020302383F31188FFF7F3BF08B5DD
:109850000146302383F311880820FFF725FF0023FA
:1098600083F3118808BD03682BB10022026099615F
:109870001846FFF709BF7047064BDB6839B14268ED
:1098800018605A60136043600420FFF70DBF4FF06B
:10989000FF307047381C00200368984206D01A68D1
:1098A0000260506099611846FFF7EEBE704738B508
:1098B00004460D462068844200D138BD0368236009
:1098C0005C608561FFF7E0FEF4E7034610B51B68B6
:1098D000984203D09C688A689442F8D25A680B6018
:1098E0004A601160596010BD0023006040608360D1
:1098F0007047000070B5174B84680646DD689CB958
:109900002B6A8560C360286270BDA360237D83B12C
:10991000062B15D123686268A069214613605A603E
:10992000FFF7D3FFA3699C68AB68A2689A42ECD3A7
:1099300006E062682368204613605A60FFF7A4FEC1
:1099400030462946FFF7C1FFAE610620BDE87040F2
:10995000FFF79CBE381C002008B5302383F3118824
:10996000FFF7C8FF002383F3118808BD154A10B51F
:10997000D1680346302282F31188C26800680A6207
:1099800083421BD0486A82B98860186802681A60EE
:109990005360026A9860DA600362FFF775FEFFF7B2
:1099A000C1FE002383F3118810BD1468A24203D0C6
:1099B000A468A04238BF2046D268E4E700229A603B
:1099C000EFE700BF381C0020EFF30983203383F357
:1099D0000988002383F3118870470000302080F34A
:1099E000118862B60B4B0C4AD96821F4E061090476
:1099F000090C0A430949DA60CA6842F08072CA60F9
:109A000007490A6842F001020A602022DA7783F8E7
:109A10002200704700ED00E00003FA05F0ED00E0E1
:109A2000001000E010B5302383F311880B4B5B6806
:109A300013F400630FD0EFF309844FF08073203CE0
:109A4000E36184F30988FFF74DFE10B1044BA36175
:109A500010BD044BFBE783F31188F9E700ED00E04C
:109A60006322000866220008024B034A1A60034A78
:109A70005A607047981C0020681D0020005000208C
:109A800008B500F0B3FD074800F0B4FF00F085F919
:109A900000F0B0F900F003FAFFF793F8BDE80840D2
:109AA00000F002B8E0BA000801F00CB80172002121
:109AB00030B5039C043303FB0425C361049B0060A1
:109AC0000363059B4060C16042610261856104627D
:109AD00042628162C162436330BD0022416AC2605A
:109AE000416101618262C2626FF00101FFF7DFBE76
:109AF00003694269934201D1C2680AB9181D7047CF
:109B00000020704703691960C26800210132C260F9
:109B1000C269134482690361934224BF436A0361AB
:109B2000FFF7BABE38B504460D46E3683BB162693B
:109B30000020131D1268A3621344E36207E0237A36
:109B400033B929462046FFF797FE0028EDDA38BDE5
:109B50006FF00100FBE7C368C269013BC360436962
:109B6000134482694361934224BF436A43610023E3
:109B70008362036B03B1184770472DE9F84F044621
:109B80000F4691469A464FF0300888F31188002519
:109B9000AB46A66A4EB951462046FFF7C3FF20B137
:109BA00086F311882846BDE8F88FA16AE66AA9EB1A
:109BB0000503761A9E4228BF1E46402E16D9384607
:109BC0004022F8F705FDA36A40374033A3624035D1
:109BD000A26AE36A9A4202D32046FFF7BCFF8BF3E6
:109BE00011884D45DED288F31188D2E738463246D7
:109BF000F8F7EEFCA36A37443344A3623544E7E741
:109C000010B5029C04330172C36103FB04210023DD
:109C10008362C362039B00600363049B4060C46073
:109C200042610261816104624262436310BD026A63
:109C30006FF00101C260426A4261026100228262E9
:109C4000C262FFF734BE436902699A4201D1C26819
:109C500022B9184650F8043B0B60704700231846A1
:109C6000FAE7C368C2690133C36043690021134442
:109C700082694361934224BF436A4361FFF70CBE8C
:109C800038B504460D46E3683BB1236900201A1D30
:109C9000A262E2691344E36207E0237A33B92946FA
:109CA0002046FFF7E9FD0028EDDA38BD6FF001002E
:109CB000FBE703691960C268013AC260C2691344D4
:109CC00082690361934224BF436A03610023836274
:109CD000036B03B1184770472DE9F84F04460F4650
:109CE00091469A464FF0300888F311880025AB461C
:109CF000A66A4EB951462046FFF7C2FF20B186F34F
:109D000011882846BDE8F88FA06AE66AA9EB05032A
:109D1000361A9E4228BF1E46402E18D93946402288
:109D2000F8F756FCA36A40374033A3624035A26A75
:109D3000E36A9A4204D3E16920460439FFF7B9FF88
:109D40008BF311884D45DCD288F31188D0E7394672
:109D50003246F8F73DFCA36A37443344A3623544E6
:109D6000E5E708B5302282F31188816A29B10369D9
:109D70000439C91A01D0FFF79CFF002383F311882F
:109D800008BD08B50C30FFF7F1FD002008BD08B58F
:109D90000C30FFF7E1FD002008BD00F089BC000099
:109DA000054B0C3040F80C3C012300F8083C002324
:109DB00040F8043CFFF798BDECB9000810B530231B
:109DC000044683F31188816000F07EFC02230020AA
:109DD000237180F3118810BD10B53023044683F33E
:109DE000118800F085FC00230122A360227183F317
:109DF000118810BD00F086BE01230370002343606C
:109E0000C3600374704738B50446302383F3118868
:109E100000254B6841608360C56000F083FE02232B
:109E2000237085F31188284638BD38B5302383F375
:109E30001188012303FA01F4C3682343C36000F0CF
:109E400025FF002383F3118838BD10B50446002197
:109E500001F0ECF90021204601F0D6F963681B6897
:109E600013B1062120469847A36823F00113A3608D
:109E70000023E366062384F8643010BD10B5044661
:109E800090F8763080F87E3001F082F863681B68C5
:109E900013B10121204698470323237010BD01F020
:109EA00055B801230370002300F12C02436000F138
:109EB000480142F8043B8A429361FAD183607047BB
:109EC00038B50546302383F3118800244160C4600F
:109ED000046144618461C46104624462846201F08B
:109EE000D7F802232B7084F31188204638BD70B553
:109EF0003023064683F3118801F02EF834460025FE
:109F00000123756004F80C3B2C3654F8043B7BB1FC
:109F1000586920B16FF001010C30FFF7A4FC54F830
:109F2000043C986920B16FF001010C30FFF79BFCF5
:109F3000B44244F8045CE8D1FFF7F4FB85F31188E0
:109F400070BD70B500EB8103054650690E4614469E
:109F5000DA6018B114220021F8F7B0FBA06918B13B
:109F600014220021F8F7AAFB31462846BDE87040CC
:109F700001F018B8F8B504460027836800F1100511
:109F800003F00113836000F12C0655F8043B7BB10C
:109F9000586920B16FF001010C30FFF764FC55F8EF
:109FA000043C986920B16FF001010C30FFF75BFCB5
:109FB000B54245F8047CE8D12046BDE8F84001F000
:109FC00097B8F0B4012500EB8104E4684789A469DF
:109FD0008D403D43458123600023A2606360E360C0
:109FE000F0BC01F0CDB8F0B4012500EB8104E468C9
:109FF000078964698D403D43058123600023A26089
:10A000006360E360F0BC01F0DDB80000037810B5D8
:10A01000052B0BD1064CC820236C43F0100323649E
:10A02000FFF715FC236C23F01003236410BD00BF61
:10A03000005C00402DE9F0410223002504464FF06A
:10A0400030080370C567C566856000F10C0600F135
:10A050002C0756F8043BABB188F3118856F8043C42
:10A06000586920B16FF001010C30FFF7FCFB56F886
:10A07000043C986920B16FF001010C30FFF7F3FB4D
:10A0800085F31188BE4246F8045CE2D184F864503E
:10A09000204600F0E1FF63681B6823B12046BDE85D
:10A0A000F04100211847BDE8F081F8B50378044677
:10A0B000052B29D080F880300523037043681B6886
:10A0C0000BB10421984700263027A66004F10C0547
:10A0D0002C3455F8043BABB187F3118855F8043C98
:10A0E000586920B16FF001010C30FFF7BCFB55F847
:10A0F000043C986920B16FF001010C30FFF7B3FB0D
:10A1000086F31188A542E4D1F8BD0178052906D16E
:10A11000436890F880201B68027003B118477047AD
:10A1200090F8643070B504463BB1836823F00113A6
:10A1300083600023C36680F8643004F17402002158
:10A14000204601F003F863689B684BB994F87430BB
:10A1500013F060052CD02046BDE87040FFF775BEB7
:10A16000204698470028F1D094F87B2094F87A3064
:10A1700043EA0223E26E9A4288BFE36694F97430A0
:10A18000E56E002B4FF0300380F2F680002D00F0DA
:10A19000E580092284F8642083F311880021E36EAE
:10A1A000A26E2046FFF71FFF002383F3118870BDC6
:10A1B00094F8752003F07F0343EA022340F2023251
:10A1C000934200F0B88025D8022B00F08C8009D88B
:10A1D000002B3CD0012BBED1744BA3660223E36657
:10A1E000002339E0B3F5817F00F09280B3F5407F22
:10A1F00034D0B3F5807FAED194F87630012BAAD15C
:10A20000B4F87C3023F00203A4F87C30A566E56640
:10A210002567A9E740F20162934209D8B3F5C06F00
:10A2200026D2B3F5A06F96D1A566E566604B13E024
:10A23000B3F5106F32D040F602429342CCD0B3F562
:10A24000006F88D104F17F03A366012324E004F1A9
:10A250007C02A2660222E266236785E794F87630E4
:10A26000012B7FF478AFB4F87C3043F00203CBE7E6
:10A2700094F87920616894F878304E6843EA0223B4
:10A2800094F8771094F876202046B04700283FF4E1
:10A2900062AF4368A3660368E366B9E72378042BDB
:10A2A00010D1302383F311882046FFF763FE85F336
:10A2B00011880321636884F87F501B6821700BB1FB
:10A2C0002046984794F876304BB184F87F300423C9
:10A2D000237063681B6813B102212046984700234E
:10A2E000A366E366B8E794F8783020461D0603F0CD
:10A2F0000F010AD500F01CFF012804D002287FF4CA
:10A300002AAF2C4B69E72C4B67E700F003FFF3E71C
:10A3100094F87630002B7FF41EAF94F8783013F069
:10A320000F01DCD01A06204602D500F0A9FFD6E7BF
:10A3300000F08EFFD3E794F87630002B7FF40BAF5C
:10A3400094F8783013F00F01C9D01B06204602D5CF
:10A3500000F06CFFC3E700F057FFC0E7142284F859
:10A36000642083F311882B462A4629462046FFF7AE
:10A3700028FE85F311881AE75DB1152284F8642060
:10A3800083F311880021E36EA26E2046FFF719FEC9
:10A390000AE70B2284F8642083F311882B462A46AF
:10A3A00029462046FFF71FFEE3E700BF18BA000862
:10A3B0007D9E000814BA000816BA000838B590F857
:10A3C00064300446092B0DD007D80BB1062B36D1CB
:10A3D0002046BDE83840FFF738BD0B2B30D01FD3E7
:10A3E000152BF4E790F87B1090F87A20C36E42EAC0
:10A3F0000122934214D2C268128AB3FBF2F502FB27
:10A4000015356DB9302383F311882B462A4629462A
:10A41000FFF7E9FD85F311880A2384F864300EE024
:10A42000142384F86430302383F3118800232046FA
:10A430001A461946FFF7C5FD002383F3118838BD7E
:10A44000036F03B19847A36823F00113A3600023AF
:10A45000E366E2E790F8642038B5152A044617D879
:10A460000123934040F64142134223D113F4801557
:10A470000FD19B020CD50B2380F86430302383F37B
:10A4800011882B462A462946FFF7ADFD85F3118832
:10A4900038BDC3689B695B68002BF9D1036F03B1BA
:10A4A0009847A36823F00113A3600023E36684F8B0
:10A4B0006430EDE7BDE83840FFF7C7BC2DE9F3484D
:10A4C000044640F2E73600270C4D236801A99B693A
:10A4D0002046984701280ED1B346BC4601994FF457
:10A4E0007A72E5FB01BC002361465846F7F7BEFED1
:10A4F000FFF7ADF9E9E702B0BDE8F088A0860100FA
:10A50000036810B55B680C469847C36813B153F8ED
:10A51000340010BD00696043FBE7036810B55B6859
:10A520000C469847C3681BB103EBC403586810BDC1
:10A530000069FCE7036810B55B680C469847406902
:10A54000204410BD00F16043090103F56143C9B225
:10A5500083F80013012300F01F024009800000F17E
:10A560006040934000F56140C0F88031036070475F
:10A57000012200F01F039A4043099B0003F160434E
:10A5800003F56143C3F88020C3F88021002300F164
:10A59000604000F5614080F800337047090100F128
:10A5A0006040C9B200F56D4001767047062108B5DC
:10A5B0000846FFF7C7FF06210720FFF7C3FF062164
:10A5C0000820FFF7BFFF06210920FFF7BBFF062188
:10A5D0000A20FFF7B7FF06211720FFF7B3FFBDE8FA
:10A5E000084006212820FFF7ADBF00004FF0FF31E3
:10A5F00008B5104B1A6919611A6900221A611869A5
:10A60000D868D960D968DA60DA68DA6942F08052CD
:10A61000DA61DA69DA6942F00062DA61064ADB6916
:10A62000136843F48073136000F018F9BDE8084024
:10A63000FFF7BCBF0010024000700040194B1A68C1
:10A6400042F001021A601A689007FCD51A6802F0FD
:10A65000F9021A6000225A605A6812F00C0FFBD1FE
:10A660001A6842F480321A601A689103FCD55A685D
:10A6700042F4E8125A601A6842F080721A601A684E
:10A680009201FCD51221084A5A60084A11605A68A2
:10A6900042F002025A605A6802F00C02082AFAD10B
:10A6A000704700BF0010024000641D0000200240FF
:10A6B00010B5034C2046FFF773FB024BE36110BD5E
:10A6C000A01C002000200240C369064A59680A43C2
:10A6D0005A605968044A0A435A600022034B1A61BF
:10A6E000704700BF23016745AB89EFCD00200240D2
:10A6F000C269136943F080031361704700487047D3
:10A700001CBA000838B50446007905280DD003208E
:10A710001F252071E06901F10061C5601846F7F757
:10A7200057FF02230020237138BD0120FCE7F7B555
:10A730000479052C43D004241F254FF6FF7C0471B7
:10A74000C469E560256945F00105256172B31E46BF
:10A7500021F00105ADF804C005F1006516F8017B94
:10A7600001F001030DF1080E734412F1FF3203F8FA
:10A77000047C01F10101334601D0CF07EED4BDF8CE
:10A7800004702F80E668F607FCD4E66806F01F0E1A
:10A7900016F0100FC4F80CE007D1760703D42D880B
:10A7A000ADB2AF42D2D0032200E00622236923F0EB
:10A7B0000103236102230371104603B0F0BD01229F
:10A7C000FAE707207047037910B5052B044614D02B
:10A7D00005231F220371C369DA601A6942F002027D
:10A7E0001A61FFF78DFEE36900F1006058610020F7
:10A7F0001A6942F040021A6110BD0120FCE703799A
:10A80000052B0AD1C269D36813F0010307D111697E
:10A8100021F03601116102220271002070470120EF
:10A820000029FBD008607047037910B5052B04465A
:10A8300012D0FFF765FE00F10060031F00F57F7086
:10A8400053F8042F013205D18342F9D100200223AD
:10A85000237110BD0520FAE70120FAE7002301214A
:10A86000084A094810B513605360446810302360EB
:10A8700042F8313001310829F7D14FF0FF32034B54
:10A880005A6010BD601B002038BA0008000002406A
:10A8900006282DE9F04137D801271C4C874026684F
:10A8A000374231D14FEA0018013044F8302004EB30
:10A8B000C00043603E43164B26605869DFF854C021
:10A8C00040F0010058610CEB08055B6966464AB12F
:10A8D0006268AB681A4202D1E87BFFF733FE636817
:10A8E0001F43676006EB08014B68497B1A6856F8FE
:10A8F000080022F00F021A600E228A4042600022F5
:10A900001A602846BDE8F0810025FAE7601B0020A8
:10A910000010024038BA000810B5302484F31188C2
:10A92000FFF7B6FF002383F3118810BD10B404684D
:10A93000437B21684268D940126801F00E010A4247
:10A940000ED0827B01FA03F36360064B013253F8A9
:10A9500032402CB103EBC2035868234610BC1847A1
:10A9600010BC7047601B002008B50348FFF7DEFFEE
:10A97000BDE80840FFF756B838BA000808B50348E4
:10A98000FFF7D4FFBDE80840FFF74CB848BA00080D
:10A9900008B50348FFF7CAFFBDE80840FFF742B813
:10A9A00058BA000808B50348FFF7C0FFBDE80840E3
:10A9B000FFF738B868BA000808B50348FFF7B6FFD4
:10A9C000BDE80840FFF72EB878BA000808B503487C
:10A9D000FFF7ACFFBDE80840FFF724B888BA0008CD
:10A9E00008B50348FFF7A2FFBDE80840FFF71AB813
:10A9F00098BA0008184B9A6942F07D029A619B69E7
:10AA00000268164BDA6082685A6042681A60C2684F
:10AA100003F58063DA6042695A6002691A608269EC
:10AA2000C3F80C24026AC3F80424C269C3F80024E2
:10AA3000426AC3F80C28C26AC3F80428826AC3F8C1
:10AA40000028026BC3F80C2C826BC3F8042C426BF9
:10AA5000C3F8002C704700BF0010024000080140FE
:10AA6000032AF0B528D10161154B9F5C0023082211
:10AA70001D461C461E4611F0800F4FEA04144FEA93
:10AA800003134FEA06164FEA05150CBF44F00F04F6
:10AA90003B4311F4004F0CBF46F00F063D43013A13
:10AAA0004FEA4101E7D1426832402A4342600268DE
:10AAB000224013430360F0BD042A08BF4161D3E77D
:10AAC000A8BA000840F2CF22044B08215A600022A5
:10AAD0009A6007220B201A60FFF760BD10E000E0CB
:10AAE00008B5302383F31188FEF712FD002383F3AA
:10AAF000118808BD08B5FFF7F3FFBDE80840FEF771
:10AB000091BF000010B5054C2046FFF775F90423EE
:10AB10002374034BE3610123237610BDC01C002086
:10AB2000002C0140F8B503780446012B40F09A80D0
:10AB3000534B984218D1534B07219A69192042F47C
:10AB400000629A619A69DA6842F40062DA60DA684F
:10AB500022F40062DA60DB68FFF7F4FC07211B20B7
:10AB6000FFF7F0FC484B636146F66802E3699A61BF
:10AB7000DA61626863691168E769B3FBF1F3013B6D
:10AB8000BB62A368D668013BFB62D36A7B6006F0B8
:10AB90000F03012B6FD0022B6FD143F001035569D6
:10ABA00005F00F01012903D0022903D143F020034E
:10ABB00043F01003D06900F00F01012903D00229EE
:10ABC00003D143F4007343F48073516A01F00F0C16
:10ABD000BCF1010F04D0BCF1020F03D143F40053C8
:10ABE00043F4805394F818C0BCF1000F27D006F04E
:10ABF000F004102C03D0202C03D143F0080343F0C1
:10AC0000040305F0F004102C03D0202C03D143F0F2
:10AC1000800343F0400300F0F000102803D0202808
:10AC200003D143F4006343F4806301F0F001102981
:10AC300003D0202903D143F4004343F480433B6213
:10AC400001237B6100233B61536B23F0FF03FB6017
:10AC5000BCF1000F03D0136B43F400437B648523E6
:10AC60003B60F8BD0022C3691A605A639A63DA63D5
:10AC70001A645A627DE700238FE700238FE700BF45
:10AC8000C01C00200010024000A24A04C3690C311D
:10AC900003EB81035A607047C36970B51A69DD68B8
:10ACA00004461540EAB2D243AE071A6103D54368A1
:10ACB0001B6903B19847680704D563689B690BB1AA
:10ACC00020469847290704D563681B6A0BB12046C4
:10ACD0009847EA0604D563689B6A0BB120469847FB
:10ACE000EB0706D563689B681BB12046BDE8704042
:10ACF000184770BD08B50348FFF7CEFFBDE8084010
:10AD0000FEF790BEC01C0020FFF7F4BF104B0001FF
:10AD10001B6D10B503F1804303F5C043C418C3583D
:10AD2000114403F1005303F540535B006260012AB4
:10AD3000A1EB020003DC0AB102781A6010BD0478AE
:10AD40004078023A44EA002043F8040BEFE700BFE2
:10AD5000005C00402DE9F84F794C676CFA437B05A5
:10AD6000626402D57748FFF765F93E0506D5236C86
:10AD7000744843F008032364FFF797F9FD040AD5EC
:10AD80006F4B9A6C140406D41A6C6E4822F00802B9
:10AD90001A64FFF7BAF9B80504D56A484368DB6856
:10ADA00003B19847674D684E61E007F00F008400DB
:10ADB00004F1804400F1020804F5B84405EB88036F
:10ADC000F9062268D3F804C042D42268DCF81430B3
:10ADD000324042F40042226019695A681F680A44EE
:10ADE000BF1A5A6017D0BCF81020BA4228BF3A46A2
:10ADF0009F681A6139449960FFF788FF236823F43C
:10AE0000F04323F0400383F0300343F4004343F066
:10AE10008003236029E0012303FA00F22B8923EA4F
:10AE200002032B81DCF8083013B10146284698470D
:10AE3000302383F31188002105EB8808D8F804300B
:10AE400058690C30FEF70FFD002383F311880CE0E6
:10AE50002368120503EA060343F080032360C1B2AE
:10AE60000BD5DCF8043028469847354B5F6C3B0423
:10AE70009BD4BDE8F84FFEF7D5BDDCF81820304B69
:10AE8000D2F808E01B6DF04603F1804303F5C043A0
:10AE900003EB0017BB68FF6803F1005303F5405351
:10AEA000C7F309075B004FEA570903EB890A5345CB
:10AEB00008F1020833D16FF0010808FB0978B8F1F6
:10AEC000000F02D01B680EF8193093683B44936062
:10AED00053683B4453601368DB1B1360138A013BC8
:10AEE0009BB21382BCF81220BA4200D803BB0123E4
:10AEF00003FA00F26B89841C23EA02036B8105EBE1
:10AF000084035B68DB680BB128469847302383F3E2
:10AF1000118805EB840463689869416891E753F8E8
:10AF200004BB08F802BC4FEA1B2B08F801BCBEE7C3
:10AF3000236823F4904323F0700383F4405364E7C1
:10AF4000005C0040E01C00200F07FFFF0148FEF7F7
:10AF5000A8BF00BFE01C002008B50378012B12D069
:10AF6000094B98420FD11320FFF702FB1420FFF783
:10AF7000FFFA0322054B1A6403F5DA33DA6922F487
:10AF80000002DA61DB6908BDE01C0020005C0040C3
:10AF900090F87E30024A43F08003D364704700BFCC
:10AFA000005C004000EB8103F0B5DE68336813F00D
:10AFB000030348D0022B49D9032B0CBF4FF4C062C6
:10AFC0004FF40072224B0F011C6D736904F1804431
:10AFD00004F5C0443D1973B100236B60338AD0F887
:10AFE00084C0013323F001036344C0F8843042F08D
:10AFF000200247F804C0B369DBB1748A42F40052FE
:10B00000631E3E2C93BF43F00103124E5B090133D4
:10B010008BBF46EA83235B029BB203F47C43EB6065
:10B02000D0F88430013424F001041C44C0F884407A
:10B03000AB608B0003F1804303F5B84318680A4303
:10B0400018601A60F0BD4FF40072BBE70022B9E748
:10B05000005C00400080FFFF10B4002180240A4BF8
:10B0600019655964DC644468E4688C420CBF4FF491
:10B070003C444FF43E441C644023C0F88430034BEE
:10B0800010BCC360FFF78EBF005C0040BCBA000874
:10B09000017838B50129044622D1124B98421AD1C1
:10B0A000114B124DDA69132042F40002DA61DA69B9
:10B0B0001A6942F400021A611A6922F400021A6144
:10B0C0001B6929640D21FFF73DFA0E211420FFF7BB
:10B0D00039FA00232B642046BDE83840FFF7BCBF97
:10B0E00038BD00BFE01C002000100240005C0040A2
:10B0F000402301220021C0F88430930003F18043F3
:10B1000003F5B84318680132082A18601960F4D1B1
:10B1100070470000054B53F8210010F4405004D054
:10B12000B0F5805F0CBF012002207047005C00403A
:10B13000054B53F8210010F0300003D010280CBF4D
:10B1400001200220704700BF005C00400B4B1B6DCC
:10B1500003F1804303F5C04303EB01118B6802F157
:10B16000080103F1005303F540535B0053F8040B4F
:10B1700022F8020B9142F9D1704700BF005C0040F9
:10B1800000EB8100C36810B598690268C2B15C8A9F
:10B190001319013BB3FBF4F39BB2890001F1804129
:10B1A00001F5B84103820B6823F4904323F0700348
:10B1B00083F4405343F4004343F080030B6010BD1D
:10B1C0000123EAE700EB810010B50C46C1684B692A
:10B1D0000A8A18689968824228BF024620461A6186
:10B1E000FFF794FDA10001F1804101F5B8410B6822
:10B1F00023F4F04323F0400383F0300343F400438F
:10B2000043F080030B6010BD890001F1804101F51E
:10B21000B8410B6823F4904323F0700383F4805308
:10B2200043F4004343F080030B607047890001F151
:10B23000804101F5B8410B6823F4F04323F040034B
:10B2400083F0100343F4004343F080030B60704726
:10B25000890001F1804101F5B8410B6803F44053C6
:10B26000B3F5405F0BD00B6823F4904323F07003D9
:10B2700083F4005343F4004343F080030B607047B2
:10B28000890001F1804101F5B8410B6803F03003FA
:10B29000302B0BD00B6823F4F04323F0400383F0F2
:10B2A000200343F4004343F080030B607047704772
:10B2B00008B5FFF7FCFFBDE80840FFF7BFB9000085
:10B2C000044A536843F00073536044F24C22024B2B
:0EB2D0009A62704700000140006C0040704719
:10B2E00000FFC80000202020202020202020282827
:10B2F0002828282020202020202020202020202036
:10B300002020202020881010101010101010101075
:10B3100010101010100404040404040404040410A5
:10B320001010101010104141414141410101010133
:10B3300001010101010101010101010101010101FD
:10B340001010101010104242424242420202020209
:10B3500002020202020202020202020202020202CD
:10B36000101010102000000000000000000000007D
:10B3700000000000000000000000000000000000CD
:10B3800000000000000000000000000000000000BD
:10B3900000000000000000000000000000000000AD
:10B3A000000000000000000000000000000000009D
:10B3B000000000000000000000000000000000008D
:10B3C000000000000000000000000000000000007D
:10B3D000000000000000000000000000000000006D
:10B3E000000000000000DA00D900DC00DB00D00023
:10B3F000CF00CE00CD00A900AA00AB00AC0047787A
:10B400004878457846781E001F0020000152280029
:10B41000D100D300D2000252E000BC00AE00BB005D
:10B420000352A8004A78007C497800524278818211
:10B430008300E200E900EA00B500B600B700CD00E5
:10B440008301CC008A01920194012102230224028B
:10B450002502260227022A02B300B4006F00700002
:10B460009F01CB019F02A00281828300E200E900DC
:10B47000EA00B500B600B700CD008301CC008A0118
:10B4800092019401210223022402250226022702AE
:10B490002A02B300B4006F0070009F01CB019F022D
:10B4A000A00200000E0C01400D0C01400C0C0140EC
:10B4B000000C0140070801404C6173742073656300
:10B4C000746F7220696E74656E64656420746F2099
:10B4D000626520757365642077697468207765619B
:10B4E000725F6C6576656C696E6720697320626552
:10B4F000796F6E6420617661696C61626C6520664B
:10B500006C6173682064657363726970746F722014
:10B5100072616E6765004E6F20736563746F722091
:10B52000696E20617661696C61626C6520666C6130
:10B5300073682072616E6765004E6F7420656E6F70
:10B5400075676820666C6173682069732061766135
:10B55000696C61626C6520666F7220746865207228
:10B56000657175657374656420776561725F6C657C
:10B5700076656C696E672073697A65006330006D6B
:10B5800061696E0069646C6500003131295A1B7570
:10B590000AFF050200000000C56E00089D6F00084C
:10B5A000B56F0008D16F0008000101010101010120
:10B5B0000101020202020202020202030303030368
:10B5C0000303030404040404040405050505050637
:10B5D00006060606070707070708080808090909F5
:10B5E000090A0A0A0B0B0B0C0C0C0D0D0D0E0E0E9E
:10B5F0000F0F0F101011111112121313141415152F
:10B6000016161717181819191A1A1B1B1C1D1D1EA0
:10B610001E1F2020212222232424252626272829F4
:10B62000292A2B2C2D2D2E2F303132323334353622
:10B630003738393A3B3C3D3E3F4041424344454622
:10B640004748494A4C4D4E4F5051535455565859FE
:10B650005A5B5D5E5F616264656668696B6C6D6FA5
:10B660007072737577787A7B7D7E80828385878818
:10B670008A8C8E8F91939596989A9C9EA0A2A3A552
:10B68000A7A9ABADAFB1B3B5B7BABCBEC0C2C4C653
:10B69000C9CBCDCFD1D4D6D8DBDDDFE2E4E7E9EB0F
:10B6A000EEF0F3F5F8FAFDFF00FF0100010000FFE6
:10B6B000FF0000010001FF0004020000050C014032
:10B6C00002080140060C014001080140005125021A
:10B6D0002D0000000000000000000000000000003D
:10B6E0000000000000000000010000000000000059
:10B6F000000000000000000000000000000000004A
:10B700000001000000000000000000000000000038
:10B710000000000000000000000000000000000029
:10B720000000000000000000000000002A2B28009C
:10B7300000000000000000000000000000000029E0
:10B74000000000002C1E3420212224342627252E20
:10B75000362D3738271E1F20212223242526333358
:10B76000362E37381F0405060708090A0B0C0D0E84
:10B770000F101112131415161718191A1B1C1D2F50
:10B780003130232D350405060708090A0B0C0D0E70
:10B790000F101112131415161718191A1B1C1D2F30
:10B7A0003130354C000000007E0F00D4FFFFFFC792
:10B7B0000000007809890008998800086D87000852
:10B7C00000000000F1B700080AB800082AB8000815
:10B7D0004CB80008B2B80008D4B8000844227B096D
:10B7E000025B00030100A0FA09040000010301014B
:10B7F000000921110100012244000705810308000E
:10B8000001090401000203000000092111010001E7
:10B810002222000705820320000107050303200000
:10B8200001090402000103000000092111010001C7
:10B83000227B0007058403200001120100020000A2
:10B84000004010D0010301000102030105010906B7
:10B85000A101050719E029E71500250195087501E3
:10B8600081029501750881010507190029FF15005E
:10B8700026FF0095067508810005081901290515A0
:10B88000002501950575019102950175039101C08F
:10B89000040309040A0344004F0049004F0000005C
:10B8A00010034B004200300033002D003000310007
:10B8B00000000660FF0961A1010962150026FF0072
:10B8C0009520750881020963150026FF00952075F3
:10B8D000089102C005010902A10185020901A10028
:10B8E000050919012908150025019508750181022E
:10B8F0000501093009311581257F950275088106FA
:10B9000009381581257F950175088106050C0A38CF
:10B91000021581257F950175088106C0C0050109C2
:10B9200080A101850319012AB700150126B70095EA
:10B930000175108100C0050C0901A10185041901E0
:10B940002AA002150126A002950175108100C030C1
:10B950003132333435363738394142434445460075
:10B96000C8BF0008681D0020681D0020681D002059
:10B97000C8BF000800000000000000000000000038
:10B98000C8BF000800000000000000000000000028
:10B99000C8BF000800000000000000000000000018
:10B9A000C8BF000800000000000000000000000008
:10B9B000C8BF0008000000000000000000000000F8
:10B9C000C8BF0008000000000000000000000000E8
:10B9D000C8BF0008000000000000000000000000D8
:10B9E0007CB50008501A0020601B002000000000F9
:10B9F000FDA6000805A700082FA70008C3A7000898
:10BA0000C7A70008FFA7000829A800088F9D000805
:10BA1000839D0008000001000000000003000000FA
:10BA20000200000080000000000000000004000090
:10BA30000000000800000200000002400800024070
:10BA4000010000000000000B000002401C0002404A
:10BA5000020000000004010C00000240300002401F
:10BA6000040000000008020D0000024044000240F3
:10BA700008000000000C030E0000024058000240C5
:10BA8000100000000010040F000002406C00024093
:10BA90002000000000140510000002408000024059
:10BAA0004000000000180611040204080800030703
:10BAB00008080808080808080B0F0000000000002C
:10BAC00021A10008BDA3000855A4000840004000C3
:10BAD000A01B0020A01B002001000000B41B0020C0
:10BAE000FFFFFFFF884B8888B8848888FFFFFFFF2F
:10BAF0008888888888838888FFFFFFFF88888888EF
:10BB000088883888FFFFFFFF44888888888888886D
:0CBB1000FFFFFFFF8888888888888888ED
:08BB1C008067FF7F01000000BB
:10BB2400000102FFFF00007000E000E000000000E0
:10BB3400200040E040E0200A000404040202020263
:10BB44000202080000110020E9420008FFFFFFFF85
:10BB5400FFFF0000FFFF00000B000B0000FF00FFD1
:10BB6400FF03390501140A1E3208280301020000EC
:10BB74000100000031850008498B00085F8B000834
:10BB8400618B00086B8B0008758B000800000000B7
:10BB9400000000000200000000000000000000009F
:10BBA4000000000000000000000000000000000091
:10BBB4000000000000000000000000000000000081
:10BBC4000000000000000000000000000000000071
:10BBD400000000000600000000000000000000005B
:10BBE400030000000000000000000000000000004E
:10BBF4000000000000000000000000000000000041
:10BC04000000000000000000000000000000000030
:10BC14000000000000000000000000000000000020
:10BC2400030000000000000000000000000000000D
:10BC34000000000000000000000000000000000000
:10BC440000000000000000000000000000000000F0
:10BC540000000000000000000000000000000000E0
:10BC640000000000000000000000000020000000B0
:10BC7400040D0020500D0020DD900008BD90000848
:10BC8400F3900008D5910008F1910008FD91000897
:10BC9400000000000000000004000000000000009C
:10BCA4000000000000000000000000000000000090
:10BCB4000000000000000000000000000000000080
:10BCC4000000000000000000000000000000000070
:10BCD400000000000000000003000000000000005D
:10BCE400000000006C0C0020B80C0020700D002037
:10BCF4000000000000000000000000000000000040
:10BD0400BC0D0020399100081191000855910008DC
:10BD140051920008759200088D92000800000000FE
:10BD2400000000000000000000000000000000000F
:10BD340000000000000000000000000000000000FF
:10BD440000000000000000000000000000000000EF
:10BD540000000000000000000000000000000000DF
:10BD64000000000008000000FC0D0020480E002028
:10BD7400DD900008BD900008F3900008D5910008FC
:10BD8400F1910008FD91000801020000000000008C
:10BD9400000000000000000000000000000000009F
:10BDA400000000000000000000000000000000008F
:10BDB400000000000000000000000000000000007F
:10BDC400000000000300000000000000C38E000813
:10BDD400000000002000000000000000000000003F
:10BDE400020000000000000000000000000000004D
:10BDF400000000000000000000000000E01C002023
:10BE0400040000000400000020000000F0180020DE
:10BE14000000000000000000E00D00200000000011
:10BE2400000000000000000000000000000000000E
:10BE340000000000000000000000000000000000FE
:10BE440000000000000000000000000000000000EE
:10BE5400000000000300000000000000C38E000882
:10BE640000000000080000000000000000000000C6
:10BE740002000000000000000000000000000000BC
:10BE8400000000000000000000000000E01C002092
:10BE940001000000040000000800000080190020D8
:10BEA40000000000000000004C0E00200000000014
:10BEB400000000000000000000000000000000007E
:10BEC400000000000000000000000000000000006E
:10BED400000000000000000000000000000000005E
:10BEE400000000000300000000000000C38E0008F2
:10BEF400000000002000000000000000000000001E
:10BF0400020000000000000000000000000000002B
:10BF1400000000000000000000000000E01C002001
:10BF2400020000000400000020000000D0170020E0
:10BF34000000000000000000540D0020000000007C
:10BF440000000000000000000000000000000000ED
:10BF540000000000000000000000000000000000DD
:10BF640000000000000000000000000000000000CD
:10BF740000000000030000000000000000000000BA
:10BF8400598F00080000200000000000000000009D
:10BF9400020000000000000000000000000000009B
:10BFA400000000000000000000000000E01C002071
:10BFB40003000000040000002000000060180020BE
:04BFC4000000000079
:040000050800223994
:00000001FF
