:020000040800F2
:1020000000040020392200083B2200083B2200087F
:102010003B2200083B2200083B2200083B2200082C
:102020003B2200083B2200083B220008B593000831
:102030003B2200083B2200083B220008B3A4000812
:102040003B2200083B2200083B2200083B220008FC
:102050003B2200083B2200083B2200083B220008EC
:102060003B2200083B2200083B22000829A300086D
:102070003DA3000851A3000865A3000879A3000848
:102080008DA30008A1A300083B2200083B22000802
:102090001DA700083B2200083B2200083B22000845
:1020A0003B220008ADA600083B220008C1A600089C
:1020B0003B2200083B2200083B2200083B2200088C
:1020C0003B2200083B2200083B2200083B2200087C
:1020D0003B2200083B2200083B2200083B2200086C
:1020E0003B2200083B2200083B2200083B2200085C
:1020F0003B2200083B2200083B2200083B2200084C
:102100003B2200083B2200083B2200083B2200083B
:102110003B2200083B2200083B2200083B2200082B
:102120003B2200083B2200083B2200083B2200081B
:102130003B2200083B2200083B2200083B2200080B
:102140003B2200083B2200083B2200083B220008FB
:102150003B2200083B2200083B2200083B220008EB
:1021600072B6264880F30888254880F309882548F8
:1021700025490860022080F31488BFF36F8F06F0B2
:102180006FFE06F010FA4FF0553020491B4A91427D
:102190003CBF41F8040BFAE71D49194A91423CBF84
:1021A00041F8040BFAE71B491B4A1C4B9A423EBFFD
:1021B00051F8040B42F8040BF8E700201849194ABB
:1021C00091423CBF41F8040BFAE706F04DFE06F0E1
:1021D00048FE154C154DAC4203DA54F8041B8847F1
:1021E000F9E701F015FF124C124DAC4203DA54F836
:1021F000041B8847F9E706F035BE00000004002004
:10220000000C00200020000808ED00E00000002085
:102210000004002040B80008000C0020A41000209A
:10222000A8100020701D0020602100086021000817
:10223000602100086021000892E700F000F8FEE746
:102240002DE9F04FC1F80CD0C3689D46BDE8F08F72
:10225000002383F311882846A047002006F0E8FFFA
:10226000FEE706F03FFF00DFFEE7000053B94AB982
:10227000002908BF00281CBF4FF0FF314FF0FF308E
:1022800000F00CB8ADF1080C6DE904CE08F006FDC5
:10229000DDF804E0DDE9022304B07047704700BFB9
:1022A00008B505F005FF0122024B1860024B1A70B9
:1022B00008BD00BFA8100020AC10002010B5064CCF
:1022C000237843B1054B186805F09DFEB0F5FA7F01
:1022D00084BF0023237010BDAC100020A810002084
:1022E000014B1878704700BFAC10002010B588B0C3
:1022F000202204460021684608F06CFE05F0D8FE56
:1023000040F2A113ADF8003000230190202168466F
:102310008DF802408DF8033004F06DF908B010BD5F
:1023200007B503F0F7F858B34FF47F43ADF800302A
:10233000164B187800F07BF9032824D8DFE800F06A
:102340000B02060855238DF8003004E0AA23FAE7B3
:1023500000238DF8013004F06FF846235843C8235A
:10236000B0FBF3F01E308DF80200009802F03AFB4B
:10237000C0F30743C0F30722C1B2092002F0D2FF25
:10238000002003B000BD2B23DDE700BFBB10002001
:10239000A0F5FC43403B012B13B504461DD84B79F7
:1023A00013B9002002B010BDFFF79AFF47F6416352
:1023B00028B1E31A58425841FFF798FFF1E79C42D1
:1023C00014BF01244FF0FF34ADF8040000906846BC
:1023D0008DF8044005F08AFCE3E70120E2E708B548
:1023E00031B10378A02B03D1FFF75AFF012008BDBC
:1023F0000020FCE7FFF762BF04F07BBB032809D88D
:1024000041B9042A06D8044B00EB8000104433F88D
:10241000100070470120704724B0000803280BD833
:10242000012909D801EB4001044B82F0010202EBC3
:10243000410233F8120070470120704704B00008D1
:10244000012070470120704708B5FFF7FBFF08BD6A
:102450000120704708B5FFF79BFF08BD7047704724
:1024600008B5FFF7FCFF08BD0120704770477047B3
:1024700013B5104BCDE900011B78B3B99DF80530B9
:1024800073B16AB100F034FD04460146009800F0D3
:10249000F9FC2046009902B0BDE8104001F014BBE1
:1024A000009800F00BFD0446F3E7009800F020FDD3
:1024B0000099F0E7B4100020034610B400885C884F
:1024C0000A4640EA0440998810BCFFF7D1BF10B516
:1024D00004460121FFF7F0FF2146FFF7B1FF30B1BD
:1024E00001212046FFF7E8FF2146FFF7ADFF10BDB1
:1024F00038B500210446FFF7DFFF05462146FFF708
:10250000ADFF21462846FFF7ABFF38BD38B50121A6
:102510000446FFF7D1FF21460546FFF799FFB8B300
:1025200021462846FFF796FF90B32146284605F03E
:1025300038FA68B32146284605F052F940B32146DF
:10254000284604F077FC18B32146284604F04CFCDA
:10255000F0B12146284602F045F9C8B12146284687
:1025600002F088F9A0B12146284605F085F978B136
:102570002146284601F0BCFB50B12146284601F017
:10258000C7FB28B121462846BDE8384001F0DDBB35
:10259000002038BD012303FA00F0C0B200F0D5BB23
:1025A00010B504460120A040C0B201F08CF82046CE
:1025B000BDE81040FFF7EEBF0120704708B5FFF7F8
:1025C000FBFF08BD10B5044600F06CFB2046FFF78A
:1025D0004BFF2046FFF7F2FF10BD08B50120FFF7C3
:1025E000F1FFBDE8084005F0B1BD08B50020FFF7D8
:1025F000E9FFBDE8084005F0ADBD08B5FFF736FFBF
:1026000005F0C7FC03F06CFD00F031F8BDE80840B0
:10261000012003F029BE08B500F02EF8002003F0D9
:1026200023FEFFF724FFBDE8084005F0B7BC020910
:1026300006BF13460246042391081CBF0A46023314
:1026400003EB5200C0B2704701207047704738B5A5
:102650000546FFF7F9FF044610B12846FFF7F6FFDD
:10266000204638BD704708B5FFF7F1FF08BD08B533
:102670000020FFF7F8FF08BD08B505F023FBFFF7C2
:10268000F2FF08BD10B505F01DFB074B04461A7894
:10269000824207D0187005F00BFD044B18602046ED
:1026A000FFF7E1FF10BD00BFAD100020B01000200B
:1026B0001FB5CDE900019DF805300BB100F0E4FE37
:1026C000DDE900010023ADF80C10C9B2ADF80E3001
:1026D000029029B9DDE9020100F034FE04B010BD1A
:1026E00002A8FFF7F4FE0028F4D1F7E70379012BE5
:1026F00002D1008800F01EBC704708B529B104F073
:1027000029FDBDE8084004F003BE04F075FDF8E7BC
:1027100010B50446002840D0031FDBB2A02B0ED812
:1027200005F044FB20B1204605F07CFB00F022FFC1
:10273000204605F06FFBBDE8104000F01BBF00F124
:102740002003DBB2072B07D800F007040120A040CC
:10275000C0B200F073FEEEE700F15B03DBB2022BC8
:1027600005D8BDE81040243880B205F0CBBA00F19E
:102770005803DBB21A2B06D8BDE81040074A32F8DE
:10278000130005F0DBBA3334E4B2122C05D804F0A0
:10279000E1FCBDE8104004F0BBBD10BD4CB000082A
:1027A00008B50346A0B3021FD2B2A02A05D805F08F
:1027B00039FBBDE8084000F0DDBE00F12002D2B2D6
:1027C000072A07D800F0070301209840C0B200F0A4
:1027D0003DFEEEE700F15B02D2B2022A04D8BDE86A
:1027E0000840002005F08EBA00F15802D2B21A2A31
:1027F00004D8BDE80840002005F0A0BA3333DBB2AE
:10280000122B05D804F0F8FCBDE8084004F080BDA8
:1028100008BD000038B50C460546FFF779FF8CB1BE
:1028200040F2E7300021DFF820C04FF47A72002335
:10283000E4FB0C01FFF71AFD06F0FFFC2846FFF74A
:10284000AFFF38BD0120F7E7A086010008B53928A1
:102850000CBF50210021FFF7DDFF08BD08B528B1EE
:1028600000F0ECFDBDE8084000F084BE08BD08B5EE
:1028700028B100F0EBFDBDE8084000F07BBE08BDCC
:102880002DE9F843877981460C46457900F0C6FD6D
:10289000C7F30317064608B32E46FDB1C4F307235A
:1028A00003F0F002402A0CD0E1B201F12002D2B2D2
:1028B000072A25D903F0E003202B02D101291FD9D3
:1028C00007B39D4B5E7816F0040607D0022000F097
:1028D0007BFE00F0A3FD80F00106F6B2C4F30333E3
:1028E0000B2B3ED8DFE813F0100010005500550008
:1028F000B000C7003D003D00CC002A013C013C0176
:102900000026EBE73E46E9E7C4F30327C4F30722BA
:102910003B010F2A88BF1F46E4B285B157B104F1CD
:102920002003DBB2072B384600D92CB900F086FD16
:1029300000F020FE20464DE000F096FDF8E720462E
:10294000FFF72EFF6FB104F12003DBB2072B3846EF
:1029500000D914B900F07AFD01E000F08DFD00F01F
:1029600009FE002E00F0528100F050FD10F0010031
:1029700040F04C8189F8050000F042FD00F01AFAA1
:10298000484600F059F900F03BFDBDE8F84300F07F
:102990001DBAC4F30328C4F3072303F0F0034FEA7E
:1029A0000812E4B2202B18BF90462CB1012C34D071
:1029B000002D3CD0DFB1BDE75F4B5B78590714D4E5
:1029C0005DB1B8F1000F04D0404600F037FD00F0D3
:1029D000D1FD0020FFF79CFEC3E72846FFF7E0FE8D
:1029E000B8F1000FBDD04046B4E755B11FB940461D
:1029F000FFF734FFB5E7012FB3D1404600F064FD87
:102A0000AFE7002FADD14046FFF731FF404600F061
:102A100069FD404600F044FDA3E715B1052FA0D89D
:102A2000E5E7042F9DD84046FFF721FF99E7002FE7
:102A3000F9D0392C0CBF4FF4FA50012006F0FDFB01
:102A40002046FFF7ADFE8CE714F4406FC4F38123FA
:102A500007D0012B85D165B1C4F3090005F06EF9EB
:102A60007FE725B1C4F3090005F04CF979E7284662
:102A7000FAE72846F2E72946E0B2FFF73EFE70E7A4
:102A800014F4407F2AD1D5B90F23C4F34212920027
:102A9000D2B29340DB4314F01000DBB218BF1846EB
:102AA00004F00F019140C4F381240843022CC0B20A
:102AB0000ED0032C0FD0012C07D000F051F905F0F7
:102AC00001F9BDE8F843FFF7CEBD00F041F9F6E7A4
:102AD00000F04EF9F3E700F038F9F0E7C4F3012213
:102AE000EDB1D207EBD50F23C4F342129200D2B25C
:102AF0009340DB4314F01000DBB218BF184604F01B
:102B00000F019140C4F381240843022CC0B20CD0C1
:102B1000032C0DD0012C05D000F076F9CFE7012A67
:102B2000CDD9E0E700F068F9C9E700F075F9C6E72C
:102B300000F02CF9C3E700BFC61B0020E6B2C4F3C7
:102B4000032435B1204600F035F93046FFF786FE04
:102B5000B5E73046FFF78BFE204600F037F9AEE7C9
:102B6000E6B2A6F1F003042B38D8DFE803F0032126
:102B70000D141D0035B1042FA1D8C4F3042000F0BA
:102B80002FF99CE7052FF7E7C4F30420002DE4D1CB
:102B900000F010F993E725B1C4F3042000F003F925
:102BA0008DE700F0FDF88AE7194B5B785B0704D4EA
:102BB000C4F30420002DD0D0EAE72DB10321C4F3E3
:102BC000042000F0DFFC7AE7012000F0FDFC012F7B
:102BD0007FF675AF022000F0F7FC70E73DB11FB142
:102BE0003046FFF795FD6AE7C4F30420D0E757B1FC
:102BF000392E0CBF4FF4FA50012006F01EFB304670
:102C0000FFF7CEFD5BE7C4F30420A6E7BDE8F88339
:102C1000C61B002038B501880446407900F096F9BB
:102C2000054600F001F900F08FF829462046BDE87E
:102C30003840FFF725BE0000037910B50446B3B154
:102C4000FFF764FC68B900F0E9FB80B1637973B108
:102C5000074B5B785B070AD5BDE81040022000F007
:102C6000B3BC2046FFF7D6FF2046FFF741FC10BD5E
:102C7000C61B002008B5002005F044F8002005F030
:102C80005DF800F001FC00F075FC04F05FFBBDE8AE
:102C9000084004F03DBB08B505F0CCF8BDE808409D
:102CA000FFF7E8BF08B500F0D9FBBDE80840FFF723
:102CB000F2BFC0F30333062BC2B213D094BF0E335E
:102CC000063303F00F03012B13D8F02A13D004D8D6
:102CD000E72A8CBF002001207047A2F1F40358427C
:102CE00058417047F12A18BFE72A94BF01200020FD
:102CF0007047002070470120704708B5037933B151
:102D0000008800F017F9BDE80840FFF7D2BF184669
:102D100008BD82B0CDE9000102B0704782B0CDE9B4
:102D2000000102B07047704708B5FFF7FCFF08BD0F
:102D30007047000008B5FFF7FBFFFFF7F5FF014BF9
:102D4000187008BDBC1000207047FFF7F3BF0000EB
:102D5000024B1B781843FFF7EDBF00BFBC100020EB
:102D6000024B1B781840FFF7E5BF00BFBC100020E6
:102D7000024B1B785840FFF7DDBF00BFBC1000209E
:102D8000704708B5FFF7FCFF08BD704708B5FFF7AF
:102D9000FCFFFFF7F6FF014B187008BDBB100020C9
:102DA0000020FFF7F3BF012303FA00F0C0B2FFF7E2
:102DB000EDBF0000012303FA00F0034B1B7818431A
:102DC000C0B2FFF7E3BF00BFBB1000200123034ADE
:102DD0008340107820EA0300FFF7D8BFBB10002023
:102DE000012303FA00F0034B1B785840C0B2FFF7F1
:102DF000CDBF00BFBB100020024B1B781843FFF76C
:102E0000C5BF00BFBB100020024B1B781840FFF766
:102E1000BDBF00BFBB100020024B1B785840FFF71E
:102E2000B5BF00BFBB100020704701F00703C90801
:102E300001EB410130B501250A4400219D40013AD2
:102E400012F8014F20FA01F343F3000363402B40D3
:102E500001315C4003291470F2D130BD002210B55D
:102E600000F00704C00800EB4000014410468B5CF2
:102E7000E34003F00103934001321843032AC0B238
:102E8000F5D110BD0246034612F47F4F084682B0CA
:102E9000D9B2C2F3072305D1042909D8054A02B0E3
:102EA000FFF7C3BF0433DBB2012B01D8024AF6E7B8
:102EB00002B07047B8100020B510002010F47F4F0A
:102EC000C0F3072382B0C0B205D1042809D806494F
:102ED00002B0FFF7C3BF0433DBB2012B01D80349B3
:102EE000F6E7002002B07047B8100020B5100020AF
:102EF00073B503240D4BADF804001D780C4B1B7803
:102F00001D43EDB245FA04F3DB0705D4013CF9D2C9
:102F10000026304602B070BDE6B23046019900F09E
:102F2000F2FD80B20128F1D0F3E700BFBB10002012
:102F3000BC10002007B5ADF804000198FFF7D8FFDA
:102F4000019903B05DF804EB00F0DDBD13B5104B43
:102F5000ADF804101B782BB1019802B0BDE8104009
:102F6000FFF7E8BF70B10198FFF7C2FF04460146C2
:102F70000198FFF787FF2046019902B0BDE8104095
:102F800000F0C1BD0198FFF799FF0446F3E700BFC9
:102F9000B410002010B5012404FA02F204FA01F181
:102FA0001143CAB20140914204FA03F406BF204320
:102FB000C0B2A04310BD000008B513460A46014642
:102FC00003480078FFF7E6FFBDE80840FFF7DEBEE4
:102FD000BB100020F8B50C4B0C4E1C780C4D337810
:102FE000A34200D1F8BD05EBC40335F834005F8877
:102FF0009A88D98840EA074042EA01410134FFF744
:103000008DFE04F00704EAE7BD100020BE1000208A
:10301000C010002010B4064B5C8818889A88D988A4
:1030200040EA044042EA014110BCFFF777BE00BF0E
:10303000001100201C49F8B58B790F2B0AD84B7969
:1030400043B11A4B1A4A1B7815784E780F78194CF1
:10305000AB4200D1F8BD04EBC300027902B3427861
:10306000B2421DD114F83320BA4219D14279BAB90B
:103070004288B1F802C0A2EB0C0292B2C72A0FD864
:1030800001228B7962F307138B71837962F3071343
:1030900083710548FFF7D0FDBDE8F840FFF79ABF00
:1030A000013303F00703D3E700110020BD10002017
:1030B000BE100020C0100020F0B50D4B0D4C1B7849
:1030C00026780D4CB34201D10020F0BD04EBC305BE
:1030D0006F788F4206D114F83370874202D16D7930
:1030E000954203D1013303F00703EBE70120ECE73E
:1030F000BD100020BE100020C01000202DE9FF47A9
:1031000005468F4C06220146684607F06BFF23797F
:103110006F792A79C3B9002A00F0D480002F00F01B
:1031200006812846FFF7E9FD002800F0008108220B
:103130002946204607F056FF2046FFF7D7FAFFF74B
:1031400079FFFFF767FFBDE0B5F802A063886679F5
:10315000AAEB030395F800809BB2002E00F0B48028
:10316000C72B00F28A80002A00F0AC80A379627835
:103170000F2B697851D8914214D12278424511D150
:10318000002F45D1012262F30713A371FFF742FF1D
:103190002046FFF751FDA379AB710024204604B00F
:1031A000BDE8F087A7BB3A464046FFF785FF40469B
:1031B000FFF782FF04460028EFD10098FFF7BAFE20
:1031C000C0F30332032AC3B208D8012A10D910F47D
:1031D000706F12D0AA790F2A0FD8DFE7063202F0FB
:1031E0000F02012A0ED92846FFF726FD3446D5E7FF
:1031F00010F4706F01D0002BD0D02033DBB2072B3E
:10320000CCD9F0E7EF2BC9D90F33DBB2022BF7E7AC
:10321000A37943F00103A371BFE791420DD1227856
:1032200042450AD14FB92846AB71FFF705FD082288
:103230002946204607F0D6FE83E72846FFF75DFDC6
:10324000002874D0002F72D0A3791F2B0FD92288A9
:1032500002A8ADF808202279ADF80AA08DF80C205C
:1032600000228DF80E308DF80D20FFF7E5FC0822C6
:103270002946334807F0B6FE61E7A3790F2B0ED835
:10328000DDE90001FFF745FD2046FFF7D5FC0822E8
:103290000021204607F09EFEFFF7BCFE7DE78AB1C5
:1032A00061786A789142C8D122784245C5D1002F11
:1032B000C3D12846AB71FFF7BFFC08223946204630
:1032C00007F088FE012469E7C72B34D8002AF9D01B
:1032D0006FB362786B789A4220D1237843451DD131
:1032E000A379DA0714D40F2B12D9AB7103F0F003D2
:1032F000F02B06D0AB79C3F30312013262F307134C
:10330000AB712846FFF798FC082229460C4891E744
:10331000082229460A4807F065FED3E72846FFF74A
:10332000ECFC0028A3D1A37943F00103A371284644
:10333000FFF782FCC6E7DDE90001FFF7EAFCA6E73C
:1033400000110020F0B585B0CDE900016846FFF717
:10335000D5FE274E07469DF80430264D58B11BB1C7
:10336000DDE90001FFF7DAFC234C2878337883424B
:1033700024D105B0F0BDDDE90001CDE90201002B4B
:10338000F2D033782A785C1C04F0070494420BD006
:10339000082219480DEB020100EBC30007F022FEE2
:1033A0003470FFF717FEDFE7FFF77CFC0822394691
:1033B000124837702F7007F00DFED5E704EBC00000
:1033C000FFF79CFE0028D4D02B7834F8330004EBB0
:1033D000C3035F889A88D98840EA074042EA0141DE
:1033E000FFF79CFC2B78013303F007032B70BCE73D
:1033F000BE100020BD100020C010002000110020D1
:10340000014B1878C008704710110020024B187843
:1034100000F00700704700BF10110020034B187820
:1034200010F0070018BF0120704700BF10110020E6
:10343000014B1878704700BF1C110020024B1A780E
:1034400010431870704700BF1C110020024A137807
:1034500023EA0003137070471C1100200022014B67
:103460001A7070471C110020024B1A781043187014
:10347000704700BF1B110020024A137823EA0003A3
:10348000137070471B1100200022014B1A70704707
:103490001B110020704708B5FFF7FCFF08BD0000B6
:1034A00008B5054A1378034204D023EA00001070DF
:1034B000FFF7F1FF08BD00BF11110020704708B5EC
:1034C000FFF7FCFF08BD000010B5054A137830EA8D
:1034D000030403D003431370FFF7F1FF10BD00BFD7
:1034E0001211002008B5054A1378034204D023EADC
:1034F00000001070FFF7E3FF08BD00BF12110020AD
:1035000008B5044B1A781AB100201870FFF7D7FFDE
:1035100008BD00BF1211002070B5114B114D1C7871
:10352000114B2E681B781C43104B1B782BB11C438E
:1035300004F02AFC08B1FFF7E3FF34702C6808227E
:1035400020460B4907F036FD48B1214608220848BD
:1035500007F048FD2046BDE8704004F0BDBB70BDDB
:103560001C110020240C00201B110020121100202F
:1035700008110020FFF7D0BF704708B5FFF7FCFF28
:1035800008BD0000094A10B5527853070AD5084C07
:1035900041EAC0012170FFF70DFC2078C008FFF759
:1035A000ECFF10BDBDE81040FFF704BCC61B0020B7
:1035B00010110020002008B5024B1870FFF7DDFF46
:1035C00008BD00BF1011002008B50A4A137823EA8D
:1035D0000000107042070CD198420AD0064B5B786D
:1035E0005B0706D5C008FFF7F1FBBDE80840FFF711
:1035F000E1BF08BD10110020C61B0020094A08B514
:103600005378C3F3800181420AD060F382031046ED
:10361000537000F05CF8BDE808400220FFF7D4BF0B
:1036200008BD00BFC61B0020034B587880F0040083
:10363000C0F38000FFF7E2BFC61B00200120FFF7A8
:10364000DDBF0020FFF7DABF002000F0DEBB08B5C9
:10365000002000F0D6FBFFF7F7FF08BD07B500F02C
:103660008EFB00F099FB002368468DF8003000F0D7
:10367000AAFB01200A4B187000F0ACFB4FF4A053DA
:1036800001A8ADF8043000F0B0FB01F015FE04F025
:1036900063F9FFF7DCFF01F003FE03B000BD00BFDC
:1036A000BC100020FFF7DABF00F07BBB08B500F0CC
:1036B00069FB18B1BDE8084004F01EB908BD00F070
:1036C0007BBB00F084BB00F085BB00F087BB00F043
:1036D0008CBB00F08EBB00F090BB00F09ABB0000EA
:1036E00073B504F01BFD0A4C0546238883420DD0B8
:1036F0000026ADF8006004F011FDADF80460ADF8EF
:103700000200DDE90001FEF7D3FF258002B070BDA5
:103710001E11002008B504F0CBFC024B1860024BD0
:10372000186008BD281100202411002008B504F0FD
:10373000BFFC024B1860024B186008BD2811002026
:10374000201100207047704708B5FFF7FCFF08BD47
:10375000704708B5FFF7FCFFFFF7F6FF08BD08B597
:10376000FEF74AFE08BD704708B5FFF7FCFFFFF7FC
:10377000F6FF08BD0120704708B5054800F050FB72
:1037800000F0EAFCFFF7DEFFBDE80840FFF7E1BF0D
:10379000ED3C00080120704708B5FFF7FBFF08BDAE
:1037A0007047704708B5FFF7FBFFFFF7FAFFFEF71A
:1037B00021FE08BD08B5FFF779FF08B9FFF772FFD2
:1037C0000848FFF77CFF0848FFF77FFF03F074F914
:1037D000FFF777FFFFF7B9FA044B1878BDE8084008
:1037E000FFF7CFBA2C110020C61B0020BB10002011
:1037F00008B504F05BFC04F0C3F802F039FF00F0F8
:10380000ABFBFFF7D7FF04F05BFAFEF72BFF02F0EC
:10381000FDFCBDE80840FFF7A7BF70B504460D46A4
:10382000164601F0F5FD324629462046BDE87040B7
:1038300004F0D6BB2DE9F347FFF79CFF88B9FFF7EB
:103840004FFF04F03EFA02F04BFC02F067FF08B1B4
:10385000FFF76CFF03F0A2FD02B0BDE8F047FEF7F2
:1038600011BFDFF8AC9000F089FB002099F8004010
:1038700000F0E6FA8442E2D0264B1B789B0701D584
:1038800000F0E4FAFFF788FF8246002000F0D8FA43
:1038900099F800608046B04202D1FFF73BFFD0E7C5
:1038A00000240127464006EA0703DBB243B901348E
:1038B000E4B2052C4FEA4707F5D189F80080ECE720
:1038C00008EA0705EDB2003D18BF0125BAF1000F67
:1038D00005D12A4621460020FFF79FFFE7E7214652
:1038E000002004F071FB0028F3D18DF800408DF822
:1038F000010004F013FC0123ADF802008DF8043040
:103900008DF80550DDE90001FEF7D2FEE1E700BFCA
:10391000C41B00202C11002038B500F0FFF8B0F5D2
:10392000A44F044641D2B0F5A04F80F0AA80DF2812
:1039300016D8CC2800F28880A7280AD8A42876D8E0
:10394000012804D0031F9BB2A12B28BF00242046CE
:1039500038BDA0F1A8039BB21A2B6DD90024F6E75D
:10396000B0F5804F18D2B0F5005F80F09D80E72859
:10397000EDD9A0F580739BB2B3F5F85FEED2C0F33A
:10398000072000F04FF90502E0B200F0C7F805F497
:10399000F85540EA0504DAE7C0B200F0BFF804F4D5
:1039A0007064204340F42044D1E7B0F5A54F21D204
:1039B00045F25F23984251D845F23F2398420ED8F2
:1039C00045F21F23984242D8012300F00304A3408C
:1039D000C0F3850243EA421343F40D44B7E70123E1
:1039E00000F00304A340C0F3820243EA421343F40D
:1039F0000C44ACE745F2BF2398420AD845F29F2316
:103A0000984200F01F0034D84AF2F40343EA00243D
:103A10009DE7A0F5A543403B9BB21F2B9ED8040217
:103A200004F4F85444F4204444F0F0048FE7A0F187
:103A3000240444F480448AE7224B5834E4B233F837
:103A4000144044F4884482E740F4A0447FE74AF2FB
:103A5000F10300F01F0443EA042478E7012300F097
:103A60000304A340C0F3820243EA421343F40A442E
:103A70006DE700F0D7F8040204F4F85444F400545D
:103A800065E700F01F0000F0CDF803B21A0102F064
:103A9000F00210F0100F18BF1346C4F3431443EAAA
:103AA000042343F4104452E7C0F3042000F0BAF8B2
:103AB0000502E0B200F032F805F4F855054345F48C
:103AC000005444E782B0000811F47F4FC1F307238C
:103AD00082B0C9B206D1042912D80A46194602B0EA
:103AE00003F040B8FD2B05D1012909D8012202B00D
:103AF00003F044B8FC2B03D1012901D80022F6E7DA
:103B0000002002B0704707B5ADF804100199FFF727
:103B1000DBFF03B05DF804EBFFF7FEBEE7284FD8EC
:103B2000DF2807D8312864D00ED8292857D02A2872
:103B300066D07047A0F1E003072B41D8DFE803F01F
:103B40001540232831403C41392804D0822802D036
:103B500035283FD07047324B1A7892071FD15B78D7
:103B600013F0080F18BF292070472D4A1378D90782
:103B70004DD4527812F0010F22D013F0100F14BF61
:103B80000020E3207047264B1B7813F0040FF3E767
:103B9000234A137859073CD45278D207EDD5E02058
:103BA00070471F4B5A7891070AD51B7813F0100FF6
:103BB00014BF0020E7207047194B1B781A07F5D473
:103BC0007047174A1378190725D452789107EDD515
:103BD000E4207047124B1B7813F0200FC2E7104B04
:103BE0001A78920619D45B7813F0080F18BF3920A1
:103BF00070470B4B1B7813F0400F18BF2A207047FB
:103C0000074B1B7813F0400F18BF31207047392045
:103C10007047E2207047E62070473520D0E700BFAC
:103C2000C61B002030B5304D2B785A0711D500F057
:103C3000140100F018020C1F6142A2F1080C61414E
:103C4000DCF1000242EB0C0280F00C04914218BF40
:103C50002046190713D500F0140400F01801A4F150
:103C6000140CA1F11802DCF1000444EB0C045142E5
:103C7000514180F00C02D2B28C4218BF10466D78D0
:103C8000E90713D500F0110400F0180104F1FF3C1E
:103C9000A1F10802DCF1000444EB0C045142514153
:103CA00080F00902D2B28C4218BF1046AA0711D583
:103CB00000F0110400F01801A4F111025442A1F126
:103CC00018055441694280F009026941D2B28C4220
:103CD00018BF1046DB0605D500F0E70310F0080F0B
:103CE00018BF184630BD00BFC61B0020002070471B
:103CF000A0F5A543603B1F2B10B507D84C791CB924
:103D000000F01F00FEF74CFC204610BD0124FBE72D
:103D100008B54B79BBB147F65B42904210D047F6ED
:103D20005C42904205D047F65A42904205D0184670
:103D300008BDFFF779FC0023F9E7FFF77FFCFAE7FE
:103D4000FFF77FFCF7E70123F1E708B54B79A3B153
:103D500047F6014290420DD047F60342904207D009
:103D6000B0F5F84F02D1FEF738FC0023184608BD25
:103D7000FFF79AFCFEF739FCF7E70123F6E700208E
:103D800000F0ECB908B5002000F068F94FF6E363E5
:103D9000C31A5842584108BD4FF6E361002000F0B5
:103DA000BFB908B5002000F0D9F9BDE808404FF6CA
:103DB000FF71002000F0B4B910B50446022000F0F5
:103DC0003FF9207010BD0178022000F09BB903205C
:103DD00000F036B90146032000F094B910B504464E
:103DE000042000F03BF9208010BD0188042000F081
:103DF00097B90822172100F0B3B90822172100F063
:103E000067B901460F2000F099B90146132000F070
:103E100095B901460E2000F075B9002070470000EA
:103E2000014B1860704700BF280C0020704708B590
:103E3000FFF7FCFF08BD704708B5FFF7FCFF08BDA2
:103E4000014B185C704700BFC91B002070474FF43E
:103E5000076005F06DB800BF00BF00BF00BF00BF26
:103E600000BF00BF00BF00BF00BF00BF00BF00BF5A
:103E700000BF00BF00BF00BF00BF704708B5FFF71D
:103E8000E6FF08BD08B5302383F31188012100F057
:103E90000F039940032220F00F0006F0C1FA00231F
:103EA00083F3118808BD000038B50848FFF7EAFF22
:103EB0000524074D55F8040B431C01D0FFF7E2FF22
:103EC000013C14F0FF04F5D138BD00BF030C0140E4
:103ED000B8B00008F8B506460D46302383F31188C4
:103EE00006220821194806F09BFA0823174A0024E5
:103EF000536184F31188FFF7AEFF05230122144FAD
:103F000057F8041B481C1ED021F00F00806801F0F8
:103F10000F0120FA01F111F0010F0CBF1146002131
:103F2000013B2143520013F0FF03CCB2D2B2E7D1E0
:103F30000848FFF7A7FF211E18BF01212846FFF7F9
:103F40009DFF7455F8BD0021EAE700BF000C014059
:103F5000B8B00008030C014008B5FFF7A5FF002327
:103F6000044A1370044A137000F026F8BDE80840B4
:103F7000FFF75DBFC91B0020C81B002013B500213F
:103F800001A88DF80410FFF7A5FF094B9DF8041058
:103F90001A7807488A421ABF19700122002205497F
:103FA00000F00CF80446FFF747FF204602B010BDB2
:103FB000C81B0020C91B0020704700002DE9F041FC
:103FC00080460F4614460F4D42B101232B7004F07A
:103FD0006FF80D4B18600020BDE8F0812E78002EA0
:103FE000F9D0094B186804F00EF80428F3D998F8B2
:103FF00000303A789A421CBF34463B70002320467A
:104000002B70E9E73411002030110020FFF712BCBB
:1040100008B504F00FF804F0D4FAFFF7ADFB04F094
:10402000D3FAFFF7E5FB04F0DDFA04F0E1FAFFF75D
:10403000EDFF04F0F9FA04F0A1FAFFF7B3FBF4E79F
:10404000002307B5014601220DF107008DF8073066
:1040500000F086F89DF8070003B000BD002307B507
:10406000014602220DF10600ADF8063000F078F8A6
:10407000BDF8060003B000BD07B5042200230146C9
:104080000DEB0200019300F06BF8019803B000BD46
:1040900007B501228DF8071001460DF1070000F069
:1040A00064F803B000BD07B50222ADF80610014662
:1040B0000DF1060000F059F803B000BD07B5042269
:1040C000019101460DEB020000F04FF803B000BD76
:1040D000F8B505461446D31D23F0070300AFADEB3A
:1040E000030D68460E4600F03BF822466946284616
:1040F00006F060FF20B122463146284600F035F830
:10410000BD46F8BD38B50C460546FFF799FFA042FD
:1041100005D021462846BDE83840FFF7B9BF38BD75
:1041200038B50C460546FFF799FFA04205D0214659
:104130002846BDE83840FFF7B6BF38BD38B50C4655
:104140000546FFF799FFA04205D021462846BDE865
:104150003840FFF7B3BF38BD00F09AB900F03CB863
:104160000B460146184600F051B80B46014618466A
:1041700000F0DCB84FF4806208B50021044806F076
:1041800029FF4FF48163024AC2F8003408BD00BF22
:104190003811002010B5064C94F8043433B900F0FF
:1041A00035FA10B1012084F8040410BD0220FCE7A8
:1041B0003811002010B5074C94F804343BB100F0DE
:1041C0007BFA18B10023012084F8043410BD0220CA
:1041D000FCE700BF3811002038B5FFF7DBFF0446CD
:1041E00018B9FFF7E7FF204638BD00F01BFA054677
:1041F000FFF7C0FF012C06D1FFF7DCFF00280CBF42
:10420000002505F001052C46EDE700008318B3F505
:10421000806F10B50C4606D804490144204606F0CC
:10422000E1FE012010BD0020FCE700BF3811002096
:10423000F8B506460F4615460024AC4201D10120D0
:10424000F8BD07EB440106EB440000F0A5FA002896
:10425000F6D00134F1E7F8B506460F4615460024BE
:10426000AC4201D10120F8BD37F8141006EB440030
:1042700000F002FA0028F6D00134F1E70000000057
:1042800037B500F0CFF948B3FFF784FF4FF4007261
:10429000054615490020FFF7DEFFE8B110A3D3E97A
:1042A00000234FF48061104802F0A7F90422CDE901
:1042B000000169464FF48060FFF7CDFF4000C4B2B3
:1042C000012D01D1FFF776FF4FF48163064AC2F852
:1042D0000034204603B030BD0446F1E70446F8E759
:1042E00025232284E49CF2CB38110020044BD3F820
:1042F0000034B3F5006F01D3FFF7C2BF0120704750
:104300003811002010B5084C0146D4F8000400F024
:10431000B3F940B1D4F800340233C4F80034BDE836
:104320001040FFF7E3BF10BD381100208318B3F52C
:10433000806F2DE9F74F83468846154620D8534CA9
:1043400004442146404606F035FE002800F09C80DB
:104350002A464146204606F045FEFFF71BFF8146F0
:1043600060B10026002785B9FFF7C0FF0446B9F108
:10437000010F06D1FFF71EFF10B102E0FFF71AFF91
:104380000024204603B0BDE8F08F012D28D01BF09B
:10439000010F25D1BBF5804F37D298F8003098F83F
:1043A000012043EA0223012B1AD8002B0CBF6FF027
:1043B0007F036FF05F03002043EA5B2363F3070092
:1043C0004FEA5B0363F30F2080B2FFF79BFF0128E6
:1043D0000446CCD1023D0BF1020B08F10208C2E702
:1043E000BBF13F0F11D898F800004BF04003DBB24F
:1043F00043EA0020FFF786FF01280446B7D1013DBC
:104400000BF1010B08F10108ADE7052DAA4628BF05
:104410004FF0050ACBF3024343EACA03CDE9006734
:10442000524641468DF800300DF103004FEA1B2340
:104430008DF801308DF802B006F0D4FDBDF8000013
:10444000FFF760FF0128044691D1BDF80200FFF795
:1044500059FF012804468AD1012D10D0BDF804006F
:10446000FFF750FF0128044681D1032D07D9BDF87D
:104470000600FFF747FF012804467FF478AFA5EB5D
:104480000A05D344D0446EE701247AE738110020AE
:104490002DE9FF47FFF76EFE00F016F930B9FFF780
:1044A00069FE0024204604B0BDE8F0874FF4007296
:1044B00000205549FFF7BCFE534C00283BD050A3C9
:1044C000D3E900234FF48061204602F096F80646B7
:1044D0000D4604224FF4806002A9FFF7A9FEDDE932
:1044E00002239D4208BF964201D0FFF743FE4FF4DE
:1044F0008165002728460DF1060100F04DF90028DE
:104500005FD0BDF80630002B5AD0C3F381110129CA
:1045100005F10206ADF80830DAB259D002295DD0B3
:1045200061B1C4F80064FFF7ABFE04460028B9D1BE
:10453000FFF720FEB6E7FFF71DFEB0E730460DF1AE
:104540000A0100F029F90028EBD09DF809309DF808
:104550000A109DF8082043EA01234FEA02485BBA9B
:104560009BB208F4E02848EA0308C2F3C20908EB4A
:104570000903B3F5806F05F104064FEAD20AD0D8DB
:1045800012F0300F06D0304603A900F005F90028DC
:10459000C7D0AE1D1AF0040F07D030460DF10E0142
:1045A00000F0FAF80028BCD002364A460DF10B01A3
:1045B00004EB080006F016FDB6F5006F354699D3FA
:1045C0000120C4F800540028ADD0FFF78FFEACE7FF
:1045D00002F03F02C3F30723A354EDE7510201F4B5
:1045E00078511B0A41EA4303591CB1F5806F98D2F8
:1045F000C2F34012E2546754DEE700BFAFF300801D
:1046000025232284E49CF2CB38110020002108B538
:10461000034805F0C5F8B0FA80F0400908BD00BFB6
:10462000A81C00202DE9F84300250126DFF83C8076
:104630000F4FDFF84090D8F80030AB4202D8304638
:10464000BDE8F8833868D9F80010036829445B692D
:1046500098470446386805F019FC0443E4B2012C7D
:104660008CBF002606F001060135E4E72C0C002083
:1046700044150020300C002013B50C4A0B46ADF851
:10468000061011680A4A0144127812B1DB43ADF8F2
:104690000630084B022218680368DC680DF1060337
:1046A000A047B0FA80F0400902B010BD340C0020E1
:1046B000421500204415002008B5024805F07EF898
:1046C000012008BDA81C00202DE9F843274B284FE6
:1046D000284D3B60FFF7F0FF386803685B68984738
:1046E000254B264AD3F8E037044605EA83250378AC
:1046F00003F001031370836813B9214804F0F2FB3F
:10470000A4682646013C2146386805F0DDFBA84236
:1047100007D236BB1A4804F0E5FB1A4804F0E2FB66
:104720001CE0002CEDD1184804F0DCFBE9E7013572
:10473000AE42F2D0611B3868C9F8001005F0D1FB19
:104740008044B8F5006FF2D3D9F800100F4B761AF9
:1047500038681E6005F0B8FB0D4B18600120BDE8FD
:10476000F8830025DFF82C90A846E1E7A81C00207C
:104770004415002000FCFF0300F0FF1F421500203D
:10478000CCB000084DB100082AB100082C0C002064
:10479000340C0020300C00200D4B70B50C4619680D
:1047A0000C4B0144186805F0A9FB00230688012082
:1047B000094D0A4928700B702B70094A0D78127840
:1047C0001DB118460B70238070BD53427340FAE749
:1047D000340C002044150020411500204015002015
:1047E000421500204B7910B504460BB9012010BDCD
:1047F000FEF71EFEA4F5F043203B00F022000A2B3A
:10480000F4D8DFE803F0060A0E13171C2025292E22
:10481000320001F05CFD0020E9E720B101F0E4FD89
:10482000F9E70028FAD001F0CBFDF4E720B101F060
:1048300025FEF0E70028FAD001F00EFEEBE720B1EC
:1048400001F044FEE7E70028FAD001F02BFEE2E792
:1048500020B101F063FEDEE70028FAD001F04AFE45
:10486000D9E720B101F086FED5E70028FAD001F0A3
:1048700073FED0E738B54D79044615B101252846B9
:1048800038BDFEF7D5FDA4F5F043403B00F0220013
:104890000E2BF3D8DFE803F0080B0E11151A1E23B8
:1048A000272C3035393E420001F026FDE7E701F0C4
:1048B0003BFDE4E701F00BFDE1E720B101F094FDE1
:1048C000DDE70028FAD001F07BFDD8E720B101F048
:1048D000D5FDD4E70028FAD001F0BEFDCFE720B126
:1048E00001F0F4FDCBE70028FAD001F0DBFDC6E7CC
:1048F00020B101F013FEC2E70028FAD001F0FAFD62
:10490000BDE720B101F036FEB9E70028FAD001F08A
:1049100023FEB4E720B101F06BFEB0E70028FAD027
:1049200001F046FEABE7000030B510F47F4F85B0D4
:104930000190C0F30725C0F307420FD109B1284BFE
:104940009A5C144613460020E4B264F30700DBB21D
:1049500063F30F2062F3174005B030BD9DF80440AB
:1049600009B11F4B9A5C0620FF236043591BB0FB23
:10497000F3F06FF05403434303EB440303EB4303AF
:10498000DBB203FB05F4C3F1FF036B4324121B12DC
:10499000C4F1FF04C3F1FF035143544353430912CD
:1049A00024121B12062816D8DFE800F00406090CB2
:1049B0001015040014461A4613460A46C3E70C466F
:1049C0001946F9E723460C461146F4E710461C4603
:1049D0000A460146F0E7234614460A46F0E700BFC0
:1049E000BCB10008012184B004B0FFF79DBF0128CD
:1049F00010B501D8C0B210BDB0F5F75F88BFFF2277
:104A00004FF001019EBF42090832D2B28B185B10F1
:104A100003FB03F4A4B2A04206D2013BDAB29142F6
:104A2000F4D90139C8B2E6E7FF2B02D00133D9B27D
:104A3000F5E71846DFE70000064B188800EB402238
:104A400000EB820000F558501930188000EB102060
:104A5000C0B27047420C0020430658BF034610B551
:104A600048BF80F0FF030E4C48BF03F00F02C3F3B2
:104A7000011304EB4301497854BF00F00F020132E7
:104A80004A4314F8133010F0800F03EB2213DBB20B
:104A9000C3F10002D2B218BF134683F0800010BDEC
:104AA000A1B100081FB5C0F3074401905008FFF7FB
:104AB000D3FF0206A0F180035CBF6FF07F031B1AD7
:104AC00000205B00DBB204FB03331B128DF80630C1
:104AD000019BDAB262F30700C3F3072262F30F20EF
:104AE000C3F3074363F3174004B010BD144B84B005
:104AF00003EB4103E52101905B79C0F307204B43B1
:104B0000C2EB13231C33002BB8BF5B42A0EBC303E3
:104B10001BB223EAE37300FB033300201B128DF862
:104B20000530019BDAB262F30700C3F3072262F398
:104B30000F20C3F3074363F3174004B0704700BF6F
:104B4000000C0020144B84B003EB4103E5210190DD
:104B50005B79C0F307404B43C2EB13231C33002B9C
:104B6000B8BF5B42A0EBC3031BB223EAE37300FBB5
:104B7000033300201B128DF80630019BDAB262F37A
:104B80000700C3F3072262F30F20C3F3074363F365
:104B9000174004B0704700BF000C002084B00190A3
:104BA00000208DF80420019BDAB262F30700C3F302
:104BB000072262F30F20C3F3074363F3174004B0E7
:104BC0007047000084B0019000200A4B03EB4103C2
:104BD0005B799B1A8DF80430019BDAB262F307000F
:104BE000C3F3072262F30F20C3F3074363F31740B5
:104BF00004B07047000C002084B0019000200A4BE4
:104C000003EB41039B799B1A8DF80430019BDAB2C8
:104C100062F30700C3F3072262F30F20C3F30743D5
:104C200063F3174004B07047000C00201FB5124B0F
:104C3000019003EB41018B79A3F12004C3F1200320
:104C40005BB264B234EA240428BF1C464B799B1A39
:104C50002344034400208DF80430019BDAB262F350
:104C60000700C3F3072262F30F20C3F3074363F384
:104C7000174004B010BD00BF000C002084B00190AC
:104C800000209DF8102003EB430302EB53038DF843
:104C90000430019BDAB262F30700C3F3072262F328
:104CA0000F20C3F3074363F3174004B070471FB5E9
:104CB000019048B2494249B230EA200028BF084674
:104CC0005243C0F1380000FB002080B21C46FFF7C1
:104CD0008EFE00EB4000044400208DF80440019B50
:104CE000DAB262F30700C3F3072262F30F20C3F3C3
:104CF000074363F3174004B010BD000084B0019077
:104D0000104800EB430398795B792038703B4B43A4
:104D100002FB003200209DF80430002AB8BF7F3229
:104D200003EBE2138DF80430019BDAB262F3070063
:104D3000C3F3072262F30F20C3F3074363F3174063
:104D400004B07047000C002084B00190104800EBC4
:104D5000430398795B792038703B4B4302FB003268
:104D600000209DF80430002AB8BF3F3203EBA213A5
:104D70008DF80430019BDAB262F30700C3F3072217
:104D800062F30F20C3F3074363F3174004B0704787
:104D9000000C002030B5174C85B0019004EB4303A4
:104DA0005C799D79A4F17003C4F1700464B25BB2C4
:104DB00033EA230328BF2346C3F138034B43203D86
:104DC00002FB053212EB420248BF7F3200EBE210D9
:104DD0008DF804000020019BDAB262F30700C3F3F0
:104DE000072262F30F20C3F3074363F3174005B0B4
:104DF00030BD00BF000C00201FB5044601905008D4
:104E0000FFF72AFE0206A0F1800358BF6FF07F0370
:104E10004FF00D0258BF1B1A00205B00DBB253435A
:104E200004EB13248DF80440019BDAB262F307000F
:104E3000C3F3072262F30F20C3F3074363F3174062
:104E400004B010BD1FB5114B019003EB41035C7919
:104E5000A11A121BD2B211F0800FCBB218BF1346A9
:104E60001922534300EB23208DF804000020019BFE
:104E7000DAB262F30700C3F3072262F30F20C3F331
:104E8000074363F3174004B010BD00BF000C0020BF
:104E9000FF2928BFFF21C94384B00190C9B2C0F3E4
:104EA000074000FB0111002009128DF80610019B3C
:104EB000DAB262F30700C3F3072262F30F20C3F3F1
:104EC000074363F3174004B07047FF2928BFFF2151
:104ED000C943C9B284B001EB8111019000EB1120EC
:104EE0008DF804000020019BDAB262F30700C3F3DF
:104EF000072262F30F20C3F3074363F3174004B0A4
:104F0000704784B003EB8302BDF810300190134466
:104F10009BB2FF2B28BFFF23DB43C0F30740DBB26C
:104F20000344FF2B28BFFF2300208DF80630019B90
:104F3000DAB262F30700C3F3072262F30F20C3F370
:104F4000074363F3174004B0704700291FB5B8BF8B
:104F50004942002AB8BF524209B2090112B2FF29E0
:104F60004FEA0212A8BFFF21FF2AA8BFFF22BDF807
:104F7000184009B2234412B29142D4BF5B189B1867
:104F80009BB2FF2B28BFFF23DB430190DBB2C0F3B2
:104F900007400344FF2B28BFFF2300208DF8063075
:104FA000019BDAB262F30700C3F3072262F30F201A
:104FB000C3F3074363F3174004B010BD1FB5482B7C
:104FC0000190C0F3074030D8BDF81840E31A9BB2F7
:104FD000FF2B28BFFF23083189B2102905D902F120
:104FE000080189B2112928BFFF23DB43DBB2184433
:104FF000002AB8BF0332FF2828BFFF208DF8060023
:1050000000200B49497801EBA2028DF80420019B96
:10501000DAB262F30700C3F3072262F30F20C3F38F
:10502000074363F3174004B010BDFF23D3E700BF6D
:10503000D01B002084B0BDF81020C0F30741D31A64
:105040009BB2FF2B28BFFF23DBB283F0FF0211448A
:10505000FF2928BFFF210190034400208DF8043070
:105060008DF80610019BDAB262F30700C3F3072242
:1050700062F30F20C3F3074363F3174004B0704794
:1050800084B0BDF810200190D31A9BB2FF2B28BF2B
:10509000FF23DB43C0F30740DBB20344FF2B28BFF1
:1050A000FF2300208DF80630019BDAB262F307007F
:1050B000C3F3072262F30F20C3F3074363F31740E0
:1050C00004B07047024B1A7810431870704700BF45
:1050D0004815002010B5044610B9C90FC80110BD0D
:1050E00080EAE072A2EBE07212B2002902EB010347
:1050F0000DDB891A490191FBF3F1C1F12001C8B21E
:105100004342DBB230EA240028BF1846E7E75B01E0
:10511000521A93FBF2F3C3F16003D8B2F0E730B553
:1051200085B0C0F3072501901046EC1AFFF7D2FFB7
:10513000C0EB801300EB830023180020DBB205FBDB
:1051400003331B128DF80530019BDAB262F30700BE
:10515000C3F3072262F30F20C3F3074363F317403F
:1051600005B030BD30B585B0C0F30745019010469D
:10517000EC1AFFF7AFFFC0EB801300EB830023189E
:105180000020DBB205FB03331B128DF80630019BB8
:10519000DAB262F30700C3F3072262F30F20C3F30E
:1051A000074363F3174005B030BD30B585B0C0F399
:1051B000072501909DF820001B1A1046EC18FFF7F8
:1051C00089FF231A0020DBB205FB03331B128DF885
:1051D0000530019BDAB262F30700C3F3072262F3E2
:1051E0000F20C3F3074363F3174005B030BD30B55C
:1051F00085B0C0F3074501909DF820001B1A1046AA
:10520000EC18FFF767FF231A0020DBB205FB03331E
:105210001B128DF80630019BDAB262F30700C3F36C
:10522000072262F30F20C3F3074363F3174005B06F
:1052300030BD1FB5019010461C46FFF74BFF2044C0
:105240008DF804000020019BDAB262F30700C3F37B
:10525000072262F30F20C3F3074363F3174004B040
:1052600010BD1FB501909DF818001C1A1046FFF7DD
:1052700031FF241A00208DF80440019BDAB262F35A
:105280000700C3F3072262F30F20C3F3074363F35E
:10529000174004B010BD84B004B0FFF7A3BB0000FA
:1052A00008B50348FEF717FA0022024B1A7008BD32
:1052B000D01B00204815002008B5312308480322E0
:1052C000084900F8013B05F08DFE4FF67F73044A54
:1052D00010469380FEF7FFF90022034B1A7008BDB9
:1052E000D01B002000B000084815002000207047A7
:1052F00070B50E46154600EB8004FFF7F7FF044B30
:1053000023449B5DFF2B1EBF2B540130C0B270BDE8
:10531000000C0020014BDB68184700BFACB100084F
:1053200070470000F7B50D4616461F46FFF7F8FF19
:1053300000280ADB064C3B46646832462946A446F0
:10534000019403B0BDE8F040604703B0F0BD00BF7A
:10535000ACB1000813B5124B044603445B7E1942FE
:105360001CD0FFF769FB8DF80000FFF765FB0D4BC4
:1053700040F35700DB787F308DF802308DF8010064
:105380000098FFF788FFC0F30743C0F30722C1B2BC
:10539000204602B0BDE81040FFF7C4BF02B010BD08
:1053A000000C0020D01B002037B5144B04460344EA
:1053B0005B7E19421FD0124D0322691C684605F01E
:1053C00011FE6978FFF738FB6FF01F0300EB400018
:1053D000001203FB00118DF800100098FFF75BFF2F
:1053E000C0F30743C0F30722C1B2204603B0BDE8B3
:1053F0003040FFF797BF03B030BD00BF000C002066
:10540000D01B0020014B9B68184700BFACB10008BF
:105410002DE9F34705460E461446FEF7BBF907464D
:10542000C0B32CB16A4631462846FFF761FF0446F7
:10543000274D2E783319082B20DDC4F10806611C96
:1054400032462944681C05F0CDFD04F109013246BD
:10545000294405F1090005F0C5FD05EB4401720082
:10546000193105F1190005F0BDFD04F111013246B5
:10547000294405F1110005F0B5FD2E7000226946A2
:1054800010469446DFF84CE0D3B29C4205D808B1F0
:1054900034442C7002B0BDE8F08711F8018B33441E
:1054A000DBB20EEB4809E81899F805A00C3399F81F
:1054B000069005EB430380F801A080F8099080F87E
:1054C000118083F801C0384683F802C00132DBE75F
:1054D00049150020000C00200C4B1B68C3F38123EE
:1054E000022B0CD0032B0ED0012B4FF0000203D067
:1054F00011461420FFF786BF14211046FAE7002159
:1055000014220846F6E71422F2E700BFD81B002059
:10551000012070470120704708B5FFF7F9FFFCF73D
:10552000FFFE08BD43000020DBB29A1C63F30700B6
:10553000D3B20A2B28BF0A2382B063F30F2002B034
:10554000704700002DE9F04F824689B00078FFF7E0
:10555000E9FF8B462F4F304A3B7915885B0803FBE8
:1055600005552E4BC4B2ADF81400C0F30729C5F39E
:10557000072503EB440603F11908E3B2994507D860
:10558000B9F1090F8CBF0020012009B0BDE8F08FF0
:105590009AF8013018F804201A4237D07179B2799C
:1055A000703901FB01F0203A02FB020080B2039146
:1055B0000292FFF71CFA0095034697F801C0B878ED
:1055C00097F803E04CEA0020029A039940EA0E4063
:1055D000D847C0F307238DF81C00C0F307408DF8AF
:1055E0001D308DF81E000798FFF755FEC0F3072207
:1055F000C0F307438DF818008DF819208DF81A3084
:10560000C1B2DBB22046D2B2FFF78CFE02360134C3
:10561000B3E700BFD01B0020D81B0020000C0020E7
:105620000149FFF78FBF00BFAB5100080149FFF7E9
:1056300089BF00BFEF5100080149FFF783BF00BFDA
:105640007D4C00080149FFF77DBF00BF6352000891
:105650002DE9F04F824685B00078FFF763FF8B4657
:10566000284F294A3B7915885B0803FB0555274BD2
:10567000C4B2ADF80400C0F30729C5F3072503EB56
:10568000440603F11908E3B2994507D8B9F1090FA7
:105690008CBF0020012005B0BDE8F08F9AF80130E2
:1056A00018F804201A422AD0BB78787897F803C0FB
:1056B000B279717940EA0320203A70392B4640EAEA
:1056C0000C40D847C0F307238DF80C00C0F3074007
:1056D0008DF80D308DF80E000398FFF7DCFDC0F358
:1056E0000722C0F307438DF808008DF809208DF8D4
:1056F0000A30C1B2DBB22046D2B2FFF713FE023647
:105700000134C0E7D01B0020D81B0020000C002073
:105710000149FFF79DBF00BF1F5100080149FFF776
:1057200097BF00BF655100080149FFF791BF00BF57
:10573000AF4C00080149FFF78BBF00BF3352000890
:105740002DE9FF4780460078FFF7ECFE8946244E9E
:10575000244B35791B88AD0802355D43DFF888A0FE
:10576000ADF80400C0F30727C5F30725C4B2E1B2C2
:105770008F4206D8092F8CBF0020012004B0BDE85D
:10578000F08798F801301AF804201A4225D0B27830
:105790007378F07843EA022343EA00402A46C84778
:1057A000C0F307238DF80C00C0F307408DF80D30CF
:1057B0008DF80E000398FFF76EFDC0F30722C0F3CB
:1057C00007438DF808008DF809208DF80A30C1B222
:1057D000DBB22046D2B2FFF7A5FD0134C7E700BF18
:1057E000D01B0020D81B0020190C00200149FFF716
:1057F000A7BF00BFA54A00080149FFF7A1BF00BF2E
:10580000ED4A00080149FFF79BBF00BF454B000868
:105810000149FFF795BF00BF9D4B00080149FFF705
:105820008FBF00BFC54B00080149FFF789BF00BF0C
:10583000F94B00080149FFF783BF00BF2D4C00085A
:105840000149FFF77DBF00BFF94D00080149FFF78F
:1058500077BF00BF454E00082DE9F04F814689B063
:1058600000780391FFF75EFE2E4F2F4A3B79158893
:105870009B0803FB0555C5F307250446ADF8140046
:1058800005F14000C0B2FFF7E7F880384FFA80FB1F
:105890002846FFF7E1F8DFF894A0A0F18006C4F3F2
:1058A000072876B2E4B2E3B2984507D8B8F1090FF9
:1058B0008CBF0020012009B0BDE8F08F99F80120CD
:1058C0001AF8041011422AD00095BA78787897F81F
:1058D00003C040EA02205946324640EA0C40DDF857
:1058E0000CC0E047C0F307238DF81C00C0F307404D
:1058F0008DF81D308DF81E000798FFF7CCFCC0F323
:105900000722C0F307438DF818008DF819208DF891
:105910001A30C1B2DBB22046D2B2FFF703FD013428
:10592000C1E700BFD01B0020D81B0020190C0020AD
:105930000149FFF791BF00BFFD4C00080149FFF787
:105940008BBF00BF494D00080149FFF785BF00BF6D
:10595000954D00082DE9F04F384D85B0814600780F
:10596000FFF7E0FD2B794FF6FF760133FF2B28BFC1
:10597000FF238B46B6FBF3F6DFF8C4A0DFF8C48044
:10598000ADF80400C0F30727C4B2E0B2874206D8DE
:10599000092F8CBF0020012005B0BDE8F08F99F8D9
:1059A00001301AF804201A4236D098F80030DFF897
:1059B00098C0013B5BB21A0630D531462B79AA78E4
:1059C0000133FF2B28BFFF2303FB01116B78E8781D
:1059D00043EA0223C1F30F2143EA0040D847C0F352
:1059E00007238DF80C00C0F307408DF80D308DF8BB
:1059F0000E000398FFF74FFCC0F30722C0F30743E4
:105A00008DF808008DF809208DF80A30C1B2DBB29C
:105A10002046D2B2FFF786FC0134B6E71CF803201B
:105A2000824209D103F10C0208EB420251789278CC
:105A300041EA0221B142C1D3013BBCE7D01B0020A7
:105A4000190C0020DC1B0020ED1B00200149FFF792
:105A500081BF00BF914E00080149FFF77BBF00BF27
:105A6000CB4E00082DE9F04F8DB0029008780592DA
:105A7000FFF758FD8A46444BC5B21B78ADF82400A9
:105A80000393424BC0F3072903EB450619330493F4
:105A9000EBB2994507D8B9F1090F8CBF002001205E
:105AA0000DB0BDE8F08F049A9AF80130525D1A42A9
:105AB00028D00024032236490AA805F093FADFF81B
:105AC000C8B0029F0BEB0708039AFBB29A421CD89E
:105AD000304BDB7803FB044424128DF82A400A98EB
:105AE000FFF7D9FBC0F30722C0F307438DF82C0062
:105AF0008DF82D208DF82E30C1B2DBB22846D2B2FF
:105B0000FFF710FC01350236C2E718F8013F717942
:105B1000B279C91A98F808300691D21A02FB02F03D
:105B200001FB010080B20792FEF761FF194B079A53
:105B300093F804E007F10C030EF1010EBEF1FF0F24
:105B400028BF4FF0FF0E0BEB430393F801C09B7887
:105B50008DF82A404CEA032C0EFB0CCCCCF30F231F
:105B6000059C0093069903460A98A047C0F30723B3
:105B70008DF82800C0F307408DF829308DF82A00F1
:105B8000C4B20137A0E700BFDC1B0020000C0020DE
:105B9000D11B0020D01B0020044B01461B78044A77
:105BA000013B23EAE373D8B2FFF75CBFDC1B0020A4
:105BB000034F0008044B01461B78044A013B23EACB
:105BC000E373D8B2FFF74EBFDC1B00204B4F000839
:105BD000044B01461B78044A013B23EAE373D8B225
:105BE000FFF740BFDC1B0020BD4F0008044B0146FF
:105BF0001B78044A013B23EAE373D8B2FFF732BFB4
:105C0000DC1B002035500008044B01461B78044A79
:105C1000013B23EAE373D8B2FFF724BFDC1B00206B
:105C200081500008F7B506460078FFF77BFC194A5B
:105C3000044653789178ADF80000D07843EA012308
:105C400043EA0040FFF727FB134FC0F307238DF80B
:105C50000400C0F30740C4F307258DF805308DF824
:105C60000600E4B2E3B29D4205D8092D8CBF0020A6
:105C7000012003B0F0BD73783A5D1A4208D0204687
:105C80009DF806309DF805209DF80410FFF74AFBAB
:105C90000134E7E7D01B0020190C00202DE9FF4755
:105CA00081460078FFF73EFC04461F4EADF8040025
:105CB0000322711C02A805F095F93579DFF86C8094
:105CC0000135C4F30727AD08E4B2A8F1130AE3B223
:105CD0009F4206D8092F8CBF0020012004B0BDE8E8
:105CE000F08799F8013018F804201A421AD01AF8EF
:105CF00014207378120902FB05338DF808300298DE
:105D0000FFF7C9FAC0F30722C0F307438DF80C0070
:105D10008DF80D208DF80E30C1B2DBB22046D2B224
:105D2000FFF700FB0134D2E7D01B0020190C002044
:105D30002DE9FF4781460078FFF7F4FB04461F4E2C
:105D4000ADF804000322711C02A805F04BF9357967
:105D5000DFF86C800135C4F30727AD08E4B2A8F181
:105D6000140AE3B29F4206D8092F8CBF00200120FD
:105D700004B0BDE8F08799F8013018F804201A4201
:105D80001AD01AF8142073786A4303EB52138DF873
:105D900008300298FFF77FFAC0F30722C0F30743E9
:105DA0008DF80C008DF80D208DF80E30C1B2DBB2ED
:105DB0002046D2B2FFF7B6FA0134D2E7D01B00205A
:105DC000190C0020F7B501780546C1B91D4B0A240E
:105DD0001A791D4B1032FF2A28BFFF221B8802FBB5
:105DE0000333C3F30F23B3FBF4F204FB12339BB270
:105DF0002BB9FEF721FE6043144B001218800846B1
:105E0000FFF790FBAB78C4B2C0F3072693B90F4FEE
:105E10003888844210D8B0420ED26978C0B2FFF7F9
:105E2000C3FA0B233B8007E020466978FFF7BCFAF2
:105E30000134E4B2B442F7D3092E8CBF0020012014
:105E400003B0F0BDD01B0020D81B00203A0C00206E
:105E5000F7B501780546D1B91E4B1A791E4B1032A1
:105E6000FF2A28BFFF221B8802FB03330522C3F34E
:105E70000F23B3FBF2F202EB82029B1A9BB233B9FF
:105E8000FEF7DAFD0A235843144B00121880084627
:105E9000FFF748FBAB78C4B2C0F3072693B90F4FA6
:105EA0003888844210D8B0420ED26978C0B2FFF769
:105EB00051FA0B233B8007E020466978FFF74AFA46
:105EC0000134E4B2B442F7D3092E8CBF0020012084
:105ED00003B0F0BDD01B0020D81B0020380C0020E0
:105EE00038B56C4B05461B786B4A83422AD16B4907
:105EF0001378097803F003035B1A18BF0123684C79
:105F0000A370537962789A4205D000221146104658
:105F10006370FFF777FA202D16D86B1E1F2B18D849
:105F2000DFE803F02035393D4145494D5155595D74
:105F30006165696D7175797D8185898D9195999D71
:105F4000A1A5A9AD0123DAE7FF2D00F09C80002078
:105F50000BE0A378002BFAD0002211461046FFF781
:105F600051FAF4E74E48FFF75DFE237801332370C2
:105F7000002840F08D8002224A4B1A70A278002A35
:105F800040F08680002D40F0838003227FE044486B
:105F9000FFF784FEE9E74248FFF7CAFEE5E740481D
:105FA000FFF724FCE1E73E48FFF726FCDDE73C482D
:105FB000FFF728FCD9E73A48FFF7AAFBD5E73848AE
:105FC000FFF7ACFBD1E73648FFF72AFBCDE73448B3
:105FD000FFF72CFBC9E73248FFF71AFCC5E730484A
:105FE000FFF71CFCC1E72E48FFF71EFCBDE72C485D
:105FF000FFF720FCB9E72A48FFF71EFBB5E7284862
:10600000FFF792FBB1E72648FFF794FBADE7244882
:10601000FFF718FBA9E72248FFF78AFCA5E720480D
:10602000FFF78CFCA1E71E48FFF78EFC9DE71C489C
:10603000FFF7C8FE99E71A48FFF70AFF95E71848E7
:10604000FFF7FEFB91E71648FFF700FC8DE71448C9
:10605000FFF7FCFC89E71248FFF7FEFC85E71048D4
:10606000FFF79AFD81E70E48FFF7A4FD7DE70C4896
:10607000FFF7AEFD79E70A48FFF7B8FD75E7084876
:10608000FFF7C2FD71E7FFF727FA0222054B1A70EE
:1060900038BD00BF400C0020D01B0020410C002068
:1060A0003D0C00203C0C002001207047012070476F
:1060B00008B5FFF7FBFF08BD37B500780138C0B25F
:1060C000FFF730FAC0F30724C5B221462846FFF790
:1060D000EBFF21462846FFF7EBFF03B030BD000081
:1060E0002DE9F0413D4C206801F08DFF064601F09E
:1060F000DFFF002120603A4C8C4694F800E0C6F5A2
:106100007F477546FF37CBB29E450DD8BCF1000FD7
:1061100000D02570334C344F25783E78032D2FD88E
:10612000DFE805F018303F4B01F10C0204EB4202AE
:10613000537892F80280013143EA08239F4223BF3B
:106140009B1953701B0A4FF0010C34BF05F1FF354A
:106150009370D8E70022254B21491A70244B29223D
:106160001860244804F03EFF234B1B782BB9234BC7
:106170001B7813F0030518BF9D0801233D702370A1
:10618000BDE8F0813046FFF7ABFE002EF8D0237853
:10619000022B01D1FFF7C0F9BDE8F0411348FFF72A
:1061A0008BBF174B174A1E70144B1B78C3F30103A8
:1061B0001370FFF7AFF80323E1E7134D2B7823B1FA
:1061C0000E48FDF788FA00232B70094B186801F080
:1061D0001AFF0F28D4D90023D1E700BF741500207F
:1061E000491500203C0C0020781500203D0C0020B3
:1061F000D81B0020DC1B002079150020D01B0020BC
:10620000400C0020410C00204815002070B50024EF
:10621000104B114D1B68984710481022FF2100F8C1
:10622000194B04F0D7FE0E481022FF2100F8194B3D
:1062300004F0D0FE01230B4E28463370FDF749FAD7
:106240002B783470032B03D8BDE87040FFF734B8C7
:1062500070BD00BFACB10008D01B0020DC1B0020CB
:10626000491500204815002070B506460A4D88B132
:106270002C787CB92046FFF733FE084B084A1C7087
:10628000084B1B78C3F301031370FFF743F8032295
:10629000054B1A702E7070BD79150020400C00203F
:1062A000410C0020D01B00203C0C0020044A137835
:1062B00083F0010313700022024B1A70FEF702BF35
:1062C000D01B00203C0C00200020FFF7EFBF012076
:1062D000FFF7ECBF064A137813F0030304BF054928
:1062E0000B700121137861F301031370704700BF35
:1062F000D01B00203C0C002008B5FFF7EBFFBDE8E9
:1063000008400120FEF7DEBE054B1A7892071EBF3B
:106310000021044A11701A7822F003021A707047A3
:10632000D01B00203C0C002008B5FFF7EDFFBDE8B6
:1063300008400120FEF7C6BE024B187800F00300AB
:10634000704700BFD01B00200D4A0346107810B4E0
:10635000800713D073B1202B0ED803F03F031478BD
:10636000084663F3870414700022064B1A7010BCB1
:10637000FEF7A8BE0123F2E72023F0E710BC704728
:10638000D01B00203C0C00200021FFF7DDBF0000E7
:10639000024B1878C0F38500704700BFD01B002067
:1063A000064B01461B78C3F385030133DBB2212B77
:1063B00034BF18460120FFF7C7BF00BFD01B002025
:1063C0000120FFF7EDBF0000064B01461B78C3F329
:1063D0008503013B13F0FF0314BF18462020FFF78D
:1063E000B3BF00BFD01B00200120FFF7EDBF0000AE
:1063F00030B4084C2578AD0709D0C82A28BFC82278
:106400006070A170E270184630BCFEF75BBE30BC15
:10641000704700BFD01B00200023FFF7E9BF00003A
:10642000014B5878704700BFD01B0020014B987873
:10643000704700BFD01B0020014BD878704700BFC9
:10644000D01B0020034903464878CA780830897871
:10645000FFF7CEBFD01B00200120FFF7F3BF0000E5
:10646000054910B44C780346083CCA78A0B2897834
:1064700010BCFFF7BDBF00BFD01B00200120FFF7FD
:10648000EFBF000010B4064C0346A178E27810314B
:10649000FF2928BFFF216078C9B210BCFFF7A8BF51
:1064A000D01B00200120FFF7EDBF000010B4064C08
:1064B0000346A178E278103921EAE1716078C9B227
:1064C00010BCFFF795BF00BFD01B00200120FFF7D5
:1064D000EDBF000010B4064C0346E278A1781032FC
:1064E000FF2A28BFFF226078D2B210BCFFF780BF1E
:1064F000D01B00200120FFF7EDBF000010B4064CB8
:106500000346E278A178103A22EAE2726078D2B2C9
:1065100010BCFFF76DBF00BFD01B00200120FFF7AC
:10652000EDBF0000024B18710020FEF7CBBD00BF8D
:10653000D01B0020014B1879704700BFD01B0020F2
:10654000044A13791033FF2B28BFFF231371FEF782
:10655000B9BD00BFD01B00200120FFF7F1BF000034
:10656000034A1379103B23EAE3731371FEF7AABDC4
:10657000D01B00200120FFF7F3BF00000A4A537927
:10658000FF2B0AD0052B0AD0022B0AD10133DBB234
:106590000649CB5C5371FEF795BD0023F6E7012356
:1065A000F4E70023F4E700BFD01B00209DB10008F2
:1065B0000120FFF7E3BF00000B4A5379FF2B0ED0F9
:1065C000052B0AD0022B01D05BB90323013BDBB2C0
:1065D0000649CB5C5371FEF775BD0123F6E7032333
:1065E000F6E70023F4E700BFD01B00209DB10008B0
:1065F0000120FFF7E1BF01F0BDBB2DE9F0414FF0F5
:10660000120C46180546194610460027B54201D31C
:10661000BDE8F08115F8013B83EA0002A2FB0C8380
:106620000CFB01334801540114EB080440EAD2602A
:1066300043EB00034FEAC218A4184FEAC11041EB24
:1066400003034FEA022E40EA526014EB08044FEABB
:10665000012143EB000341EA126114EB0E0443EB0A
:1066600001030EEB03013819D0E7FDF793B80000E2
:1066700008B508220021034804F0ACFCBDE808403E
:1066800000F014B97B1500208378C078013303F043
:1066900003031B1A58425841704710B50446FFF7D0
:1066A000F3FF78B9A37801F07F01E01841EAC21145
:1066B00001710120013303F00303A3702378013338
:1066C000237010BD0020FCE710B5C37884789C428D
:1066D00011D003441B79C3F3C014C3F306030B703A
:1066E0001470C378013303F00303C370437801339C
:1066F0004370012010BD0020FCE700000A4601465F
:106700000148FFF7CABF00BF7B1500200A460146BB
:106710000148FFF7D9BF00BF7B1500202DE9F041EC
:106720002D4B86B01A7832B100221A702B4B9A7812
:10673000DA701A785A7000F0F7F8FFF796FF0446FF
:1067400000283BD00024FC262FE09DF806409DF851
:1067500007808DF81040B8F1000F33D0FD230227D9
:106760008DF8113001F0DAFC0123ADF812008DF83C
:1067700014708DF81530DDE90401FBF799FF8DF8F1
:106780000840B8F1000F23D0FD238DF8093001F047
:10679000C5FC0023ADF80A008DF80C708DF80D30A3
:1067A000DDE90201FBF784FF2C460DF107010DF135
:1067B0000600FFF7ABFF05460028C6D1204606B00D
:1067C000BDE8F0818DF81160032701F0A7FCCBE74D
:1067D0008DF80960DBE700BF7A1500207B150020EB
:1067E0004FF4E15002F0A4BB69B1084B53F820000C
:1067F000431C0AD0012100F00F030322994020F02E
:106800000F0003F00DBE024BF0E77047D0B2000856
:10681000D8B2000879B1094B53F820305A1C1FBF79
:1068200023F00F02906803F00F03D84014BF00F06C
:10683000010000207047024BEEE700BFD0B2000815
:10684000D8B20008704700002DE9F0410025154F2F
:106850003B78ECB2A3420CD8FFF7C2FF0025DFF86B
:1068600048803B78ECB2A3420DD8FFF7EBFFBDE8C0
:10687000F08100212046FFF7B7FF01212046FFF7F6
:10688000B3FF0135E4E700212046FFF7C3FF0121F4
:1068900006462046FFF7BEFF46EA400608F80460B9
:1068A0000135DEE783150020861500200222024B09
:1068B0001A70FFF7C9BF00BF8315002070B5164BD3
:1068C00041EA42011A5CC9B202F00305A94204463A
:1068D00020D041EA82011954104B114D1E5C114B1E
:1068E00001F00F012A5C5B5C13445BB2B3422B5492
:1068F00002DB0021FFF702FF2A5773429A4203DCB2
:1069000001212046FFF7FAFE2B5793FBF6F206FB18
:1069100012332B5570BD00BF86150020CCB2000885
:1069200084150020BCB20008F8B500250A4E337863
:10693000ECB2A34200D8F8BD00212046FFF76AFF61
:10694000012107462046FFF765FF394602462046EB
:10695000FFF7B4FF0135EAE78315002038B51A4D7B
:10696000F0220C21284604F035FBE022002105F13D
:10697000F00004F02FFB10224FF48061134803F065
:106980004FFD0023124C1A460A21042003F0A4FCF8
:10699000104BE2695B6C3C329A6043F2B012DD60EE
:1069A0001A604FF4E8725A601A68204642F00102F9
:1069B0001A60094902F019FF2046BDE8384000225C
:1069C000022102F024BF00BF88150020000801400A
:1069D000C81C002050B60008E0B2000830B51825E9
:1069E000104C05FB0040002441FA04F515F0010F9E
:1069F0000CBF0C252025C57142FA04F515F0010FD6
:106A00000CBF0C25202500F8015D43FA04F515F0B4
:106A1000010F0CBF0C2520250134082C0574E3D18F
:106A200030BD00BF9015002030B5044D00EB400094
:106A30002C1861702A54A37030BD00BF051C0020C3
:106A400070B5134605460E460024204632462946B8
:106A50000134FFF7E9FF0A2CF7D170BD38B50025E6
:106A6000064CA37822786178A8B20135FFF7B6FF0B
:106A70000A2D04F10304F4D138BD00BF051C002029
:106A8000FCF712BE08B50020FDF7DAF900F00100AE
:106A900008BD08B5FDF772FA40F6B83002F0CDFB3C
:106AA000FDF76CFAFFF7EEFF28B1FFF7E9FFBDE84D
:106AB000084001F04BBB08BD08B5FFF7EAFF08BD71
:106AC00013B50446012100680DF1070200F039F901
:106AD00023689DF807000133236002B010BD042035
:106AE000704700F093B800F0ACB800F0C2B800F006
:106AF000DFB8F8B500F088F800250026ECB2F7B250
:106B00003A4600212046FBF779FC013603463A4617
:106B10000021204600F095F8052EF0D10027F9B2AB
:106B200001222046FBF77AFCF9B2034601222046F7
:106B300000F0BEF8F9B200222046FBF76FFCF9B274
:106B400003460022204600F0B3F87B1C022B4FF0D6
:106B50000107E4D13D44042DCFD1F8BD00F0C6B803
:106B600000F0D9B8032810B405D821B9042A02D8F6
:106B700010BC00F04BB8002010BC7047032803D8AD
:106B8000012901D800F075B8002070471020704727
:106B900008B500F0D3F880B208BD00F0D2B800F01C
:106BA000EDB808B500F031F8BDE8084000F000B9D4
:106BB0000F2873B5054613D800F0C0F8012101AACB
:106BC000013800F0BEF89DF804404CB900F0B6F86A
:106BD00006463DB92A460B4801A9019400F03CFD48
:106BE00002B070BDB442FBD00121204601AA00F0E2
:106BF000A8F89DF804300BB10134F3E7013DEDB284
:106C00000134E6E7C16A000870477047032838B5C9
:106C100013D891B9042A12D80A23520003FB002486
:106C200004F12900FDF70CFA054604F12A00FDF7EE
:106C300007FA40EA052080B238BD0020FCE708468C
:106C4000FAE7032838B51D4612D889B9042A0FD8A7
:106C50000A23520003FB0024290A04F12900FDF74E
:106C600051FAE9B204F12A00BDE83840FDF74ABA0A
:106C700038BD032870B5154618D8012916D8C000AC
:106C800000EB810000F1510482F0010004EB4000B0
:106C9000FDF7D6F9002D06460CBF03200120204445
:106CA000FDF7CEF940EA062080B270BD0020FCE777
:106CB000032870B516461D4617D8012915D8C000FF
:106CC00000EB810000F1510482F0010004EB400070
:106CD000190AFDF717FA002E0CBF03200120E9B2B4
:106CE0002044BDE87040FDF70DBA70BD70B5144684
:106CF00000F129055618B44200D170BDA5F1290351
:106D0000272B06D82846FDF79BF904F8010B01351F
:106D1000F1E70020F9E770B5144600F1290556188F
:106D2000B44200D170BDA5F12903272B03D8284612
:106D30002178FDF7E7F901340135F1E740F28F30B2
:106D400070472DE9F84300F1710806460F461546D5
:106D5000444640F28E39A4EB08039BB2BB4201D3F8
:106D6000BDE8F88333444B4506D82046FDF768F963
:106D700005F8010B0134EEE70020F9E72DE9F843AF
:106D800000F1710680460F461446354640F28E39B2
:106D9000AB1B9BB2BB4201D3BDE8F88343444B45D8
:106DA00003D828462178FDF7ADF901340135EFE726
:106DB000F0B585B010220021684604F00BF93924A3
:106DC00040F28F357127102D2E4628BF10263946E8
:106DD00032466846FDF77CF9013C3744A5EB0605D1
:106DE000F1D105B0F0BD000047F61643984210B54A
:106DF0000C461BD1FCF71CFB62790D4B72B100F005
:106E0000AA00002813BF01220022292035201A7071
:106E100001F000F8FCF7AEFB002010BD1B78934298
:106E20000CBF2920352000F0FDFFF3E70120F4E737
:106E30005917002010B504464879002800F00A814F
:106E4000A4F5E044A3B2222B34D88348013CFCF7DC
:106E50003CFC212C23D8DFE814F06D00EB00770018
:106E6000340039007C003E00810090004D00E200BB
:106E70005200950057009A00C8005C009F00D100A6
:106E80006300A600B0004300860048008B00680045
:106E9000AB00BD00DC00E0002E007200F4006E4A82
:106EA000137843F0010313706B48FCF710FCFBF7F9
:106EB000F9FE002010BD684A537843F00803537070
:106EC000F2E7654A137843F00203ECE7624A13786D
:106ED00043F00403E7E7604A137843F00803E2E76E
:106EE0005D4A537843F00103E9E75B4A537843F086
:106EF0000203E4E7584A137843F01003D3E7564AF5
:106F0000137843F02003CEE7534A137843F040034D
:106F1000C9E7FBF7C7FE504A137843F08003C2E786
:106F20004D4A137843F00C03BDE74B4A537843F0C6
:106F30000303C4E7484A137823F00103B3E7464A42
:106F4000537823F00803BAE7434A137823F0020387
:106F5000A9E7414A137823F00403A4E73E4A1378D3
:106F600023F008039FE73C4A537823F00103A6E788
:106F7000394A537823F00203A1E7374A137823F004
:106F8000100390E7344A137823F020038BE7324A4A
:106F9000137823F0400386E7FBF784FE2E4A13782C
:106FA00023F080037FE72C4A137823F00C037AE761
:106FB000294A537823F0030381E727490B78C3F369
:106FC000800282F00102D2B262F3820362F3C30351
:106FD0000B7069E720494B78DA4302F0010262F353
:106FE000000362F341034B705EE71B490B78C3F368
:106FF000801282F0010262F38613E9E7FBF752FE8A
:1070000015490B78C3F3C01282F0010262F3C71373
:10701000DEE70120FCF761FB46E70020FAE70E49B6
:107020000B78C3F3001282F0010262F30413CFE77E
:1070300009490B78C3F3000282F0010262F30003F6
:10704000C6E705494B78C3F3C00282F0010262F340
:10705000C303C8E701202DE7C61B002000EB400357
:10706000C3EB031300EB830003B2002B07DA803B72
:1070700018B2002800DAFF30001240B270478030AA
:10708000FAE70000164B1B78D90707D5154B18787F
:1070900040007F281FD800B3C0B270479A0703D5BD
:1070A000104B18788000F4E75B0703D50D4B187878
:1070B000C000EEE70C4B1B785BB10C4A0949127813
:1070C00008789342F4D25843C000B0FBF2F080B28B
:1070D000DFE70820E0E77F2070470120704700BF0E
:1070E00060170020490C00205F170020480C00208A
:1070F000144B1B78D90705D5134B18788008F0B1CD
:10710000C0B270479A0703D50F4B18784008F6E7CE
:107110005B0705D50C4B18787F28F0D97F20704786
:107120000A4B1B784BB10A4A0749127808789342F8
:107130003CBF5843B0FBF2F0EEE70120E0E701204E
:10714000704700BF60170020450C00205E1700202C
:10715000440C002008B5A0F1CD03122B10D8DFE8B5
:1071600003F00A1013192E2E2E2E2E2E2E2E1C2139
:10717000252B363C4100FFF785FF40421C4BD87061
:1071800008BDFFF77FFFF9E7FFF77CFF4042184B90
:107190009870F5E7FFF776FFF9E7FFF7A9FF144BC3
:1071A0001871EDE7FFF7A4FF4042F8E7FFF7A0FFF3
:1071B00040420F4B5871E3E7FFF79AFFF9E70123CD
:1071C0000B4AD138517883400B435370D8E7094AB2
:1071D000137843F001031370D2E7064A137843F0A3
:1071E0000203F8E7034A137843F00403F3E700BF10
:1071F0006117002060170020414BCD2893F9032030
:1072000012D1002A01DA0022DA709A78D9780A437A
:1072100052B20AB93B490A701A795B7913435BB2DF
:107220000BB9394A13707047CE2802D1002AEADC24
:10723000EBE7CF2893F9022004D1002AE5DA0022F7
:107240009A70E2E7D02802D1002AF8DCDDE7D928DD
:1072500093F9042004D1002AD7DD00221A71D4E763
:10726000DA2802D1002AD0DAF7E7DB2893F90520E3
:1072700004D1002AC9DA00225A71C6E7DC2802D1FB
:10728000002AF8DCC1E7D1380E28BED801A252F896
:1072900020F000BFD1720008D1720008D17200083E
:1072A000D1720008D1720008D1720008D1720008B2
:1072B000D17200080B7200080B7200080B720008F4
:1072C0000B720008DF720008EB720008F57200080C
:1072D00001215A78814022EA01025A7095E70B4950
:1072E0000A7822F001020A708FE708490A7822F032
:1072F0000202F8E705490A7822F00402F3E700BF2A
:10730000611700205F1700205E1700206017002023
:1073100008B500F003FF0A4A9378D1780B435BB2BB
:107320000BB1084B18801379527913435BB20BB140
:10733000054B18800248BDE8084000F0D7BC00BFEC
:10734000611700205C1700205A170020062208B59C
:107350000021054803F03EFE0023044A1370044A4E
:107360001370044A137008BD611700205F170020D6
:107370005E1700206017002090F902305BB990F989
:10738000033043B990F904302BB990F90500C01AC5
:1073900018BF0120704701207047000037B5524CDC
:1073A00006222146684603F01DFE00239DF80320B7
:1073B000A370E370237163719DF8023013435BB2D5
:1073C00053B14A4B188800F017FE49490B7843B374
:1073D000484A127890422DDC9DF804309DF8052033
:1073E00013435BB25BB1444B188800F005FE434980
:1073F0000B78002B46D0424A127890424BDC69460B
:10740000394800F021FD18B93748FFF7B5FF08B13A
:10741000FFF77EFF06226946334803F0E3FD03B021
:1074200030BD0A25374A12786A439042D4DD0133D1
:107430000B7001E0FF2BFAD19DF902503DB1FFF72F
:1074400021FE002DD4BFFF2301235843A0709DF9D6
:1074500003503DB1FFF716FE002DD4BFFF230123DB
:107460005843E07094F902000028B5D094F9032045
:10747000002AB1D0FFF7F2FDA0701046FFF7EEFD35
:10748000E070A9E70A25204A12786A439042B6DDE7
:1074900001330B7001E0FF2BFAD19DF904503DB18F
:1074A000FFF726FE002DD4BFFF2301235843207190
:1074B0009DF905503DB1FFF71BFE002DD4BFFF2302
:1074C00001235843607194F90400002897D094F97F
:1074D0000520002A93D0FFF7C1FD20711046FFF769
:1074E000BDFD60718BE700BF611700205C170020B5
:1074F0005F1700204A0C00205A1700205E1700205A
:10750000460C00204B0C0020470C00204D4B2DE971
:10751000F0410C464C49C2081F5C4C4B8E5C4C49F8
:107520009B5C00F0070011F802800341064148FA15
:1075300000F813F0010506F0010608F0010812D06A
:10754000E120FBF7E5F8002C6ED040F2E730002197
:10755000DFF800C14FF47A720023E4FB0C01FAF764
:1075600085FE01F06AFE96B1E620FBF7D1F8002C0B
:107570005CD040F2E7300021DFF8D8C04FF47A72D7
:107580000023E4FB0C01FAF771FE01F056FE2146E0
:107590003846FBF73FF9002C4AD040F2E730002193
:1075A0002C4F4FF47A720023E4FB0701FAF75EFEDA
:1075B00001F043FE86B1E620FBF7F2F8D4B340F2C7
:1075C000E7300021234E4FF47A720023E4FB0601DA
:1075D000FAF74CFE01F031FE85B1E120FBF7E0F84F
:1075E00054B340F2E73000211A4D4FF47A72002371
:1075F000E4FB0501FAF73AFE01F01FFEB8F1000FB7
:107600001ED02C20FBF722F9C4B140F2E730002154
:10761000104D4FF47A720023E4FB0501FAF726FEC1
:10762000BDE8F04101F009BE01209AE70120ACE776
:107630000120BDE70120CDE70120DDE70120EFE7D4
:10764000BDE8F08118B30008A8B30008B8B300087B
:1076500098B30008A08601002DE9F84F17460546AB
:107660000E4640F2E73000212D4C4FF47A72002391
:10767000E7FB0401FAF7FAFD4FF00A098246DFF84A
:10768000A4803046A847A8B1012845D13046A84774
:10769000431E0446032B07D8DFE803F0020E13183D
:1076A0003046A847FBF7D2F8A7B3504601F0C5FD16
:1076B000002CE6D1BDE8F88F3046A847FBF728F844
:1076C000F2E73046A847FBF76BF8EDE73046A847EE
:1076D0004FF0000B044618F8041011F0040110D10B
:1076E000BBF1000F14D040F2E730DFF834C04FF4A4
:1076F0007A720023CBFB0C01FAF7B8FD01F09DFD77
:10770000D2E73046A847303C09FB0B4B0446E2E782
:107710000120F3E70120C9E73946FFF7F7FEB0E79C
:10772000A086010035B70008F8B5144642791D4619
:107730009DF81870284B92B11C7000F0EFFC274B9D
:10774000188004F12003DBB2072B44D8012004F099
:107750000704A040C0B2BDE8F840FBF77FB81E7830
:10776000A6422ED11D4B188800F046FCC72828D809
:10777000AE4205F1200415D006F12003DBB2072B41
:1077800006D8012006F00706B040C0B2FBF76FF83C
:10779000E3B2072B06D8012005F007039840C0B2DA
:1077A000FBF75CF83846E4B2FBF750F8072C12D828
:1077B000012005F00705A840C0B2BDE8F840FBF77E
:1077C00056B804F12003DBB2072B04D8012004F0E3
:1077D0000704A040F0E7F8BD6A17002068170020F2
:1077E000A0F5F843183B07B50846062B3AD8DFE862
:1077F00003F0161D040F242B320026230093E123EF
:1078000047F61A411A46FFF78FFF002003B000BD6C
:1078100027230093E52347F61B411A46F3E7262367
:10782000E022009347F61841E123ECE72723E42206
:10783000009347F61941E523E5E72623E22200936A
:1078400047F61C41E123DEE72723E622009347F6B3
:107850001D41E523D7E72823E522009347F61E4183
:107860000123D0E74B7913B10022024B1A7001209B
:10787000CCE700BF6A17002038B547F67743984237
:1078800005D047F6784398421BD0012038BD4B798C
:1078900093B100F01FF8FBF78DFA00F01BF80446D7
:1078A00000F01EF8054600F021F829460246204661
:1078B000FBF782FB0020E9E700F00CF8FBF786FA03
:1078C000EBE74B7913B100F00BF8E4E700F008F8B0
:1078D000F4E70000014B1878704700BF4E0C002001
:1078E000014B1878704700BF4D0C0020014B1878F1
:1078F000704700BF4C0C002007B50DF107020DF1D9
:1079000006010DF1050000F0A6F99DF80530262BC3
:107910000BD19DF80630082B07D19DF80700A0F188
:1079200010035842584103B000BD0020FBE720B1CE
:1079300010220821262000F0A2B9FF22114610468D
:10794000F9E77047704710B50446FFF7FBFF204684
:10795000BDE8104000F0A9B908B500F07BF900209F
:10796000FFF7E5FF0020FFF7EEFFFFF7C2F8FFF794
:1079700018F9BDE8084010220821262000F07FB940
:1079800008B5FFF7DEFF00F08BF9FFF7DBFFFFF72D
:10799000B3FF18B9BDE80840FFF7DEBF08BDFEF72A
:1079A00093BC08B54B794BB1A0F5EE427F2A03D8C2
:1079B000C0B2FFF7FDF80023184608BD0123FBE71E
:1079C000FF230370704710B503780446013B032B77
:1079D0000BD8DFE803F0020B1215FEF72DFDC823CC
:1079E000C0EB0020B0FBF3F0607010BDFEF7A4FC0C
:1079F0000028F9D0FEF7CCFCF6E7FEF79BFDF3E795
:107A0000FEF70EFD6070FEF711FDA070EDE738B5D2
:107A100003780446013B032B2BD8DFE803F0021167
:107A20001E23FEF7FDFC0546FEF700FDC9230146B7
:107A300062785A43120A2846BDE83840FEF7ECBC8B
:107A400043781BB9BDE83840FEF75EBCFEF742FC48
:107A50006078BDE83840FEF797BC4078BDE8384014
:107A6000FEF760BD84784578FEF7E6FC21460246C5
:107A7000E1E738BD024610F8023B082B05D0092B80
:107A800005D0072B05D1FFF7C2BFFFF79CBFFDF75D
:107A900007BCFF231370704708B54378032B03D14D
:107AA000BDE80840FFF7E6BFFFF78AFF08BD38B51D
:107AB00004460D46FAF793FC002840F0CA8023786C
:107AC000013B142B42D8DFE803F00B153C565C68F1
:107AD0006B6B6B414170747A85909396A1ACB50045
:107AE000002363700D23A37029462046BDE838406B
:107AF000FEF781BD6378013B052B27D8DFE803F053
:107B0000030D1015261B00F0D3FA030EA370030C0F
:107B1000E370030A23716071E6E700F0C1F8F4E74F
:107B2000A378002BE0D1E370DEE70023A370E370BD
:107B300023716371D8E70023A370E37023710823D6
:107B4000F7E76378022B04D0052B10D0FF232370B6
:107B5000CAE7E378A07840EA0320237940EA0340AB
:107B6000637940EA036000BAFFF7EDFEBCE7A07856
:107B7000FFF715FFB8E7E278A1786078FEF7B1FF6C
:107B8000C7E762792379A17843EA02235BBAE278F6
:107B900060789BB2FEF7A7FFA6E7FEF7AAFFA3E770
:107BA00029462046FFF778FF9EE7FEF7EFFF60705B
:107BB0009AE7FEF7EDFF030A6370A07094E7607820
:107BC000A378E17840EA032040BA221D80B2FEF794
:107BD000E4FF89E76078A378E17840EA032040BABF
:107BE000221D80B2FEF7DBFF7EE7FEF7DAFF7BE7C0
:107BF000FEF775FFDBE76078A378E17840EA0320C1
:107C000040BA221D80B2FEF7A9FF6DE76078A37825
:107C1000E17840EA032040BA221D80B2FEF7A0FFBF
:107C200062E7E278A178003A18BF01226078FEF797
:107C30005CFF6EE762792379A17843EA0223E27858
:107C40005BBA003A18BF012260789BB2FEF74FFF83
:107C50004AE738BD704770B506460D46144618B160
:107C60002520FCF7EDF930701DB12620FCF7E8F96E
:107C700028701CB12720FCF7E3F9207070BD38B5DF
:107C80000D46144601462520FCF73CFA29462620DD
:107C9000FCF738FA2146BDE838402720FCF732BA15
:107CA00008B52820FCF7CCF908BDC1B22820FCF7A4
:107CB00029BA0000014B1860704700BF7017002000
:107CC00070477047034B1B6813B11B6803B118471B
:107CD0001846704770170020034B1B6813B15B6890
:107CE00003B11847704700BF70170020044B1B6892
:107CF00023B1DB6813B1022101701847704700BF40
:107D0000701700200B4B07B51A8882420FD01880DD
:107D1000094B1B685BB11B694BB103228DF8050051
:107D2000000A8DF806008DF8042001A8984703B0DA
:107D300000BD00BF6E170020701700200B4B07B569
:107D40001A88824210D01880094B1B6863B11B69E6
:107D500053B104228DF80500000A8DF806008DF855
:107D600004200DEB0200984703B000BD6C17002003
:107D700070170020034B1B6813B15B6903B11847F0
:107D8000704700BF701700200020074B10B51B681C
:107D90009A1C083312F8014B411CC9B2002C18BFC1
:107DA00008469342F6D110BD240C002060B1074B69
:107DB0001B685A1C073312F8011F814203D09A42F4
:107DC000F9D1002070470120704700BF240C00202B
:107DD00000224FF0FF3330B5441C14F8015F8D4290
:107DE0000BD0B3F1FF3F01D105B953B20132062ADE
:107DF000F3D15A1C01D01844817030BD002210B557
:107E0000431C073013F8014F8C4208BF1A7083429D
:107E1000F8D110BD024B01461868FFF7D9BF00BF6B
:107E2000240C0020024B01461868FFF7E7BF00BF93
:107E3000240C0020034B062218680021023003F0B6
:107E4000C9B800BF240C002042784B789A421DD15B
:107E500090F902301BB191F902209A4216D190F9A3
:107E600003301BB191F903209A420FD190F90530EC
:107E70001BB191F905209A4208D190F9040030B164
:107E800091F90430181A18BF01207047012070477B
:107E900082B002B0704707B5FFF7FAFF03B000BD2C
:107EA00007B5042205490130C8700DEB020003F04C
:107EB00099F80198FFF7EFFF03B000BD4F0C0020C9
:107EC000032307B5064A0649D37004220DEB0200CE
:107ED00003F088F80198FFF7DEFF03B000BD00BF94
:107EE0004F0C0020FFF7DCBF012307B5064A064907
:107EF000D37004220DEB020003F074F80198FFF731
:107F0000CAFF03B000BD00BF4F0C0020FFF7ECBF5D
:107F100007B5003818BF01200422054988700DEB11
:107F2000020003F05FF80198FFF7B5FF03B000BD52
:107F30004F0C0020014B9878704700BF4F0C002079
:107F400007B50422054948700DEB020003F04AF81A
:107F50000198FFF7A0FF03B000BD00BF4F0C002049
:107F6000014B5878704700BF4F0C002007B5042222
:107F7000054908700DEB020003F034F80198FFF793
:107F80008AFF03B000BD00BF4F0C00207047704750
:107F9000704708B5FFF7FCFF08BD704708B5FFF74D
:107FA000FCFF08BD08B5FFF7F1FFFBF7E7FFFFF7A0
:107FB000EEFF0020FBF744FF024B1870003818BF9B
:107FC000012008BD74170020044B1A5C01238B406C
:107FD0001A4214BF01200020704700BF7417002010
:107FE00032B90123034A8B40115C21EA0301115489
:107FF000704700BF7417002010B5044600F08EF8DB
:10800000001B80B210BD10B5044600F051F8001BF3
:1080100010BD000008B51022002102F0DBFF03466E
:10802000034A02F5FD6007C883E80700184608BD4B
:1080300000F0FF1F08B501F019FABDE8084000F094
:1080400039BF08B5FAF7D9FABDE8084040F2A46094
:1080500001F0F3B808B5FBF701FAFBF715FAFFF7E3
:10806000E9FEFFF773F90020FFF74CFE0020FFF751
:1080700065FEBDE80840FAF7CEBA0000302383F36E
:108080001188064BDA69064B1A600023054A136013
:10809000054A136083F31188704700BF401C00201D
:1080A000801700207C17002078170020FFF7E6BF1C
:1080B00070B500F025FF124D124B1349DC692B6897
:1080C0000A68E41AA242114A0AD9A3F58333E03BB5
:1080D00016682B600E4B04F58334F318E0341360FC
:1080E00015680C604FF47A7600F013FF0021094800
:1080F0000023E4FB0601084AFAF7B8F8284470BDEB
:1081000080170020401C00207C17002078170020DA
:1081100088598F029F860100A086010008B5FFF7ED
:10812000C7FF80B208BD0000BFF34F8F0549064B63
:10813000CA6802F4E0621343CB60BFF34F8F00BF05
:10814000FDE700BF00ED00E00400FA0508B5FFF709
:10815000EBFF000044F24D2208B5024B9A62FFF794
:10816000E3FF00BF006C004070B590F87420044637
:1081700002F07F03212B4FD112F0800F90F8753061
:108180001ED0022B18D0032B05D0012B18D1BDE82F
:10819000704000F0E9BC90F8783090F8791053EA1C
:1081A000012539D1FFF7C6FE0122314B1870A366B5
:1081B000E2662567012070BDBDE8704000F002BE98
:1081C0000A2B20D00B2B0FD0092B25D194F8783017
:1081D00094F8791043EA012323F00203E3B9254B15
:1081E0000222254DA366E3E794F8783094F87920CD
:1081F00053EA022303D194F87600FFF789FE0022A8
:10820000A2660025D4E794F87700FFF7AFFE20467A
:10821000BDE8704000F0FEBD02F09F02812A18D137
:1082200094F87530062B14D194F87920616894F88D
:1082300078304D6843EA0223204694F8772094F87A
:108240007610A84708B90020B5E743680268A3661E
:10825000D7E70325094ED6F8843023B9013D06F14E
:108260009006F8D1EFE7204698470028F6D0A1E71E
:108270008C17002090170020C5820008F80C002001
:10828000F8B50F4C0022234643F8042F90F87B707A
:1082900090F8796090F8765090F87A2090F87810FD
:1082A00090F8770042EA072241EA062145EA0020D9
:1082B00000F0ECF920606068002818BF2046F8BD87
:1082C0008417002090F87A2090F87B00074942EA52
:1082D0000022022A0B7806D1012B01D0062B04D1F3
:1082E0004878FFF72DBE1846FBE77047901700202F
:1082F00010B5064A064C117824784B1C03F00F0386
:108300009C421EBF034C1370605410BD331C0020F0
:10831000341C0020231C002008B5052936D8DFE8CE
:1083200001F0203503202036302383F311882248C2
:1083300000F0A1FA214800F09EFA214800F09BFAD3
:10834000204800F0A7FA002383F311881E4B1B7806
:1083500013B10520FFF7CCFF0220BDE80840FFF76E
:10836000C7BF0846FFF7C4FF302383F311881248C4
:1083700000F05AFA114800F057FA114800F054FA88
:10838000104800F065FA002383F3118808BD3023FC
:1083900083F31188084800F068FA084800F065FA8D
:1083A000074800F062FA074800F062FA002383F3FE
:1083B00011880520D1E700BFF80C0020880D0020AF
:1083C000180E00206C0C002092170020102208B517
:1083D0000021044802F0FEFD0023034A1370034A03
:1083E000137008BD231C0020331C0020341C002007
:1083F00070B5294D294C00222E782378B34232D112
:1084000002B1237070BD2370254B1A70254B93F871
:108410007F10081E18BF0120FFF752FDEBE7002276
:1084200023701F4B1A70FFF715FE1E4B93F87F1039
:10843000081E18BF0120FFF755FDDCE72370194B1C
:1084400093F87F10081E18BF0120FFF729FDD2E71F
:10845000002123700846F8E72370FFF745FD01204F
:10846000FFF756FDC7E719460F480133415C01226B
:1084700003F00F030529C1D801A050F821F000BF77
:1084800059840008FD8300083D84000851840008D9
:10849000078400081F840008331C0020341C0020BF
:1084A00092170020E81C0020231C002070B506460F
:1084B0000025174C204600F071F90135204600F0E8
:1084C00095F9032D04F19004F4D14FF48054114830
:1084D00000F078F90F4800F098F906224FF4805127
:1084E0000D4801F09DFF0C4B30465C6101F0ECF94A
:1084F00041F2883000F0A1FE3046084901F0D0F981
:108500002146BDE870400222034801F089BF00BF48
:10851000F80C00206C0C002000080140C8B30008D3
:1085200037B500239025054C009305FB004042F22F
:10853000107300F02EFA03B030BD00BFF80C00201D
:1085400010B50446FFF7F6FC2146BDE810400822AE
:108550000120FFF7E5BF7047014606220020FFF724
:10856000DFBF014603220020FFF7DABF20290A46B9
:1085700003D101460220FFF7D3BF704700B589B091
:10858000002320226946054800F069FA08B909B0BD
:1085900000BD20216846FFF78AFAF1E76C0C002045
:1085A00070477047704708B5FFF7FAFF02F05EFBAF
:1085B000FFF7F7FF08BD08B502F060FBFFF7F2FF19
:1085C00008BDFFF7A3BC000008B5FFF7FFFE044895
:1085D000FFF76CFFBDE8084041F2883000F02DBE87
:1085E000E81C00200148FFF765BB00BF540C0020C9
:1085F00010B50C4CFFF7FCFE2378052B02D1237835
:10860000052B00D010BDFFF71CFDFFF7CBFC0028A9
:10861000F5D0B4F87C309B07F1D5204601F0DEF9A7
:10862000EDE700BFE81C002000F052BB30B5144B52
:1086300085B01C7814BB012268461A70FFF7EAFC6B
:108640002346104A104C04A901EB630111F8100CE9
:1086500002EB43010509655D00F00F008D700025F8
:10866000205CCD70591C023302EB4101202B887035
:10867000CD70E8D1422313700323537005B030BD91
:108680009317002094170020F4B30008020A032A6D
:1086900010B51C460FD007D8012A2DD0022A07D1C9
:1086A0005B20184A226010BD212A16D0222A1BD036
:1086B00000200246F6E7C0B20328F9D8DFE800F050
:1086C0001F0205080A20104AECE710200F4AE9E7CC
:1086D000FFF7ACFF0E4A1078E4E70229E8D80D4B0B
:1086E000092053F82120DDE70229E1D80A4B53F88D
:1086F00021200A4B585CD5E71220094AD2E7042012
:10870000084ACFE727B4000817B4000805B40008EA
:1087100094170020E8B30008DCB30008D8B30008C1
:1087200082B4000823B4000813B5446B226F137899
:10873000042B12D1012394F8741012898B40134238
:108740000BD1204601A900F072FF024628B1019B1F
:1087500094F87410206F01F02FF902B010BD10B51D
:10876000026F04461378042B13D1012390F8741080
:1087700052898B4013420CD100F0B0FE024640B14A
:10878000E36994F87410206F043BBDE8104001F0D9
:1087900001B910BD406BFFF7E2BF00001FB500F14B
:1087A0005C03C364064B01210193836FD0F88020E2
:1087B00000930290C36F00F017FF05B000BD00BF2B
:1087C000298700081FB500F15C030365064B0121F2
:1087D0000193836FD0F8802000930290C36F00F064
:1087E0005BFE05B000BD00BF95870008302383F312
:1087F0001188036F90F8742003EB820398620023C2
:1088000080F8883083F311887047302383F3118810
:1088100090F87430026F113342F82300002380F87F
:10882000843083F311887047012310B50446037226
:108830006FF0010100F031FD204600F0ECFED4F8AD
:108840008C3023B1BDE81040DA681868104710BDBD
:10885000012310B5044603726FF0010100F01DFD05
:108860002046BDE8104000F02EBE00230372704782
:1088700000230372704710B5044690F8741000F19D
:108880003802006F01F048F8204600F0C4FE0023D3
:10889000237210BD10B5044690F8741000F1380230
:1088A000006F01F039F8204600F00DFE002320464D
:1088B0002372BDE81040FFF752BF00EB8103F7B50C
:1088C0009C6A05460E4684B3302383F31188002347
:1088D000226984F8883063699A4201D1E368B3B9A8
:1088E00005EB8603DB685B691B6883B1D4F88C30C9
:1088F00053B101A9204600F09AFED4F88C3001460D
:108900009F68019A1868B847204600F09EFE2046EE
:1089100001A900F08CFE024648B1019B3146284671
:1089200001F04AF8002383F3118803B0F0BD05EB92
:108930008603DB681A68022AF4D15A691268002A91
:10894000F0D01B8A013B1340ECD105F17402E5E73E
:1089500001F1110310B550F82340CCB1302383F35B
:10896000118800EB8100C3689B695B6853B1236F7A
:1089700094F87420204603EB8203DB689B695968F6
:1089800000F0B6FD2046FFF7EAFE002383F31188CE
:1089900010BD2DE9F8431D4604468846164630238F
:1089A0009DF8207083F31188036F00201B78042B3F
:1089B00003D080F31188BDE8F88394F8883023B1A0
:1089C00001354FF0FF3518BF002580F311882B4685
:1089D00032464146204600F073FE86421DD93023C0
:1089E00083F3118894F888304FF00009002808BFFD
:1089F00043F0010384F8883001236FF001012372F2
:108A0000204600F04AFC204600F005FE84F808905D
:108A100000F07CFB89F31188D9E70FB10120CAE788
:108A2000204600F090FEF9E7302383F311880269B5
:108A300043699A420FD1C3687BB10123026F90F85A
:108A4000741012898B4013420CBF012000200023B8
:108A500083F3118870470020F9E71846F7E738B527
:108A600015460446302282F31188026F00201278E6
:108A7000042A02D080F3118838BD94F8842022B1F2
:108A800001334FF0FF3318BF002380F311882A46CB
:108A9000204600F068FDB0FA80F35B0984F884306A
:108AA0002B1A58425841E7E7006810B440B1054C12
:108AB0008264E469083040F8044C10BC02F092BAB9
:108AC00010BC7047401C00200168134631B18A6C0D
:108AD00003F108009A64083102F084BA704710B5B7
:108AE0000446006840B1826C0021083002F072FA3E
:108AF000002223681A605A6010BD00000B7810B481
:108B0000082B0BD850F8230040B110BC044B8264F2
:108B1000DB69083040F8043C02F064BA10BC7047CE
:108B2000401C00200829134609D850F8211031B103
:108B30008A6C03F108009A64083102F053BA704756
:108B400070B50026051F00F1200455F8040F38B158
:108B5000826C0021083002F03DFA2B681E605E60D6
:108B6000A542F2D170BD000038B590F878300446C7
:108B7000022B1CD890F87610082918D80D4AD25C20
:108B8000022A14D890200C4B00FB0233D3F88C003F
:108B900060B10A4D43682A460068984705F108030A
:108BA000A366AB6C0120E3660023236738BD002079
:108BB000FCE700BFF40C0020F80C0020081A00208D
:108BC000036843B19100196003490B78002A18BF6C
:108BD00043F001030B707047541A0020006810B175
:108BE0000068C0F38700704738B503680BB90020F0
:108BF00038BD302383F31188036800211C685B684B
:108C000081F31188002CF2D04FF47A7C074A084D8A
:108C1000D069084AC01AE0FB0C5100232846F9F736
:108C200025FB84428CBF00200120E1E7401C00208E
:108C30009F860100A08601004B1E072B0BD850F821
:108C4000213043B19100196003490B78002A18BF05
:108C500043F001030B707047541A0020082906D80E
:108C600050F8210020B10068C0F387007047002051
:108C700070470000082938B501D9002038BD50F8E8
:108C80002130002BF9D0302383F3118850F82130A4
:108C900000211C685B6881F31188002CEDD04FF433
:108CA0007A7C084A084DD069084AC01AE0FB0C518A
:108CB00000232846F9F7DAFA84428CBF002001200D
:108CC000DCE700BF401C00209F860100A086010059
:108CD0002DE9F84F384B1B78002B41D000254FF081
:108CE00030082E46A946354FD7F88C40002C30D09E
:108CF000002D37D14FF0010A88F31188636920688D
:108D00005FFA8AF19847002818BF46F0010689F3F8
:108D100011882A48FFF788FEB0B1A36920685FFA7E
:108D20008AF1984780B188F31188254A63682068E2
:108D30005FFA8AF1984789F31188214B00209A6CD9
:108D400003F10801FFF7ECFB0AF1010ABAF1090F80
:108D5000D2D10135032D07F19007C5D1164B1E70F6
:108D6000BDE8F88F88F3118800216369206898476F
:108D7000002818BF46F0010689F311883846FFF72E
:108D800053FE0028E5D00021A369206898470028F9
:108D9000DFD088F31188DFF828A0002152466368ED
:108DA0002068984789F31188DAF848200AF1080109
:108DB000E8B2FFF7B5FBCCE7541A0020F80C00200E
:108DC000BC19002010B590F878300446022B19D851
:108DD00090F87610082915D80B4AD25C022A11D8CF
:108DE00090200A4B00FB0233D3F88C0048B1436952
:108DF00000689847064B1870A36601200023E066C0
:108E0000236710BD0020FCE7F40C0020F80C0020C4
:108E1000B819002010B590F878300446022B19D804
:108E200090F87610082915D80B4AD25C022A11D87E
:108E300090200A4B00FB0233D3F88C0048B1036941
:108E400094F877200068984700230120A366E36622
:108E5000236710BD0020FCE7F40C0020F80C002074
:108E600070477047FEE70000F0B508200026104A62
:108E7000516813680D469468043BAC4210D8E31C5B
:108E80005B1ACD1E23F00303AC4238BF00230B4412
:108E9000D168994209D8013802F11002E8D1F0BD39
:108EA00053F8047F45F8047BE7E743F8046BF0E7E9
:108EB00078B5000838B501230025074C237065609C
:108EC00000F0C8FA0549064800F02EF90223237085
:108ED00085F3118838BD00BF381C0020F8B50008A4
:108EE000401C002072B60322024BD865024B1A7058
:108EF000FEE700BF401C0020381C002000F052B8E4
:108F0000EFF3118020B9EFF30583302282F311884B
:108F1000704710B530B9EFF30584C4F3080414B1F9
:108F200080F3118810BD00F0F1F884F31188F9E79F
:108F3000034A516853685B1A9842FBD8704700BFD8
:108F4000001000E010B50A4C23699A6891420CD8D1
:108F50005A6881600360426010609A685860521AD3
:108F60009A604FF0FF33A36110BD1B68891AECE7CC
:108F7000401C002003610023C2604361FFF7E2BF91
:108F8000036881689A680A449A60426813605A606C
:108F900000234FF0FF320360014B9A61704700BF1E
:108FA000401C002070B5124D2A46EB690133EB617D
:108FB00052F8103F934206D030269A68013A9A60E0
:108FC0002C69A36803B170BD226861680A605160B2
:108FD000236083F311882046E3682169984786F36C
:108FE000118861690029EBD02046FFF7ABFFE7E766
:108FF000401C002000238268037503691B68996880
:109000009142FBD25A68036042601060586070471A
:1090100000238268037503691B6899689142FBD835
:109020005A680360426010605860704708B530238A
:1090300083F311880A7D0023052A06D8DFE802F0B1
:109040000C050503130F8A6913604FF0FF330846C0
:109050008B61FFF7CFFF002383F3118808BD8A6976
:109060009368013393604A680B6813605A60ECE7B9
:10907000FFF7C0BF054BD9680875186802685360D0
:109080001A6001220275D860F9F7DAB8401C002096
:1090900030B50C4B0546DC684B1C87B00FD023461F
:1090A0006846094AFFF766FF2846FFF7E3FF009B83
:1090B00013B16846FFF764FFA06907B030BDFFF742
:1090C000D9FFF9E7401C00202D900008044B1A68D6
:1090D000DB6890689B68984294BF0020012070472D
:1090E000401C0020084B10B51C68D86822685360EB
:1090F0001A6001222275DC60FFF78AFF01462046D4
:10910000BDE81040F9F79CB8401C0020044B1A68D9
:10911000DB6892689B689A4201D9FFF7E3BF70470A
:10912000401C002030BFFDE770B5002504461A4BF7
:1091300086B0856201630E46586000F045F904F17F
:109140001003236163614FF0FF33A361134BE561AB
:10915000D9692B460A462046C4E9082304F13401A4
:1091600080230F4A24606460A560E562E56500F035
:109170001DF801230B4AE06003750092726868468F
:109180000192B268CDE90223074BCDE9043500F026
:109190003FF806B070BD00BF381C0020401C002006
:1091A00093B1000898B100082591000802228B6055
:1091B0004B62002308618A8208460B62CB617047CC
:1091C0008368C168A3F14C0243F81C2C026943F880
:1091D0004C2C42690C4843F8482C0C4A43F8180CB4
:1091E00043F82C2C022203F8142C002243F8201CF4
:1091F00003F8132C43F8041C43F8082C43F80C2CF8
:10920000A3F12800704700BF401C00205122000835
:1092100008B5FFF7D5FFBDE80840FFF729BF0000FC
:10922000024BDB6898610F20FFF724BF401C002031
:10923000302383F31188FFF7F3BF08B501463023CD
:1092400083F311880820FFF723FF002383F311889D
:1092500008BD03682BB10022026018469961FFF730
:1092600007BF704749B1064B4268DB6818605A6017
:10927000136043600420FFF70BBF4FF0FF307047CF
:10928000401C00200368984206D01A6802605060B3
:1092900018469961FFF7ECBE704738B504460D4695
:1092A0002068844200D138BD036823605C6085611A
:1092B000FFF7DEFEF4E7034610B51B68984203D0C3
:1092C0009C688A689442F8D25A680B604A601160C0
:1092D000596010BD0023006040608360704700004B
:1092E00038B58168164B0546DC6891B9236A8460FD
:1092F000C360206238BD8B600B7D7BB1062B14D11F
:109300000B684A68886913605A60FFF7D4FF8B695D
:109310009968A3688A689A42EDD306E04A680B68A8
:10932000084613605A60FFF7A3FE28462146FFF760
:10933000C2FFA5610620BDE83840FFF79BBE00BF15
:10934000401C002008B5302383F31188FFF7C8FFC5
:10935000002383F3118808BD154A0346D16810B570
:10936000302282F31188C26800680A6298421BD0DA
:10937000486A82B98860186802681A605360026A95
:109380009860DA600362FFF773FEFFF7BFFE002309
:1093900083F3118810BD1468A24203D0A468A042D0
:1093A00038BF2046D268E4E700238360EFE700BFC0
:1093B000401C0020EFF30983203383F30988002346
:1093C00083F3118870470000302080F3118862B663
:1093D0000C4B0D4AD96821F4E0610904090C0A43D9
:1093E000DA60D3F8FC20094942F08072C3F8FC200F
:1093F0000A6842F001020A602022DA7783F822002C
:10940000704700BF00ED00E00003FA05001000E027
:10941000302310B583F311880B4B5B6813F40063A2
:109420000FD0EFF309844FF08073203CE36184F3A5
:109430000988FFF74BFE10B1044BA36110BD044B2C
:10944000FBE783F31188F9E700ED00E063220008F1
:1094500066220008024B034A1A60034A5A607047AA
:10946000A01C0020701D00200050002008B500F056
:109470009FFD074800F09EFF00F081F900F0ACF975
:1094800000F0FFF9FFF797F8BDE8084000F002B8D8
:10949000F8B6000800F0F6BF30B501720021039C59
:1094A000043303FB0425C361049B00600363059B35
:1094B0004060C16042610261856104624262816212
:1094C000C162436330BD0022416AC26041610161F3
:1094D00082626FF00101C262FFF7DFBE0369426979
:1094E000934201D1C2680AB9181D70470020704725
:1094F00003691960C26800210132C260C269134465
:1095000082690361934224BF436A0361FFF7BABED5
:1095100038B504460D46E3683BB162690020131D6F
:109520001268A3621344E36207E0237A33B9294641
:109530002046FFF797FE0028EDDA38BD6FF00100F6
:10954000FBE7C368C269013BC36043691344826996
:109550004361934224BF436A436100238362036BE8
:1095600003B1184770472DE9F84F04460F4691465E
:109570009B464FF0300888F311880026B246A56A52
:109580004DB959462046FFF7C3FF20B185F3118836
:109590003046BDE8F88FA16AE56AA9EB06036D1AAB
:1095A0009D4228BF1D46402D15D93846402201F066
:1095B00019FDA36A403740334036E26AA3629A42FB
:1095C00002D82046FFF7BDFF8AF311884E45DFD24F
:1095D00088F31188D3E738462A4601F003FDA36AD1
:1095E0002F442B442E44E8E710B5029C043301724B
:1095F000C36103FB042100238362C362039B0060F9
:109600000363049B4060C460426102618161046243
:109610004262436310BD026A6FF00101C260426A98
:109620004261026100228262C262FFF736BE0346D7
:1096300040691A69824201D1DB681BB950F8043BCA
:109640000B60704700231846FAE7C368C26901330C
:10965000C36043690021134482694361934224BF7C
:10966000436A4361FFF70EBE38B504460D46E36812
:109670003BB1236900201A1DA262E2691344E36230
:1096800007E0237A33B929462046FFF7EBFD00288F
:10969000EDDA38BD6FF00100FBE703691960C268BD
:1096A000013AC260C269134482690361934224BFD4
:1096B000436A036100238362036B03B11847704759
:1096C0002DE9F84F04460F4691469B464FF030086F
:1096D00088F311880026B246A56A4DB9594620463E
:1096E000FFF7C2FF20B185F311883046BDE8F88F3F
:1096F000A06AE56AA9EB06032D1A9D4228BF1D4604
:10970000402D17D93946402201F06CFCA36A40373E
:1097100040334036E26AA3629A4204D8E1692046A7
:109720000439FFF7BAFF8AF311884E45DDD288F37A
:109730001188D1E739462A4601F054FCA36A2F4428
:109740002B442E44E6E7302208B582F31188816A63
:1097500029B103690439C91A01D0FFF79EFF00231C
:1097600083F3118808BD08B50C30FFF7F5FD002024
:1097700008BD08B50C30FFF7E5FD002008BD00F07E
:1097800079BC0000054B0C3040F80C3C012300F87C
:10979000083C002340F8043CFFF79CBD04B60008D9
:1097A00010B53023044683F31188816000F06EFC0D
:1097B00002230020237180F3118810BD10B53023DF
:1097C000044683F3118800F075FC00230122A36096
:1097D000227183F3118810BD00F072BE0123037063
:1097E00000234360C3600374704738B504463023D8
:1097F00083F3118800254B6841608360C56000F0E9
:109800006FFE0223237085F31188284638BD30236C
:1098100010B583F31188012303FA01F4C3682343CD
:10982000C36000F00FFF002383F3118810BD10B553
:109830000446002101F0D8F90021204601F0C2F9C8
:1098400063681B6813B1062120469847A36823F07C
:109850000113A3600023E366062384F8643010BD7F
:1098600010B5044690F8763080F87E3001F076F836
:1098700063681B6813B101212046984703232370B6
:1098800010BD01F049B8012310B53822044600216B
:1098900000F82C3B01F09EFB00236360A36010BD29
:1098A00010B53023044683F3118820224160002143
:1098B0000C3001F08FFB204601F0CAF80223002093
:1098C000237080F3118810BD70B53023054683F3F3
:1098D000118801F027F82C46002601236E6004F859
:1098E000083B283554F8043F73B1586920B16FF034
:1098F00001010C30FFF7ADFC2368986920B16FF0CF
:1099000001010C30FFF7A5FCAC422660EAD1FFF75D
:10991000FDFB86F3118870BD70B500EB8103054631
:1099200050690E461446DA6018B11422002101F085
:1099300051FBA06918B11422002101F04BFB314604
:109940002846BDE8704001F013B8F8B5044600277A
:10995000836800F10C0503F00113836000F1280611
:1099600055F8043F73B1586920B16FF001010C3014
:10997000FFF76FFC2B68986920B16FF001010C3084
:10998000FFF767FCB5422F60EAD12046BDE8F840FA
:1099900001F08EB830B4012445898C402C434481B9
:1099A00000EB8104E468A46923600023A260636083
:1099B000E36030BC01F0C4B830B4012405898C40A8
:1099C0002C43048100EB8104E46864692360002374
:1099D000A2606360E36030BC01F0D2B810B50378D8
:1099E000052B0BD1064CC820236C43F010032364D5
:1099F000FFF723FC236C23F01003236410BD00BF8A
:109A0000005C00402DE9F041022300260546044693
:109A10004FF030080370C667C66600F1280745F8A6
:109A2000086F55F8043F9BB188F311882B6858697B
:109A300020B16FF001010C30FFF70BFC2B68986927
:109A400020B16FF001010C30FFF703FC86F31188A1
:109A5000BD422E60E5D1204684F8646000F0DEFF50
:109A600063681B6823B12046BDE8F0410021184718
:109A7000BDE8F081F8B503780546052B27D080F8BE
:109A800080300523037043681B680BB1042198479D
:109A90002C460026302744F8086F283554F8043F38
:109AA0009BB187F311882368586920B16FF00101D9
:109AB0000C30FFF7CEFB2368986920B16FF00101ED
:109AC0000C30FFF7C6FB86F31188AC42E6D1F8BD37
:109AD0000178052906D190F88020436802701B6840
:109AE00003B118477047000070B590F86430044621
:109AF0003BB1836823F0011383600023C36680F8C1
:109B000064300021204604F1740200F0FFFF636816
:109B10009B684BB994F8743013F060052CD0204644
:109B2000BDE87040FFF783BE204698470028F1D07B
:109B300094F87A3094F87B20E56E43EA02239D4244
:109B400084BF1D46E36694F97430002B4FF0300358
:109B500080F2F480002D00F0E380092284F8642074
:109B600083F3118800212046E36EA26EFFF724FFE5
:109B7000002383F3118870BD94F8752003F07F03F0
:109B800043EA022340F20232934200F0B68021D829
:109B9000B3F5807F4CD00DD8012B43D0022B00F0C1
:109BA0008480002BBBD104F17C02A2660222E26613
:109BB0002367BDE7B3F5817F00F08C80B3F5407F6C
:109BC000ADD194F87630012BA9D1B4F87C3043F0B4
:109BD000020336E0B3F5006F3DD01BD8B3F5A06F9C
:109BE00035D0A3F5C063012B99D894F8792061682A
:109BF00094F878304E6843EA0223204694F87620A1
:109C000094F87710B047002889D04368A3660368AA
:109C1000E3661AE0B3F5106F22D040F60242934299
:109C20007FF47DAF524BA3660223E3660023BFE7B8
:109C300094F87630012B7FF472AFB4F87C3023F0C7
:109C40000203A4F87C30A566E566256770E7494BFA
:109C5000A566E566ACE704F17F03A3660123D7E7B9
:109C60002378042B10D1302383F311882046FFF78B
:109C70006CFE85F311880321636884F87F5021709E
:109C80001B680BB12046984794F876304BB184F8A6
:109C90007F300423237063681B6813B102212046C0
:109CA00098470023A366E36682E794F8783020465D
:109CB0001D0603F00F010AD500F01AFF012804D099
:109CC00002287FF42CAF2C4BADE72C4BABE700F018
:109CD00001FFF3E794F87630002B7FF420AF94F87F
:109CE000783013F00F01DCD01A06204602D500F0C0
:109CF000A5FFD6E700F08AFFD3E794F87630002B73
:109D00007FF40DAF94F8783013F00F01C9D01B0623
:109D1000204602D500F068FFC3E700F053FFC0E71C
:109D2000142284F8642083F311882B462A4629469E
:109D30002046FFF72FFE85F311881CE75DB1152241
:109D400084F8642083F3118800212046E36EA26E1C
:109D5000FFF720FE0CE70B2284F8642083F31188C0
:109D60002B462A4629462046FFF726FEE3E700BF9A
:109D700030B60008619800082EB600082CB600081E
:109D800038B590F8643004460B2B09D80B2B3BD820
:109D9000DFE803F0083A3A3A3A3A083A3A0D2B3BF0
:109DA000152B31D12046BDE83840FFF740BD90F873
:109DB0007A3090F87B20C56E43EA02239D4214D28C
:109DC000C3681B8AB5FBF3F203FB12556DB9302350
:109DD00083F311882B462A462946FFF7EDFD85F3CC
:109DE00011880A2384F864300EE0142384F8643068
:109DF000302383F31188002320461A461946FFF7C3
:109E0000C9FD002383F3118838BD036F03B1984760
:109E1000A36823F00113A3600023E366E2E710B513
:109E200090F864300446142B1ED00CD8062B05D0B5
:109E300001D81BB110BD0A3B012BFBD82046BDE861
:109E40001040FFF7F4BC152BF4D10B2380F86430DD
:109E5000302383F3118800231A461946FFF7ACFD1F
:109E6000002383F31188E5E7C3689B695B68002BD7
:109E7000E0D1036F03B19847A36823F00113A360F7
:109E80000023E36684F86430D4E7000037B5054664
:109E90002B6828469B6901A99847012810D140F2F8
:109EA000E73C00210198DFF81CE04FF47A72E0FBF8
:109EB0000EC100236046F8F7D9F9FFF7BEF9E7E7CE
:109EC00003B030BDA0860100036810B55B680C4686
:109ED0009847C36813B153F8340010BD006960435C
:109EE000FBE7036810B55B680C469847C3681BB175
:109EF00003EBC403586810BD0069FCE7036810B5A4
:109F00005B680C4698474069204410BD00F16043EF
:109F100003F56143090183F80013012300F01F02D8
:109F20004009800000F16040934000F56140C0F8B6
:109F3000803103607047012200F01F039A404309FB
:109F40009B0003F1604303F56143C3F88020C3F82D
:109F50008021002300F1604000F5614080F800336B
:109F6000704700F16040090100F56D4001767047CF
:109F7000062108B50846FFF7C9FF06210720FFF7AD
:109F8000C5FF06210820FFF7C1FF06210920FFF7C2
:109F9000BDFF06210A20FFF7B9FF06211720FFF7B2
:109FA000B5FFBDE8084006212820FFF7AFBF00003D
:109FB0004FF0FF3108B5104B1A6919611A69002278
:109FC0001A611869D868D960D968DA60DA68DA691C
:109FD00042F08052DA61DA69DA6942F00062DA61ED
:109FE000064ADB69136843F48073136000F014F9C8
:109FF000BDE80840FFF7BCBF001002400070004001
:10A00000194B1A6842F001021A601A689007FCD5D1
:10A010001A6802F0F9021A6000225A605A6812F0B7
:10A020000C0FFBD11A6842F480321A601A6891034F
:10A03000FCD55A6842F4E8125A601A6842F08072FD
:10A040001A601A689201FCD51221084A5A60084A1F
:10A0500011605A6842F002025A605A6802F00C021B
:10A06000082AFAD1704700BF0010024000641D00AA
:10A070000020024008B50348FFF784FB024B014A69
:10A08000D36108BDA81C002000200240C369064A15
:10A0900059680A435A605968044A0A435A600022C0
:10A0A000034B1A61704700BF23016745AB89EFCDB1
:10A0B00000200240C269136943F0800313617047B6
:10A0C0000048704734B6000838B5044600790528C2
:10A0D0000DD003201F252071E06901F10061C560EA
:10A0E000184600F07FFF02230020237138BD0120B5
:10A0F000FCE7F7B50479052C3FD004241F254FF663
:10A10000FF7C0471C469E560256945F0010525619E
:10A1100052B321F00105ADF804C005F1006501F06E
:10A12000010613F8017B08366E44013A06F8047CF8
:10A1300001F1010101D0CF07F1D4BDF804702F80E7
:10A14000E668F607FCD4E66806F01F0E16F0100F5E
:10A15000C4F80CE007D1760703D42D88ADB2AF4226
:10A16000D6D0032200E00622236923F001032361F5
:10A1700002230371104603B0F0BD0122FAE7072065
:10A18000704710B503790446052B14D005231F2210
:10A190000371C369DA601A6942F002021A61FFF7BB
:10A1A00093FEE36900F10060586100201A6942F0F3
:10A1B00040021A6110BD0120FCE70379052B09D18B
:10A1C000C369DA68D20707D41A6922F036021A6125
:10A1D000022303710020704709B901207047012351
:10A1E0000B60FAE710B503790446052B12D0FFF790
:10A1F0006BFE00F10060031F00F57F7053F8042F21
:10A20000013205D18342F9D100200223237110BD10
:10A210000520FAE70120FAE700231946094A10B59C
:10A22000094C13605360083254F82300016042F86F
:10A23000131004331C2BF7D14FF0FF32034B5A603D
:10A2400010BD00BF681B002054B60008000002408B
:10A2500006282DE9F84336D801261C4C864027688D
:10A260003E4230D1DFF868804FEA001908EB001554
:10A27000013044F8302004EBC00043603743154BF5
:10A280002760586940F0010058615B694AB1626813
:10A29000AB681A4202D1E87BFFF738FE63683343AC
:10A2A000636008EB09014B68497B1A6858F809009C
:10A2B00022F00F021A600E228A40426000221A60C9
:10A2C0002846BDE8F8830025FAE700BF681B002098
:10A2D00050B600080010024010B5302484F31188F5
:10A2E000FFF7B6FF002383F3118810BD10B4046894
:10A2F000437B21684268D940126801F00E010A428E
:10A300000ED0827B01FA03F36360064B013253F8EF
:10A3100032402CB103EBC2035868234610BC1847E7
:10A3200010BC7047681B002008B50348FFF7DEFF2C
:10A33000BDE80840FFF76CB850B6000808B5034800
:10A34000FFF7D4FFBDE80840FFF762B860B6000829
:10A3500008B50348FFF7CAFFBDE80840FFF758B843
:10A3600070B6000808B50348FFF7C0FFBDE8084015
:10A37000FFF74EB880B6000808B50348FFF7B6FFF0
:10A38000BDE80840FFF744B890B6000808B5034898
:10A39000FFF7ACFFBDE80840FFF73AB8A0B60008E9
:10A3A00008B50348FFF7A2FFBDE80840FFF730B843
:10A3B000B0B60008184B9A6942F07D029A619B6919
:10A3C0000268164BDA6082685A6042681A60C26896
:10A3D00003F58063DA6042695A6002691A60826933
:10A3E000C3F80C24026AC3F80424C269C3F8002429
:10A3F000426AC3F80C28C26AC3F80428826AC3F808
:10A400000028026BC3F80C2C826BC3F8042C426B3F
:10A41000C3F8002C704700BF001002400008014044
:10A42000032AF0B528D10161154B9F5C0023082257
:10A430001D461C461E4611F0800F4FEA04144FEAD9
:10A4400003134FEA06164FEA05150CBF44F00F043C
:10A450003B4311F4004F0CBF46F00F063D43013A59
:10A460004FEA4101E7D1426832402A434260026824
:10A47000224013430360F0BD042A08BF4161D3E7C3
:10A48000C0B600084FF0E02340F2CF225A6100220C
:10A490009A61072208210B201A61FFF762BD08B5F7
:10A4A000302383F31188FEF729FD002383F31188FD
:10A4B00008BD08B5FFF7F3FFBDE80840FEF7A8BFE9
:10A4C00008B50548FFF78AF90423034A1374034BC0
:10A4D000D3610123137608BDC81C0020002C014065
:10A4E000F8B503780446012B40F09980524B98420E
:10A4F00018D1524B07219A69192042F400629A61DF
:10A500009A69DA6842F40062DA60DA6822F400627A
:10A51000DA60DB68FFF7FAFC07211B20FFF7F6FC87
:10A52000474B636146F66803E2699361D3616168F2
:10A5300063690868CF68B3FBF0F3013B9362A368DB
:10A54000013BD362CB6A536007F00F03012B6FD03E
:10A55000022B6FD143F001034E6906F00F00012872
:10A5600003D0022803D143F0200343F01003CD6948
:10A5700005F00F00012803D0022803D143F4007333
:10A5800043F48073486A00F00F0CBCF1010F04D053
:10A59000BCF1020F03D143F4005343F4805394F809
:10A5A00018C0BCF1000F27D007F0F004102C03D026
:10A5B000202C03D143F0080343F0040306F0F00419
:10A5C000102C03D0202C03D143F0800343F0400330
:10A5D00005F0F004102C03D0202C03D143F40063C9
:10A5E00043F4806300F0F000102803D0202803D14A
:10A5F00043F4004343F48043136201235361002377
:10A6000013614B6B23F0FF03D360BCF1000F03D049
:10A610000B6B43F40043536485231360F8BD0023A0
:10A62000C269136053639363D363136453627EE719
:10A6300000238FE700238FE7C81C00200010024092
:10A6400000A24A04C3690C3103EB81035A607047CE
:10A65000C36970B51A69DD6804461540EAB2D24391
:10A66000AE071A6103D543681B6903B198476807B1
:10A6700004D563689B690BB120469847290704D528
:10A6800063681B6A0BB120469847EA0604D56368E5
:10A690009B6A0BB120469847EB0706D563689B6819
:10A6A0001BB12046BDE87040184770BD08B503488F
:10A6B000FFF7CEFFBDE80840FEF7AABEC81C002089
:10A6C000FFF7F4BF144BF0B51B6D040103F1804399
:10A6D00003F5C04303EB0010E358154603F10053A4
:10A6E00003F540535C00234642608F18012D0ADCBD
:10A6F0006FF0010350084343DA421EBFC91A0B78BA
:10A7000044F82030F0BD7E1B30787678023D40EA78
:10A71000062043F8040BE9E7005C00402DE9F84F00
:10A720007B4C666CF3436364730502D57948FFF78D
:10A7300069F9370506D5236C764843F0080323648E
:10A74000FFF798F9F5040AD5714B9A6C140406D4F6
:10A750001A6C704822F008021A64FFF7B9F9B005C4
:10A7600004D56C484368DB6803B19847694D3304EE
:10A7700003D4BDE8F84FFEF74BBE06F00F0084008F
:10A7800004F18044871C04F5B84405EB8703F10607
:10A790002268D3F804C043D42268DCF8143022F4D1
:10A7A000784222F0F00242F4004222601E695A68A8
:10A7B00019683244891A5A6017D0BCF810208A42AE
:10A7C00028BF0A4699681A6131449960FFF77AFFF9
:10A7D000236823F4F04323F0400383F0300343F471
:10A7E000004343F08003236029E001222B8982404B
:10A7F00023EA02032B81DCF8083013B10146284616
:10A800009847302383F31188002105EB87077B6885
:10A8100058690C30FEF71DFD002383F311880EE00C
:10A820002368120523F4784323F0F00343F08003F8
:10A830002360C1B206D52846DCF804309847344B73
:10A840005E6C94E7324BDCF818201B6DD2F8088060
:10A8500003F1804303F5C04303EB00139E68DB68FC
:10A8600006F1005606F540564FEA460EC3F30903BB
:10A870007646C3469A46BAF1010F36D86FF0010604
:10A880004FEA530906FB09F6DE421EBFA8EB060895
:10A890005EF8296088F8006096681E4496605668E5
:10A8A0001E4456601668F61A1660168A013EB6B245
:10A8B0001682BCF812209A4200D80EBB012303FA7C
:10A8C00000F26B8923EA02036B8105EB87035B6867
:10A8D000DB680BB10F489847302383F3118805EBF1
:10A8E00087077B689869416893E756F8049BAAF14B
:10A8F000020A0BF8029B4FEA19290BF8019CBAE7F0
:10A90000236823F4904323F0700383F4405366E7F5
:10A91000005C0040E81C00200148FEF7B4BF00BF07
:10A92000E81C002008B50378012B12D0094B98428F
:10A930000FD11320FFF7FFFA1420FFF7FCFA0322D0
:10A94000054B1A6403F5DA33DA6922F40002DA619E
:10A95000DB6908BDE81C0020005C004090F87E30F8
:10A96000024A43F08003D364704700BF005C00409C
:10A9700000EB8103F0B5DE68264A3368146D03F0FE
:10A980000303032B18BFB3FA83F304F18044726905
:10A9900018BF5B0904F5C0440CBF4FF4C0635B02F1
:10A9A0004FEA011C04EB011572B100226A60328A81
:10A9B000D0F88470013222F001023A44C0F88420B9
:10A9C00043F020034CF80470B269CAB1748A43F4AE
:10A9D0000053621E3E2C93BF42F001020E4E5209FC
:10A9E00001328CBF46EA8222520292B2EA600134FE
:10A9F000D0F8842024F001041444C0F88440AA60F4
:10AA00008A0002F1804202F5B84210680B431060E0
:10AA10001360F0BD005C00400080FFFF0021802239
:10AA2000094B19655964DA644268D2688A4214BFD6
:10AA30004FF43E424FF43C421A644023C0F8843045
:10AA4000024BC360FFF794BF005C0040D4B600081F
:10AA500038B501780446012922D1124B98421AD107
:10AA6000114B124DDA69132042F40002DA61DA69FF
:10AA70001A6942F400021A611A6922F400021A618A
:10AA80001B6929640D21FFF741FA0E211420FFF7FD
:10AA90003DFA00232B642046BDE83840FFF7BEBFD7
:10AAA00038BD00BFE81C002000100240005C0040E0
:10AAB000402301220021C0F88430930003F1804339
:10AAC00003F5B84318680132082A18601960F4D1F8
:10AAD00070470000054B53F8210010F4405004D09B
:10AAE000B0F5805F0CBF012002207047005C004081
:10AAF000054B53F8210010F0300003D010280CBF94
:10AB000001200220704700BF005C00400B4B02F1A7
:10AB100008001B6D03F1804303F5C04303EB0113F1
:10AB20009B6803F1005303F540535B00196804333D
:10AB300022F8021B9042F9D1704700BF005C004030
:10AB400000EB8100C06882691368ABB1408A03449E
:10AB5000013BB3FBF0F31382084A52F8213023F48F
:10AB6000904323F0700383F4405343F4004343F0D5
:10AB7000800342F8213070470123ECE7005C00407D
:10AB800000EB8100C26810B553690C46128A19683F
:10AB900020468A4228BF0A4699681A61FFF792FD4B
:10ABA000074A52F8243023F4F04323F0400383F0A3
:10ABB000300343F4004343F0800342F8243010BDD7
:10ABC000005C0040074A52F8213023F4904323F000
:10ABD000700383F4805343F4004343F0800342F84E
:10ABE00021307047005C0040074A52F8213023F4BE
:10ABF000F04323F0400383F0100343F4004343F099
:10AC0000800342F821307047005C0040890001F168
:10AC1000804101F5B8410B6803F44053B3F5405F40
:10AC20000BD00B6823F4904323F0700383F400539C
:10AC300043F4004343F080030B607047890001F147
:10AC4000804101F5B8410B6803F03003302B0BD085
:10AC50000B6823F4F04323F0400383F0200343F414
:10AC6000004343F080030B607047704708B5FFF75F
:10AC7000FCFFBDE80840FFF7C3B90000044A536871
:10AC800043F00073536044F24C22024B9A627047C7
:10AC900000000140006C0040704700002DE9F047C3
:10ACA000074616460846BC460D46089A002B4FD16B
:10ACB0008E42B64669D9B6FA86F44CB1C4F1200387
:10ACC000A54027FA03F306FA04FE1D4307FA04FC25
:10ACD0004FEA1E47B5FBF7F107FB11551FFA8EF03F
:10ACE0004FEA1C4343EA054301FB00F59D420AD9A4
:10ACF0001EEB030301F1FF3680F0F6809D4240F227
:10AD0000F380023973445B1BB3FBF7F507FB153384
:10AD100005FB00F01FFA8CFC4CEA034C60450AD995
:10AD20001EEB0C0C05F1FF3380F0E080604540F233
:10AD3000DD80F444023DACEB000C45EA014000210B
:10AD400022B12CFA04F30024C2E90034BDE8F087F4
:10AD50008B4206D90AB1C2E9007100210846BDE85C
:10AD6000F087B3FA83F100294CD1834202D3BE426B
:10AD700000F20F81B7EB060C60EB030301201D46C8
:10AD8000002AE3D0C2E900C5E0E7002E00F095807C
:10AD90001C46B6FA86F3002B40F0AA808D1B0121D9
:10ADA000370CB6B2B5FBF7F007FB10554FEA1C4362
:10ADB00043EA054306FB00F59D4208D91EEB030359
:10ADC00000F1FF3802D29D4200F2E88040465B1B52
:10ADD000B3FBF7F507FB15331FFA8CFC4CEA034C69
:10ADE00006FB05F3634508D91EEB0C0C05F1FF3695
:10ADF00002D2634500F2CF803546ACEB030C45EA46
:10AE000000409DE7C1F120058B4026FA05FC4CEA85
:10AE1000030C20FA05F44FEA1C4E06FA01F9B4FBC4
:10AE2000FEF6884027FA05F303430EFB16401FFA8F
:10AE30008CF807FA01FA1F0C47EA004406FB08F0F9
:10AE4000A0420AD91CEB040406F1FF3780F09F8072
:10AE5000A04240F29C80023E6444241AB4FBFEF0FF
:10AE60000EFB104400FB08FE9BB243EA04439E45E0
:10AE70000AD91CEB030300F1FF3480F086809E4565
:10AE800040F283800238634440EA0640A0FB097424
:10AE9000A3EB0E03A342BE46264665D362D052B151
:10AEA000BAEB0E0463EB060303FA05F5CC40254329
:10AEB000CB40C2E90053002148E77B0843EAC17355
:10AEC0004C08190C41EA04419BB2B4FBF6F04FEA7E
:10AED000C77C43EA01433546B1FBF6F137461F24F0
:10AEE0005D1B41EA00415DE731460CE71D4622E764
:10AEF0001C4606FA03FEC3F1200321FA03F5A04025
:10AF000027FA03F307FA04FC4FEA1E470343B5FB95
:10AF1000F7F007FB10551FFA8EF6190C41EA0541B0
:10AF200000FB06F58D423ED91EEB010101D28D4298
:10AF300021D8491BB1FBF7F5A84605FB06F50138FA
:10AF400007FB18119BB243EA0143AB4229D21EEB27
:10AF5000030308F1FF31C3D2AB42C1D2A8F1020111
:10AF60007344BDE7BA459AD2B7EB090E64EB0C0403
:10AF70000138264693E7AEEB05052944B1FBF7F50A
:10AF80000238A84605FB06F5DAE720467CE73E4690
:10AF900063E70846F4E6F444023D2EE702387344C2
:10AFA00015E741469CE7491BB1FBF7F5A84605FBB1
:10AFB00006F5C5E710B501390244904201D10020E1
:10AFC00005E0037811F8014FA34201D0181B10BD12
:10AFD0000130F2E703460244934200D1704703F880
:10AFE000011BF9E70A44914200F1FF3300D1704799
:10AFF00010B511F8014B914203F8014FF9D110BD82
:10B0000000FFC800DA00D900417E407ED000CF00AA
:10B01000417E407EA900AA00417E407E4778487864
:10B02000417E407E1E001F00200001522800D100FA
:10B03000D300D2000252E000BC00AE00BB000352BD
:10B04000A8004A78007C497800524278E200E90082
:10B05000EA00B500B600B700CD008301CC008A013C
:10B0600092019401210223022402250226022702D2
:10B070002A02B300B4006F0070009F01CB019F0251
:10B08000A002E200E900EA00B500B600B700CD007A
:10B090008301CC008A01920194012102230224023F
:10B0A0002502260227022A02B300B4006F007000B6
:10B0B0009F01CB019F02A0020E0C01400D0C01402C
:10B0C0000C0C0140000C0140070801404C617374F6
:10B0D00020736563746F7220696E74656E64656455
:10B0E00020746F20626520757365642077697468C9
:10B0F00020776561725F6C6576656C696E67206943
:10B1000073206265796F6E6420617661696C61623B
:10B110006C6520666C617368206465736372697026
:10B12000746F722072616E6765004E6F2073656385
:10B13000746F7220696E20617661696C61626C6502
:10B1400020666C6173682072616E6765004E6F7473
:10B1500020656E6F75676820666C6173682069731F
:10B1600020617661696C61626C6520666F72207423
:10B1700068652072657175657374656420776561B3
:10B18000725F6C6576656C696E672073697A6500BD
:10B190006330006D61696E0069646C6500FF0502D3
:10B1A00000003131295A1B750A0000005D69000852
:10B1B000296A0008416A00085D6A0008000101016F
:10B1C0000101010101010202020202020202020364
:10B1D0000303030303030304040404040404050534
:10B1E00005050506060606060707070707080808F7
:10B1F00008090909090A0A0A0B0B0B0C0C0C0D0DA6
:10B200000D0E0E0E0F0F0F1010111111121213133D
:10B210001414151516161717181819191A1A1B1BB6
:10B220001C1D1D1E1E1F2020212222232424252612
:10B2300026272829292A2B2C2D2D2E2F303132324A
:10B24000333435363738393A3B3C3D3E3F40414256
:10B25000434445464748494A4C4D4E4F505153543C
:10B26000555658595A5B5D5E5F61626465666869F0
:10B270006B6C6D6F7072737577787A7B7D7E808270
:10B28000838587888A8C8E8F91939596989A9C9EB9
:10B29000A0A2A3A5A7A9ABADAFB1B3B5B7BABCBEC9
:10B2A000C0C2C4C6C9CBCDCFD1D4D6D8DBDDDFE296
:10B2B000E4E7E9EBEEF0F3F5F8FAFDFF00FF01003B
:10B2C000010000FFFF0000010001FF000402000078
:10B2D000060C014001080140050C01400208014034
:10B2E000005125022D0000000000000000000000B9
:10B2F000000000000000000000000000010000004D
:10B30000000000000000000000000000000000003D
:10B31000000000000001000000000000000000002C
:10B320002A2B2800000000000000000000000000A0
:10B3300000000029000000002C1E342021222434AB
:10B340002627252E362D3738271E1F20212223247D
:10B3500025263333362E37381F0405060708090A19
:10B360000B0C0D0E0F101112131415161718191AB5
:10B370001B1C1D2F3130232D350405060708090A33
:10B380000B0C0D0E0F101112131415161718191A95
:10B390001B1C1D2F3130354C000000000000000048
:10B3A000000000000000000000000000000000009D
:10B3B0000000000000000000000000007E0F00D42C
:10B3C000FFFFFFC700000078198300088182000892
:10B3D000698100080000000044227B0031B50008AC
:10B3E00094B40008B6B4000839B4000852B4000898
:10B3F00072B400083031323334353637383941428F
:10B40000434445460010034B004200300033002DFA
:10B41000003000310000000A0344004F0049004F93
:10B420000000000403090409025B00030100A0FA04
:10B43000090400000103010100092111010001229A
:10B44000440007058103080001090401000203000C
:10B4500000000921110100012222000705820320BA
:10B460000001070503032000010904020001030095
:10B470000000092111010001227B0007058403203F
:10B480000001120100020000004010D00103010081
:10B49000010203010660FF0961A10109621500268E
:10B4A000FF009520750881020963150026FF0095AD
:10B4B0002075089102C005010902A1018502090158
:10B4C000A100050919012908150025019508750134
:10B4D00081020501093009311581257F9502750822
:10B4E000810609381581257F950175088106050CAF
:10B4F0000A38021581257F950175088106C0C005AF
:10B50000010980A101850319012AB700150126B799
:10B5100000950175108100C0050C0901A101850489
:10B5200019012AA002150126A002950175108100BB
:10B53000C005010906A101050719E029E715002545
:10B5400001950875018102950175088101050719AA
:10B550000029FF150026FF009506750881000508E3
:10B56000190129051500250195057501910295011F
:10B5700075039101C0000000E4BC0008701D0020AC
:10B58000701D0020701D0020E4BC000800000000B9
:10B590000000000000000000E4BC00080000000003
:10B5A0000000000000000000E4BC000800000000F3
:10B5B0000000000000000000E4BC000800000000E3
:10B5C0000000000000000000E4BC000800000000D3
:10B5D0000000000000000000E4BC000800000000C3
:10B5E0000000000000000000E4BC000800000000B3
:10B5F000000000000000000090B10008581A002070
:10B60000681B002000000000C1A00008C9A00008BD
:10B61000F3A000087FA1000883A10008BBA10008D7
:10B62000E5A1000873970008679700080100000073
:10B630000000000003000000020000008000000085
:10B6400000000000000400000000000800000200EC
:10B650000000024008000240010000000000000B52
:10B66000000002401C000240020000000004010C27
:10B670000000024030000240040000000008020DFB
:10B68000000002404400024008000000000C030ECD
:10B690000000024058000240100000000010040F9B
:10B6A000000002406C000240200000000014051061
:10B6B0000000024080000240400000000018061117
:10B6C0000402040808000307080808080808080816
:10B6D0000B0F000000000000E99A0008819D00089F
:10B6E0001F9E000840004000B01B0020B01B00203F
:10B6F00001000000A81B0020FFFFFFFF884B888887
:10B70000B8848888FFFFFFFF8888888888838888B6
:10B71000FFFFFFFF8888888888883888FFFFFFFF41
:10B720004488888888888888FFFFFFFF8888888801
:10B730008888888800202020202020202020282879
:10B7400028282820202020202020202020202020E1
:10B750002020202020881010101010101010101021
:10B760001010101010040404040404040404041051
:10B7700010101010101041414141414101010101DF
:10B7800001010101010101010101010101010101A9
:10B7900010101010101042424242424202020202B5
:10B7A0000202020202020202020202020202020279
:10B7B0001010101020000000000000000000000029
:10B7C0000000000000000000000000000000000079
:10B7D0000000000000000000000000000000000069
:10B7E0000000000000000000000000000000000059
:10B7F0000000000000000000000000000000000049
:10B800000000000000000000000000000000000038
:10B810000000000000000000000000000000000028
:10B820000000000000000000000000000000000018
:08B83000000000000000000010
:08B8380064F4FF7F0100000031
:10B84000000102FFFF00007000E000E000000000C7
:10B85000200040E040E0200A00040404020202024A
:10B8600002020800131100201B3E0008FFFF000029
:10B87000FFFF0000FFFFFFFF0B000B000300FF00B6
:10B88000FFFF3905280850011E0A140103020100B8
:10B8900000010000617F000841850008578500080D
:10B8A00059850008638500086D85000800000000C8
:10B8B0000000000000000000000000000000000088
:10B8C0000000000000000000000000000000000078
:10B8D0000000000000000000000000000000000068
:10B8E0000000000003000000000000000000000055
:10B8F0005189000800002000000000000000000046
:10B900000200000000000000000000000000000035
:10B91000000000000000000000000000E81C002003
:10B92000030000000400000020000000D8170020E1
:10B930000000000001020000000000000000000004
:10B9400000000000000000000000000000000000F7
:10B9500000000000000000000000000000000000E7
:10B9600000000000000000000000000000000000D7
:10B970000300000000000000BB8800080000000079
:10B980002000000000000000000000000200000095
:10B9900000000000000000000000000000000000A7
:10B9A0000000000000000000E81C0020040000006F
:10B9B0000400000020000000281900200000000002
:10B9C00000000000800F00200000000000000000C8
:10B9D0000000000000000000000000000000000067
:10B9E0000000000000000000000000000000000057
:10B9F0000000000000000000000000000000000047
:10BA00000300000000000000BB88000800000000E8
:10BA1000080000000000000000000000020000001C
:10BA20000000000000000000000000000000000016
:10BA30000000000000000000E81C002001000000E1
:10BA40000400000008000000F818002000000000BA
:10BA500000000000140F00200000000000000000A3
:10BA600000000000000000000000000000000000D6
:10BA700000000000000000000000000000000000C6
:10BA800000000000000000000000000000000000B6
:10BA90000300000000000000BB8800080000000058
:10BAA0002000000000000000000000000200000074
:10BAB0000000000000000000000000000000000086
:10BAC0000000000000000000E81C00200200000050
:10BAD00004000000200000006818002000000000A2
:10BAE00000000000A80E0020C40E0020C98A000833
:10BAF000A98A0008DF8A0008C18B0008DD8B0008D6
:10BB0000E98B0008C80E00200000000000000000C3
:10BB10000000000000000000000000000000000025
:10BB20000000000000000000000000000000000015
:10BB30000000000000000000000000000000000005
:10BB400000000000000000000000000000000000F5
:10BB500020000000300F0020C98A0008A98A0008D0
:10BB6000DF8A0008C18B0008DD8B0008E98B000824
:10BB7000340F002000000000000000000000000062
:10BB800000000000000000000000000000000000B5
:10BB900000000000000000000000000000000000A5
:10BBA0000000000000000000000000000000000095
:10BBB000000000000000000000000000080000007D
:10BBC0009C0F0020258B0008FD8A0008418B00088F
:10BBD000398C00085D8C0008758C0008000000009E
:10BBE00000000000581000200C100020C00F0020A2
:10BBF0000000000000000000000000000000000045
:10BC00000000000000000000040000000000000030
:10BC10000000000000000000000000000000000024
:10BC20000000000000000000000000000000000014
:10BC30000000000000000000000000000000000004
:10BC400000000000000000000300000000000000F1
:10BC500000000000030000000000000000000000E1
:10BC600000000000000000000000000000000000D4
:10BC700000000000000000000000000000000000C4
:10BC800000000000000000000000000000000000B4
:10BC900000000000030000000000000000000000A1
:10BCA0000200000000000000000000000000000092
:10BCB0000000000000000000000000000000000084
:10BCC0000000000000000000000000000000000074
:10BCD0000000000000000000000000000000000064
:04BCE000060000005A
:040000050800223994
:00000001FF
