:020000040800F2
:1020000000040020392200083B2200083B2200087F
:102010003B2200083B2200083B2200083B2200082C
:102020003B2200083B2200083B220008898D000863
:102030003B2200083B2200083B220008619D00086B
:102040003B2200083B2200083B2200083B220008FC
:102050003B2200083B2200083B2200083B220008EC
:102060003B2200083B2200083B220008D59B0008C9
:10207000E99B0008FD9B0008119C0008259C0008B6
:10208000399C00084D9C00083B2200083B220008B8
:10209000C19F00083B2200083B2200083B220008A9
:1020A0003B220008619F00083B220008759F000842
:1020B0003B2200083B2200083B2200083B2200088C
:1020C0003B2200083B2200083B2200083B2200087C
:1020D0003B2200083B2200083B2200083B2200086C
:1020E0003B2200083B2200083B2200083B2200085C
:1020F0003B2200083B2200083B2200083B2200084C
:102100003B2200083B2200083B2200083B2200083B
:102110003B2200083B2200083B2200083B2200082B
:102120003B2200083B2200083B2200083B2200081B
:102130003B2200083B2200083B2200083B2200080B
:102140003B2200083B2200083B2200083B220008FB
:102150003B2200083B2200083B2200083B220008EB
:1021600072B6264880F30888254880F309882548F8
:1021700025490860022080F31488BFF36F8F06F0B2
:1021800063FB05F098FF4FF0553020491B4A914200
:102190003CBF41F8040BFAE71D49194A91423CBF84
:1021A00041F8040BFAE71B491B4A1C4B9A423EBFFD
:1021B00051F8040B42F8040BF8E700201849194ABB
:1021C00091423CBF41F8040BFAE706F041FB06F0F0
:1021D0003CFB154C154DAC4203DA54F8041B884700
:1021E000F9E702F057F9124C124DAC4203DA54F8F9
:1021F000041B8847F9E706F029BB00000004002013
:10220000000C00200020000808ED00E00000002085
:102210000004002080AB0008000C0020180F0020F4
:10222000180F0020C01A002060210008602100085B
:10223000602100086021000892E700F000F8FEE746
:102240002DE9F04FC1F80CD0C3689D46BDE8F08F72
:10225000002383F311882846A047002006F0D2FC13
:10226000FEE706F02BFC00DFFEE7000053B94AB999
:10227000002908BF00281CBF4FF0FF314FF0FF308E
:1022800000F074B9ADF1080C6DE904CE00F006F869
:10229000DDF804E0DDE9022304B070472DE9F047E2
:1022A0008C460446089E002B40F086808A421546E4
:1022B00048D9B2FA82F24AB1C2F1200701FA02F318
:1022C00020FA07F7954047EA030C94404FEA154E71
:1022D000BCFBFEF71FFA85F80EFB17C307FB08F9D6
:1022E000210C41EA0343994509D9EB1807F1FF3165
:1022F00080F0E180994540F2DE80023F2B44A3EB61
:102300000903B3FBFEF00EFB103300FB08F1A4B28F
:1023100044EA0344A14209D92C1900F1FF3380F0AB
:10232000C880A14240F2C58002382C4440EA0740F0
:102330000027641A1EB10023D440C6E90043394681
:10234000BDE8F087002A54D0B2FA82F2002A40F0A9
:10235000B4800127491B4FEA15481FFA85F9B1FBE4
:10236000F8FE08FB1E1109FB0EF04FEA144C4CEA74
:102370000143984207D9EB180EF1FF3102D298427F
:1023800000F2EB808E461B1AB3FBF8F008FB10330B
:1023900009FB00F9A4B244EA0344A14507D92C196A
:1023A00000F1FF3302D2A14500F2DB801846A4EB16
:1023B000090440EA0E40BDE78B4208D9002E75D0D3
:1023C0000027C6E9000138463946BDE8F087B3FA70
:1023D00083F77FB98B4202D3824200F2BC80841A19
:1023E00061EB030301209C46002EA8D0C6E9004CF7
:1023F000A5E7FFDEC7F12005BB4022FA05FC4CEA49
:10240000030C21FA05F44FEA1C4EB4FBFEF91FFA47
:102410008CF80EFB194420FA05F3B94009FB08FAC1
:1024200019430B0C43EA0444A24502FA07F200FAEE
:1024300007F30BD91CEB040409F1FF3080F089800D
:10244000A24540F28680A9F102096444A4EB0A0483
:10245000B4FBFEF00EFB104400FB08FA89B241EA1F
:102460000444A24508D91CEB040400F1FF316CD2EE
:10247000A2456AD90238644440EA0940A0FB0289B7
:10248000A4EB0A044C454146CE4655D352D0002E0B
:102490006AD05A1A64EB0E0404FA05F522FA07F31F
:1024A000FC401D43C6E90054002748E73746304644
:1024B00045E718463AE70F4621E79540C2F1200369
:1024C00021FA03F04FEA1548B0FBF8F71FFA85F937
:1024D00008FB170E24FA03FC914007FB09FA4CEAAB
:1024E0000101080C40EA0E40824504FA02F407D9C3
:1024F000281807F1FF332AD2824528D9023F284401
:10250000A0EB0A00B0FBF8FC08FB1C000CFB09F375
:1025100089B241EA00418B4208D969180CF1FF30B9
:1025200011D28B420FD9ACF1020C2944C91A4CEAE2
:10253000074714E74345AAD2B8EB020169EB0C0246
:1025400001389646A3E78446F0E7084694E71F461D
:10255000D6E781467AE7384646E7AEF1020E2B44CD
:1025600011E702382C4422E73746E8E6704700BFFF
:10257000032A70B412D940EA0105AD0704460B46A0
:1025800020D11946204653F8045B54F8046BAE4240
:1025900018D1043A032A20461946F2D8541E72B1C3
:1025A00003780A789A4208BF241806D00CE010F885
:1025B000013F11F8012F934206D1A042F7D100202C
:1025C00070BC7047541EEBE7981A70BC704700BF90
:1025D000844641EA000313F0030349D1403A23D370
:1025E0000B6803604B6843608B688360CB68C36093
:1025F0000B6903614B6943618B698361CB69C3617B
:102600000B6A03624B6A43628B6A8362CB6AC36262
:102610000B6B03634B6B43638B6B8363CB6BC3634A
:1026200040304031403ADBD230320BD30B6803608C
:102630004B6843608B688360CB68C3601030103197
:10264000103AF3D20C3205D351F8043B40F8043B66
:10265000043AF9D2043208D0D2071CBF11F8013B6A
:1026600000F8013B01D30B8803806046704700BF30
:10267000082A13D38B07B1D010F00303AED0C3F1F7
:102680000403D21ADB071CBF11F8013B00F8013B21
:10269000A4D331F8023B20F8023B9FE7043AD9D398
:1026A000013A11F8013B00F8013BF9D20B780370B5
:1026B0004B7843708B78837060467047F0B4860720
:1026C00046D0541E002A3CD0CAB2034602E014F1A0
:1026D000FF3436D303F8012B9D07F8D1032C29D9F9
:1026E000CDB245EA05250F2C45EA054533D9A4F1BD
:1026F0001006360903F1200707EB061703F1100255
:1027000042E9045542E902551032BA42F8D1721C2E
:1027100014F00C0F03EB021204F00F0613D0331F5A
:1027200023F003030433134442F8045B9342FBD1C8
:1027300006F003042CB1C9B21C4403F8011B9C42EF
:10274000FBD1F0BC704734461346002CF3D1F8E7B8
:1027500014460346C2E71A462646E0E707B503F0EB
:102760004FF958B34FF47F43ADF80030164B18883B
:1027700000F045F9032825D8DFE800F00B02060831
:1027800055238DF8003004E0AA23FAE700238DF8E2
:10279000013004F0A9F846235843C823B0FBF3F0F6
:1027A0001E308DF80200009802F080FBC0F3074352
:1027B000C0F30722C1B2092003F01EF8002003B0C5
:1027C0005DF804FB2B23DCE7240F0020032809D845
:1027D00041B9042A06D8044B00EB8000104433F8BA
:1027E000100070470120704770A50008FFF7EEBF8A
:1027F00003280BD8012909D801EB4001044B82F0D2
:10280000010202EB410233F81200704701207047C9
:1028100050A50008FFF7ECBF01207047012070476A
:1028200008B5FFF7FBFF08BD012070470120704786
:1028300008B5FFF7FBFF08BD7047704708B5FFF705
:10284000FCFF08BD012070477047704713B502AB0D
:1028500003E903000F4B1B78B3B99DF805300098CE
:1028600073B16AB100F056FD04460146009800F0CD
:1028700019FD2046009902B0BDE8104001F060BB90
:1028800000F02CFD0446F4E7009800F043FD0099A9
:10289000F1E700BF1D0F0020034610B400885C88DC
:1028A0000A4640EA0440998810BCFFF7CFBF10B534
:1028B00004460121FFF7F0FF2146FFF7ADFF30B1DD
:1028C00001212046FFF7E8FF2146FFF7A9FF00F0AE
:1028D000010010BD38B500210446FFF7DDFF0546B5
:1028E0002146FFF7A9FF21462846FFF7A7FF38BD7D
:1028F00038B501210446FFF7CFFF21460546FFF713
:1029000093FF68B321462846FFF792FF40B3214664
:10291000284604F029FF18B32146284604F054FB4A
:10292000F0B12146284604F029FBC8B121462846CB
:1029300002F0AAF9A0B12146284602F0EFF978B1D9
:102940002146284601F014FC50B12146284601F0EA
:102950001FFC28B121462846BDE8384001F034BCB0
:10296000002038BD012303FA00F080B200F0FBBB69
:1029700010B504460120A04080B201F0D9F82046ED
:10298000BDE81040FFF7EEBF0120704708B5FFF724
:10299000FBFF08BD10B5044600F08CFB2046FFF796
:1029A00051FF2046FFF7F2FF10BD08B50120FFF7E9
:1029B000F1FFBDE8084005F079B908B50020FFF740
:1029C000E9FFBDE8084005F075B908B5FFF73CFF21
:1029D00005F08DF803F0E0FD00F03CF8BDE808409C
:1029E000012003F0C7BE08B500F039F8002003F05D
:1029F000C1FEFFF72AFFBDE8084005F07DB8030AD5
:102A0000002B16BF184600230823020918BF1046E2
:102A1000C0F38F0218BF043312B110460233DBB289
:102A2000C0F34F0008B10133DBB2184670470120F4
:102A30007047704738B50546FFF7F9FF044610B1F7
:102A40002846FFF7F6FF204638BD704708B5FFF768
:102A5000F1FF08BD08B50020FFF7F8FF08BD08B575
:102A600004F0D8FEFFF7F2FF08BD000010B504F037
:102A7000D1FE074B04461A78824207D0187005F041
:102A8000C7F8044B18602046FFF7E0FF10BD00BFF9
:102A90001C0F0020180F00201FB56C4684E80300AF
:102AA0009DF805300BB100F02BFF0023ADF80E3080
:102AB00094E8030011F0FF0F0290ADF80C1002AC87
:102AC00005D194E8030000F075FE04B010BD204667
:102AD000FFF7EDFE0028F4D1F7E70379012B02D1CF
:102AE000008800F039BC704708B529B104F002FC39
:102AF000BDE8084004F0D2BC04F05AFCF8E700003E
:102B000010B50446002840D0031FDBB2A02B0ED81E
:102B100004F0ECFE20B1204604F028FF00F066FF30
:102B2000204604F01BFFBDE8104000F05FBF00F13D
:102B30002003DBB2072B07D800F007040120A040D8
:102B4000C0B200F0B7FEEEE700F15B03DBB2022B90
:102B500005D8BDE810400D4AD05C04F07BBE00F102
:102B60005803DBB21A2B06D8BDE81040084A32F8E9
:102B7000130004F08BBE3334E4B2122C05D804F0F9
:102B8000B9FBBDE8104004F089BC10BD98A5000851
:102B90009CA5000808B50346A0B3021FD2B2A02A24
:102BA00005D804F0E3FEBDE8084000F01FBF00F1C7
:102BB0002002D2B2072A07D800F00703012098406C
:102BC000C0B200F07FFEEEE700F15B02D2B2022A53
:102BD00004D8BDE80840002004F03CBE00F15802D3
:102BE000D2B21A2A04D8BDE80840002004F04EBE34
:102BF0003333DBB2122B05D804F0DAFBBDE8084012
:102C000004F04CBC08BD000070B50C460546FFF74B
:102C100077FF84B140F2E7300021084E4FF47A721A
:102C20000023E6FB0401FFF721FB05F0F0FF284637
:102C3000FFF7B0FF70BD0120F7E700BFA0860100DD
:102C400008B539280CBF50210021FFF7DDFF08BD72
:102C500008B528B100F02EFEBDE8084000F0C6BE61
:102C600008BD08B528B100F02DFEBDE8084000F011
:102C7000BDBE08BD2DE9F047867980460D464479F2
:102C800000F008FE3609074608B32746FCB1C5F335
:102C9000072303F0F002402A0CD0E9B201F1200230
:102CA000D2B2072A25D903F0E003202B02D1012953
:102CB0001FD906B3A34B5F7817F0040707D0022093
:102CC00000F0BEFE00F0E6FD80F00100C7B2C5F3E3
:102CD00003330B2B43D8DFE813F0100010004E0035
:102CE0004E00AE00C30042004200C800250137017B
:102CF00037010027EBE73746E9E7C5F30723C5F3BC
:102D0000032613F0F00F18BF36015FFA85F994B16E
:102D100066B109F12003DBB2072B304602D9B9F1C5
:102D2000000F05D100F0C6FD00F060FE484647E008
:102D300000F0D6FDF8E74846FFF72CFF7EB109F119
:102D40002003DBB2072B304602D9B9F1000F02D1C4
:102D500000F0B8FD01E000F0CBFD00F047FEC5F348
:102D60000335083D032D00F2448104F053FDBDE816
:102D7000F047FFF76BBEC5F3072303F0F003C5F37D
:102D80000329202B5FFA85FA18BF4FEA0919BAF117
:102D9000000F07D0BAF1010F35D0002C3DD0E6B1BD
:102DA00050460DE0674B5B78590714D45CB1B9F11C
:102DB000000F04D0484600F07DFD00F017FE002013
:102DC000FFF79EFECBE72046FFF7E4FEB9F1000FC8
:102DD000C5D04846BCE754B11EB94846FFF738FF96
:102DE000BDE7012EBBD1484600F0AAFDB7E7002E93
:102DF000B5D14846FFF735FF484600F0AFFD4846DD
:102E000000F08AFDABE714B1052EA8D8E5E7042E43
:102E1000A5D84846FFF725FFA1E7002EF9D0BAF163
:102E2000390F0CBF4FF4FA50012005F0F0FE504668
:102E3000FFF7B0FE93E7C5F381233BB1012B8ED1A1
:102E400064B1C5F3090004F021FD88E724B1C5F39E
:102E5000090004F0FFFC82E72046FAE72046F2E78B
:102E60002146E8B2FFF740FE79E715F4407F29D10B
:102E7000002C7FF474AFEA0648BF0F24C5F3421359
:102E80004FEA8303DBB244BF9C40E44305F00F00EC
:102E900000FA03F0C5F3812348BFA4B280B2022B2D
:102EA00040EA040008D00AD8012B02D000F066F9ED
:102EB00055E700F05BF952E700F068F94FE700F0E2
:102EC00052F94CE7C5F30122D3B204B302F0010377
:102ED000002B3FF444AFC5F342108000C3B205F0AD
:102EE0000F00984082B215F010001EBF0F209840CE
:102EF000C043C5F3812318BF80B2022B40EA020011
:102F00000AD00CD8012B04D000F08EF927E75B081B
:102F1000DEE700F081F922E700F08EF91FE700F00C
:102F200043F91CE75FFA85F9C5F303261CB1304667
:102F300000F04EF951E74846FFF793FE304600F0A7
:102F400053F90CE7161900205FFA85F9A9F1F0038F
:102F5000042B39D8DFE803F003220E151E003CB124
:102F6000042E3FF6FCAEC5F3042000F049F9F6E666
:102F7000052EF6E7C5F30420002CE0D100F028F977
:102F8000EDE624B1C5F3042000F01BF9E7E600F0FC
:102F900015F9E4E6224B5B785B0704D4C5F3042003
:102FA000002CCCD0EAE72CB10321C5F3042000F0BB
:102FB00025FDD4E6012000F043FD012E7FF6CFAEC3
:102FC000022000F03DFDCAE62CB1002E7FF4AEAE2B
:102FD000C5F30420D2E74EB1B9F1390F0CBF4FF45D
:102FE000FA50012005F013FE484621E7C5F30420FE
:102FF000A5E79FB100F046FC10F001000ED188F863
:10300000050000F039FC00F0E3F8404600F01CF841
:1030100000F032FCBDE8F04700F0E6B8BDE8F0870C
:103020001619002038B501880446407900F0A0F94F
:10303000054600F009F900F095F829462046BDE85C
:103040003840FFF717BE0000037910B50446B3B14E
:10305000FFF74EFC68B900F01DFC80B1637973B1D5
:10306000074B5B785B070AD5BDE81040022000F0F3
:10307000E7BC2046FFF7D6FF2046FFF72BFC10BD2C
:103080001619002008B5002004F0E4FB002004F02D
:10309000FDFB00F035FC00F0A9FC04F01BFABDE8D4
:1030A000084004F0FBB908B504F068FCBDE808402E
:1030B000FFF7E8BF08B500F00DFCBDE80840FFF7DA
:1030C000F2BFC0F303320E3202F00F02092A10B52C
:1030D000C4B21BD8012101FA02F340F203321342B9
:1030E00003D113F010000DD110BDF02C10D004D876
:1030F000E72C8CBF00200120F6E7F42C14BF002041
:103100000120F1E7E72C03D9F12CF7E70020EBE7EA
:103110000846E9E708B5037933B1008800F01CF9E7
:10312000BDE80840FFF7CDBF184608BD82B002AB2E
:1031300003E9030002B0704782B002AB03E9030069
:1031400002B07047704708B5FFF7FCFF08BD704735
:1031500008B5FFF7FCFFFFF7F6FF014B188008BD2D
:103160001E0F00207047FFF7F3BF0000024B1B88C3
:103170001843FFF7EDBF00BF1E0F0020024B1B8856
:103180001840FFF7E5BF00BF1E0F0020024B1B8851
:103190005840FFF7DDBF00BF1E0F0020704708B585
:1031A000FFF7FCFF08BD704708B5FFF7FCFFFFF70E
:1031B000F6FF014B188008BD240F00200020FFF708
:1031C000F3BF012303FA00F080B2FFF7EDBF000068
:1031D000012303FA00F0034B1B88184380B2FFF76A
:1031E000E3BF00BF240F0020012303FA00F0034BCC
:1031F0001B8823EA0000FFF7D7BF00BF240F002081
:10320000012303FA00F0034B1B88584080B2FFF7FC
:10321000CBBF00BF240F0020024B1B881843FFF7D1
:10322000C3BF00BF240F0020024B1B881840FFF7CC
:10323000BBBF00BF240F0020024B1B885840FFF784
:10324000B3BF00BF240F0020704730B5012401F048
:103250000703C90802EB810200219C40E4B2013A55
:1032600012F8015F20FA01F343F300036B4023409F
:1032700001316B4004291370F2D130BD002210B52A
:1032800000F00704C00801EB800110468B5CE340AE
:1032900003F00103934001321843042AC0B2F5D170
:1032A00010BD000082B0ADF804000B46C1B2C0F3FF
:1032B000072030B904290AD8064A184602B0FFF799
:1032C000C4BF0430C0B2012801D8034AF5E702B0F8
:1032D000704700BF260F0020200F002082B0ADF8FD
:1032E0000400C3B2C0F3072030B9042B0AD8074941
:1032F000184602B0FFF7C2BF0430C0B2012801D89F
:103300000349F5E7002002B0704700BF260F0020F8
:10331000200F002073B50F240D4BADF804001D885D
:103320000C4B1B881D43ADB245FA04F3DB07E6B234
:1033300006D414F1FF34F7D20026304602B070BD37
:103340000199304600F01BFE80B20128F1D0F4E76D
:10335000240F00201E0F002007B5ADF804000198CF
:10336000FFF7D8FF019903B05DF804EB00F007BE4A
:1033700013B5104BADF804101B782BB1019802B0B7
:10338000BDE81040FFF7E8BF70B10198FFF7C2FF3A
:10339000044601460198FFF785FF2046019902B0D7
:1033A000BDE8104000F0EBBD0198FFF797FF044621
:1033B000F3E700BF1D0F0020F8B50C4B0C4E1C7836
:1033C0000C4D3378A34200D1F8BD05EBC40335F8AA
:1033D00034005F889A88D98840EA074042EA014170
:1033E0000134FFF7A9FE04F00704EAE7730F002099
:1033F000720F0020320F0020064B10B418885C8832
:103400009A88D98840EA044042EA014110BCFFF79B
:1034100093BE00BF2A0F0020F8B51A4B9A7912F01C
:10342000F00F0AD15A7942B1174A184912780D782B
:103430001E885F88164CAA4200D1F8BD04EBC20179
:103440000879D0B134F83200B04216D14879A0B929
:103450004888C01B80B2C7280FD80122987962F330
:10346000071098718B79074862F307138B71FFF788
:10347000EBFDBDE8F840FFF79FBF013202F0070205
:10348000D9E700BF2A0F0020730F0020720F002021
:10349000320F002070B50D4B0D4A1B7815780D4C7E
:1034A000AB4202D10022104670BD04EBC302567835
:1034B0008E4206D114F83360864202D15279002A36
:1034C000F1D1013303F00703EAE700BF730F0020D7
:1034D000720F0020320F00202DE9F04F89B002ABAF
:1034E0000446014606221846FFF772F8B04D03461F
:1034F000297922796779A846C1B9AAB18FB1204646
:10350000FFF708FE064660B1082221462846FFF76D
:103510005FF82846FFF7E1FAFFF77EFFFFF76CFF41
:1035200065E02046FFF790FD012660E0B4F802A0B8
:1035300068886E79AAEB000094F800B094F80190C6
:1035400080B2002E00F0E780C72800F29780002AA2
:103550004DD0AB792A8813F0F00F208858D19042D3
:103560000ED1002F4DD1012262F30713AB71FFF78B
:1035700043FF2846FFF768FDAB79A371002636E0CC
:10358000002F3ED149465846FFF784FF5846FFF7C3
:1035900081FF05460028F1D18DF808B08DF809901B
:1035A0000298FFF7D9FEC0F303310B2912D801228C
:1035B0008A4012F4406FC3B21DD112F00C0F0ED12D
:1035C000910707D010F4706F00D07BB12033DBB2CD
:1035D000072B0BD92046FFF737FD354606E010F4E0
:1035E000706FF3D0A27912F0F00FEFD12E46304673
:1035F00009B0BDE8F08FEF2BF8D90F33DBB2022B07
:10360000E7E798F8063043F0010388F80630B5E79D
:1036100090420AD14FB92046A371FFF715FD082249
:1036200021462846FEF7D4FF78E72046FFF772FDD3
:1036300000283FF476AF002F3FF473AF98F80630C0
:103640001F2B11D9B8F80020ADF812A0ADF810204A
:1036500098F804208DF816308DF81420002204A864
:103660008DF81520FFF7F0FC082221465048FEF7A0
:10367000AFFFFFF7D1FEFFF7BFFE55E7A87910F0C7
:10368000F001019118D18DF80C208DF808B08DF85B
:103690000990ADF80AA08DF80D7093E80300FFF7CC
:1036A00045FD2846FFF7D0FC082201992846FFF780
:1036B00005F8FFF7A1FE61E7002A98D02A88238841
:1036C0009A420AD14FB9A0712046FFF7BDFC0822EB
:1036D00039462846FEF7F2FF89E72046FFF71AFD34
:1036E00000283FF41EAF002F3FF41BAF98F80630C0
:1036F0001F2BB9D9B8F80020ADF81AA0ADF81820E2
:1037000098F804208DF81E308DF81C20002206A8A1
:103710008DF81D20A6E7C72835D8002A3FF404AF4E
:103720003E46002F3FF4FDAE2A8823889A421CD1E2
:10373000AB79DA0713D413F0F00210D0F02AA3719A
:1037400006D0DBB2C3F30312013262F30713A37195
:103750002046FFF779FC08222146154862E7082237
:1037600021461348FEF734FF41E72046FFF7D2FC1D
:1037700000287FF479AFAB79204643F00103AB71A9
:10378000FFF762FC33E78DF80C208DF808B08DF858
:103790000990ADF80AA08DF80D7093E80300FFF7CB
:1037A000C5FC082231462846FEF788FFB6E600BF72
:1037B0002A0F0020F0B585B06C4684E8030020464F
:1037C000FFF78AFE284E0746284D68B19DF8043061
:1037D0001BB194E80300FFF7AFFC254C2878337841
:1037E000834226D105B0F0BD9DF8042002AB94E8D9
:1037F000030083E80300002AEFD030782A78441CC5
:1038000004F0070494420AD01946194B082203EB2E
:10381000C000FEF7DDFE3470FFF7CEFDDDE7FFF7F9
:1038200049FC08223946134837702F70FEF746FFCF
:10383000D3E704EBC000FFF74FFE0028D2D02B786F
:1038400034F8330004EBC3035F889A88D98840EAD0
:10385000074042EA0141FFF76FFC2B78013303F088
:1038600007032B70BAE700BF720F0020730F002010
:10387000320F00202A0F0020014B1878C008704733
:10388000840F0020024B187800F00700704700BF3B
:10389000840F0020034B187810F0070018BF012098
:1038A000704700BF840F0020014B1878704700BF9D
:1038B000870F0020024A137818431070704700BF2A
:1038C000870F0020024A137823EA00001070704727
:1038D000870F00200022014B1A707047870F0020CD
:1038E000024A137818431070704700BF880F0020F9
:1038F000024A137823EA000010707047880F0020F6
:103900000022014B1A707047880F0020704708B5DD
:10391000FFF7FCFF08BD000008B5054A1378034215
:1039200004D023EA00001070FFF7F1FF08BD00BFCC
:10393000850F0020704708B5FFF7FCFF08BD0000A9
:1039400008B5054A137830EA030C03D0034313701B
:10395000FFF7F1FF08BD00BF860F002008B5054A3C
:103960001378034204D023EA00001070FFF7E3FF4E
:1039700008BD00BF860F002008B5044B1A781AB1A5
:1039800000201870FFF7D7FF08BD00BF860F00208A
:1039900070B5114A114D1478114A2E6812781443EB
:1039A000104A12782AB1144303F08EFF08B1FFF7D2
:1039B000E3FF34702C6808220B492046FEF7D8FD3F
:1039C00048B1214608220848FEF702FE2046BDE81D
:1039D000704003F029BF70BD870F0020240C002029
:1039E000880F0020860F00207C0F0020FFF7D0BF3B
:1039F000704708B5FFF7FCFF08BD0000094A10B585
:103A0000527852070AD5084C41EAC0012170FFF7ED
:103A1000DFFB2078C008FFF7ECFF10BDBDE81040C9
:103A2000FFF7D6BB16190020840F0020002008B530
:103A3000024B1870FFF7DDFF08BD00BF840F0020A8
:103A400008B50A4A137823EA0000107042070CD127
:103A500098420AD0064B5B785B0706D5C008FFF793
:103A6000C3FBBDE80840FFF7E1BF08BD840F00209D
:103A700016190020094A08B55378C3F38001814222
:103A80000AD060F382031046537000F055F8BDE889
:103A900008400220FFF7D4BF08BD00BF1619002060
:103AA000044B5878C0F3800080F0010000F0010062
:103AB000FFF7E0BF161900200120FFF7DBBF002051
:103AC000FFF7D8BF002000F0E1BB08B5002000F0F0
:103AD000D9FBFFF7F7FF08BD13B5002400F08EFBFC
:103AE00000F099FB68468DF8004000F0ABFB012028
:103AF000094B188000F0AFFB142301A8ADF8044077
:103B00008DF8053000F0B2FB01F03EFEFFF7DDFF5F
:103B100001F02EFE02B010BD1E0F0020FFF7DCBF2B
:103B200000F07EBB00F06DBB00F085BB00F08EBBEB
:103B300000F091BB00F093BB00F098BB00F09ABB83
:103B400000F09CBB00F0A6BB73B504F097F80B4CDB
:103B50000546238883420ED00026ADF8006004F0AD
:103B60008DF8ADF80460ADF8020002AB13E9030074
:103B7000FEF792FF258002B070BD00BF980F0020B5
:103B800008B504F045F8024B1860024B186008BDF8
:103B9000900F0020940F002008B504F039F8024B74
:103BA0001860024B186008BD900F00208C0F002099
:103BB0007047704708B5FFF7FCFF08BD704708B5B0
:103BC000FFF7FCFFFFF7F6FF08BD704708B5FFF7EA
:103BD000FCFF08BD704708B5FFF7FCFFFFF7F6FFD5
:103BE00008BD01207047000008B5054800F058FBEB
:103BF00000F0F8FCFFF7DCFFBDE80840FFF7DFBF8F
:103C00006D4100080120704708B5FFF7FBFF08BDB4
:103C100070477047704708B5FFF7FAFFFFF7F9FFE5
:103C2000FFF7F8FF08BD000008B5FFF77BFF08B9F4
:103C3000FFF774FF0848FFF777FF0848FFF77AFFA0
:103C400003F098F9FFF772FFFFF78DFA044B18881D
:103C5000BDE80840FFF7A3BA9A0F0020161900200C
:103C6000240F002008B503F0D1FF02F051FF00F04F
:103C7000B5FBFFF7D9FF03F0CBFDFEF7E6FE02F040
:103C800021FDBDE80840FFF7A6BF70B504460D460C
:103C9000164601F031FE324629462046BDE8704006
:103CA00003F04CBF2DE9F04F85B0FFF79AFF88B9BC
:103CB000FFF74AFF03F0ADFD02F06EFC02F07EFF5D
:103CC00008B1FFF769FF03F02DFC05B0BDE8F04F28
:103CD000FEF7CCBE294E00F093FB0020347800F0B4
:103CE000EFFA8442E4D0264B1B789B0701D500F005
:103CF000EDFAFFF789FF0190002000F0E1FA357836
:103D00000746A84236D04FF0010A0024D34645406A
:103D1000EDB20DF108081AEA050F22D0019B1AEA4C
:103D2000070F14BF4FF001094FF00009A3B121465E
:103D3000002003F0F7FE78B98DF808408DF80900EF
:103D400003F09CFF8DF80CB0ADF80A008DF80D90D3
:103D500098E80300FEF7A0FE4A4621460020FFF740
:103D600094FF0134E4B24FEA4A03052C5FFA83FA68
:103D7000D1D13770FFF704FF9CE700BF1419002072
:103D80009A0F002038B500F005F9B0F5A04F0446B1
:103D900022D2B0F5804F77D2DF2812D8CD2861D259
:103DA000A7280AD8A5284ED2012804D003B233B1DF
:103DB000032898BF0024204638BDC2284AD90024D1
:103DC000F9E7B0F5005F80F0A680B0F5807F4DD2B6
:103DD000E82828BF0024EEE745F25F23984216D872
:103DE00045F2402398425FD245F21F23984254D8AF
:103DF000B0F5A44F7CD30123C4B2A00804F003049F
:103E000003FA04F444EA401444F40D442CE045F26F
:103E10009F23984207D8B0F5A54F52D300F01F0456
:103E20004AF2F4003DE045F2BF23984256D945F2EC
:103E3000DF239842C3D8040204F4F85444F4204425
:103E400044F0F004B7E75B343B4BE4B21C5D44F450
:103E50008044B0E75834394BE4B233F8144044F4AA
:103E60008844A8E740F4A044A4B2A4E7C0F3072024
:103E700000F018F90546E0B200F08CF82D0205F4C8
:103E8000F855284384B296E7C0B200F083F804F4F2
:103E90007064044344F42044E6E700F01F044AF24F
:103EA000F10040EA042486E70123C4B2C4F382008F
:103EB00004F0030403FA04F444EA401444F40C4408
:103EC000D2E70123C4B2C4F3820004F0030403FA6E
:103ED00004F444EA401444F40A44C5E700F01F0027
:103EE00000F0E0F8040204F4F85444F4005462E7EB
:103EF00000F01F0000F0D6F8C30648BF0001C4F36D
:103F000043144FEA04244CBF00F0F00000B2044315
:103F100044F41044A8E7C0F3042000F0C3F80546B9
:103F2000E0B200F037F82D0205F4F85545EA000438
:103F300044F4005498E700BFD2A50008D6A50008B5
:103F400082B0ADF80410CBB2C1F3072129B9042B1C
:103F500012D81A4602B0FEF749BCFD2906D1012B42
:103F60000AD80122194602B0FEF754BCFC2903D13D
:103F7000012B01D80022F5E7002002B0704707B5F9
:103F8000ADF804100199FFF7DBFF03B05DF804EB17
:103F9000FFF7F8BE822825D00CD8312867D004D886
:103FA00029285AD02A2869D07047352850D0392876
:103FB00018D07047E32833D004D8E0281CD0E2287A
:103FC00029D07047E62835D0E72838D0E42835D105
:103FD000334B5A78910731D51B7813F0100F08BF77
:103FE000E72015E02E4B1A78920752D15B7813F038
:103FF000080F18BF29207047294A1378D90744D4DD
:10400000527812F0010F19D013F0100F08BFE320FF
:1040100018BF00207047224B1B7813F0040FF2E703
:104020001F4A1378590732D45278D20731D413F08B
:10403000100FEDE71A4B1B781A07CED47047184AB9
:104040001378190727D452789107F0D5E4207047E8
:10405000134B1B7813F0200FCBE7114B1A78920605
:104060001BD45B7813F0080F18BF392070470C4B36
:104070001B7813F0400F18BF2A207047084B1B789D
:1040800013F0400F18BF3120704739207047E220ED
:104090007047E0207047E62070473520CEE700BF2C
:1040A0001619002010B5304C21784B0713D500F0BD
:1040B0001402A2F1040C00F01803DCF1000242EB40
:1040C0000C02A3F1080CDCF1000343EB0C039A4251
:1040D00018BF80F00C000B0713D500F01402A2F1FA
:1040E000140C00F01803DCF1000242EB0C02A3F107
:1040F000180CDCF1000343EB0C039A4218BF80F06C
:104100000C006478E30713D500F0110202F1FF3CC4
:1041100000F01803DCF1000242EB0C02A3F1080CE2
:10412000DCF1000343EB0C039A4218BF80F0090056
:10413000A30711D500F0110200F01803A2F1110439
:104140006242A3F1180C6241DCF1000343EB0C0363
:104150009A4218BF80F00900CA0603D5030748BF7A
:1041600000F0E70010BD00BF1619002000207047C6
:10417000A0F5A543603B1F2B10B507D84C791CB99F
:1041800000F01F00FEF7F4FB204610BD0124FBE702
:1041900008B54B79B3B147F65B4290420FD047F672
:1041A0005C42904206D047F65A42904205D1FFF752
:1041B00083FC01E0FFF774FC0023184608BDFFF7FD
:1041C0007EFCF9E70123F8E708B54B79A3B147F680
:1041D000014290420DD047F60342904207D0B0F51D
:1041E000F84F02D1FEF7E1FB0023184608BDFFF7A8
:1041F00097FCFEF7E2FBF7E70123F6E7002000F06B
:10420000F3B908B5002000F06AF94FF6E363C31A6A
:104210005842584108BD4FF6E361002000F0C6B98E
:1042200008B5002000F0E0F9BDE808404FF6FF7146
:10423000002000F0BBB910B50446022000F040F9A0
:10424000207010BD0178022000F0A2B908B503204B
:1042500000F036F908BDC1B2032000F099B910B5DD
:104260000446042000F03BF9208010BD01880420A2
:1042700000F09CB90822172100F0B8B908221721D4
:1042800000F06CB901460F2000F09EB901461320E2
:1042900000F09AB901460E2000F07AB9002070476C
:1042A000014B1860704700BF280C0020704708B50C
:1042B000FFF7FCFF08BD704708B5FFF7FCFF08BD1E
:1042C000014B185C704700BF1919002070474FF46C
:1042D000076004F017BB00BF00BF00BF00BF00BFF6
:1042E00000BF00BF00BF00BF00BF00BF00BF00BFD6
:1042F00000BF00BF00BF00BF00BF704708B5FFF799
:10430000E6FF08BD08B5302383F311880322082196
:10431000034805F0DBFC002383F3118808BD00BFD0
:10432000000C0140F8B5FFF7EDFF0524302601270A
:104330000B4D55F8040B431C0DD086F3118800F08B
:104340000F01032207FA01F120F00F0005F0BEFC77
:10435000002383F31188013C14F0FF04E9D1F8BD78
:104360000CA60008F8B506460D46302383F31188E5
:10437000184C06222046082105F0A8FC082363619A
:10438000002484F31188FFF7A6FF05230122124FB2
:1043900057F8041B481C1BD021F00F00806801F067
:1043A0000F0120FA01F1C90712D451B2013B0C43AD
:1043B000520013F0FF03E4B2D2B2E9D1FFF7A2FF3B
:1043C000211C18BF01212846FFF798FF7455F8BD3E
:1043D0000021EBE7000C01400CA6000808B5FFF730
:1043E000A1FF0023044A1370044A137000F026F85A
:1043F000BDE80840FFF75BBF19190020181900201D
:1044000013B5002101A88DF80410FFF7ABFF094B8D
:104410009DF804101A7807488A421ABF19700122C1
:104420000022054900F00CF80446FFF745FF20463E
:1044300002B010BD181900201919002070470000A3
:104440002DE9F04180460F4614460F4D42B101233D
:104450002B7003F0DDFB0D4B18600020BDE8F081F0
:104460002E78002EF9D0094B186803F07AFB042847
:10447000F3D998F800303A789A421CBF3B70344622
:10448000002320462B70E9E79B0F00209C0F0020A3
:10449000FFF708BC08B503F07DFB03F01AFEFFF739
:1044A000A3FB03F019FEFFF7DDFB03F023FE03F08F
:1044B00027FEFFF7EDFF03F03DFEFFF7ACFBF6E74D
:1044C000002307B5014601220DF107008DF80730E2
:1044D00000F08CF89DF8070003B05DF804FB0023A2
:1044E00007B5014602220DF10600ADF8063000F0D6
:1044F0007DF8BDF8060003B05DF804FB07B50422A3
:10450000002301460DEB0200019300F06FF80198C3
:1045100003B05DF804FB07B501228DF807100146D2
:104520000DF1070000F067F803B05DF804FB07B574
:104530000222ADF8061001460DF1060000F05BF80E
:1045400003B05DF804FB07B50422019101460DEBB1
:10455000020000F050F803B05DF804FBF8B5054622
:104560001446D31D23F0070300AFADEB030D6846DF
:104570000E4600F03BF8224669462846FDF7F8FF54
:1045800020B122463146284600F035F8BD46F8BD38
:1045900038B50C460546FFF793FFA04205D02146EB
:1045A0002846BDE83840FFF7B6BF38BD38B50C46E1
:1045B0000546FFF794FFA04205D021462846BDE8F6
:1045C0003840FFF7B4BF38BD38B50C460546FFF795
:1045D00095FFA04205D021462846BDE83840FFF7A8
:1045E000B2BF38BD00F0A4B900F03CB80B4601469C
:1045F000184600F051B80B460146184600F0DCB8EA
:1046000008B5064B4FF4806200211846FEF756F8B5
:104610004FF48162C0F8002408BD00BFA00F002045
:1046200010B5064C94F8043433B900F043FA10B1D5
:10463000012084F8040410BD0220FCE7A00F002034
:1046400010B5074C94F804343BB100F081FA18B16E
:104650000023012084F8043410BD0220FCE700BFD1
:10466000A00F002038B5FFF7DBFF044618B9FFF7AD
:10467000E7FF204638BD00F029FA0546FFF7C0FFE6
:10468000012C06D1FFF7DCFF00280CBF002505F048
:1046900001052C46EDE7000008B5034608469918C9
:1046A000B1F5806F05D804491944FDF791FF012049
:1046B00008BD0020FCE700BFA00F0020F8B50646AB
:1046C0000F4615460024AC4201D10120F8BD600020
:1046D0003918304400F0AEFA0028F7D00134F2E780
:1046E000F8B506460F4615460024AC4201D101201C
:1046F000F8BD37F8141006EB440000F009FA002862
:10470000F6D00134F1E7000037B5FFF789FF4FF429
:104710000072054612490020FFF7E2FFD0B10EA358
:10472000D3E900234FF480610D4802F0B2F904226E
:10473000CDE9000169464FF48060FFF7D1FF002802
:1047400014BF02240024012D01D1FFF779FF204678
:1047500003B030BD0446F6E725232284E49CF2CB67
:10476000A00F002010B5094CD4F80034B3F5006F49
:1047700009D300F0ABF928B1FFF7C6FF4FF481630E
:10478000C4F8003410BD0120FCE700BFA00F0020DA
:1047900010B5084C0146D4F8000400F0B9F940B156
:1047A000D4F800340233C4F80034BDE81040FFF7F9
:1047B000D9BF10BDA00F00202DE9F04F8B46811806
:1047C000B1F5806F85B00746154604D90024204610
:1047D00005B0BDE8F08F554C044421465846FDF71E
:1047E000C7FE002800F09F802A4659462046FDF764
:1047F000EFFEFFF715FF019030B14FF0000835B91B
:10480000FFF7B0FF044684E0FFF71AFFDEE7012D53
:104810009BF8001023D9FB0721D4B7F5804F1ED297
:104820009BF8012041EA0222012A18D8002A14BF6D
:104830006FF05F026FF07F0242EA572262F30709CE
:104840007A0862F30F291FFA89F0FFF7A1FF012808
:1048500004465AD1023D02370BF1020BCFE73F2F3E
:1048600011D847F0400262F3070A61F30F2A1FFADA
:104870008AF0FFF78DFF0128044646D1013D01373C
:104880000BF1010BBBE7052D2E4628BF0526C7F30C
:10489000024242EAC6028DF808203A0AADF80A80C0
:1048A0008DF80920ADF80C805A46ADF80E808DF8D1
:1048B0000A700DF10B01B34412F8010B5A4501F8CF
:1048C000010BF9D1BDF80800FFF762FF012804468B
:1048D0001BD1BDF80A00FFF75BFF0128044614D185
:1048E000012D0BD8032D06D9BDF80E00FFF750FFA0
:1048F0000128044609D1AD1B374480E7BDF80C0000
:10490000FFF746FF01280446ECD014B1022C18BF73
:104910000024019B012B7FF45AAFFFF791FE002882
:104920003FF454AF53E7012451E700BFA00F00202C
:104930002DE9F04385B0FFF763FE00F011F928B9C7
:10494000FFF75EFE002005B0BDE8F0834FF4007273
:1049500057490020FFF7B2FE554D10B9FFF750FE42
:10496000EEE751A3D3E900234FF48061284602F01B
:1049700090F80F460646042202A94FF48060FFF724
:104980009DFEDDE902239F4208BF964201D0FFF75A
:1049900037FE4FF481660DF10601304600F04AF90A
:1049A00000286AD0BDF80630002B65D0DAB2910934
:1049B000012906F10204ADF8083047D029B10229D7
:1049C0004AD000205AE02646E5E70DF10A012046CC
:1049D00000F030F90028F4D09DF809309DF80A2045
:1049E0009DF8088043EA02234FEA08475BBA9BB26E
:1049F00007F4E0274FEAD8081F4308F0070907EB40
:104A00000903B3F5806F06F10404DAD818F0060F35
:104A100006D003A9204600F00DF90028D1D0B41D1E
:104A200018F0040F07D00DF10E01204600F002F936
:104A30000028C6D002344A460DF10B01E819FDF7F3
:104A4000C7FDB4F5006FBED3012017E002F03F02AE
:104A5000C3F30723AB54F4E7510201F478511B0A66
:104A600041EA4303591CB1F5806FAAD2C2F3401248
:104A7000EA5400236B54E4E701203446C5F80044AF
:104A800070B900F023F800283FF45AAFFFF73CFE5E
:104A90004FF48163C5F8003400287FF454AF4FE72A
:104AA000FFF760FEF8E700BF25232284E49CF2CBE9
:104AB000A00F002008B50021034804F0B5FAB0FAB1
:104AC00080F0400908BD00BFF8190020F8B50025A6
:104AD00001240C4F0C4E3B68AB4201D82046F8BD78
:104AE00030680A4B1968036829445B6998470128B4
:104AF000306888BF002404F017FE012888BF002416
:104B00000135E8E7340C0020AC130020300C002005
:104B100013B50C4A0B46ADF8061011680A4A014459
:104B2000127812B1DB43ADF80630084B0222186848
:104B30000368DC680DF10603A047B0FA80F0400975
:104B400002B010BD2C0C0020B0130020AC130020CC
:104B500008B5024804F076FA012008BDF8190020D3
:104B60002DE9F843284B294D294E2B60FFF7F0FF24
:104B7000286803685B689847264B274A1B680446E9
:104B800006EA8326037803F001031370836813B9E0
:104B9000224803F091FEA468DFF89080671E394632
:104BA000286804F0E3FDB04207D26CB91B4803F05B
:104BB00083FE1B4803F080FE1EE03C46002FEDD133
:104BC000404603F079FEE9E70026B046DFF8609042
:104BD000B91B2868C9F8001004F0D5FD8044B8F569
:104BE000006F0CD3D9F800100E4B641A28681C60B3
:104BF00004F0BCFD0C4B18600120BDE8F8830136C1
:104C0000B442E5D1D5E700BFF8190020AC1300206D
:104C100000FCFF03E0F7FF1FB013002020A60008F0
:104C2000A1A60008340C00202C0C00207EA6000851
:104C3000300C002038B50F4B0C4619680E4B014460
:104C4000186804F0ADFD012302880C480C4D037078
:104C500000230C492D780B700DB1D24392B2037032
:104C6000087818B100200B70238038BD2280012005
:104C7000FBE700BF2C0C0020AC130020B113002078
:104C8000B0130020A813002038B54C790546002C3D
:104C900042D0FEF709FEA5F5F043203B00F02200CC
:104CA0000A2B0AD8DFE803F0060B0F14181D212683
:104CB0002A2F330001F08EFD0024204638BD20B19C
:104CC00001F0FAFDF8E70028FAD001F0E1FDF3E782
:104CD00020B101F02FFEEFE70028FAD001F018FE16
:104CE000EAE720B101F04EFEE6E70028FAD001F035
:104CF00035FEE1E720B101F06DFEDDE70028FAD0D6
:104D000001F054FED8E720B101F082FED4E700287C
:104D1000FAD001F06FFECFE70124CEE738B54D7928
:104D20000446A5B9FEF7C0FDA4F5F043403B00F0F2
:104D300022000E2B49D8DFE803F0080C0F12161BD7
:104D40001F24282D31363A3F430001F059FD2846F3
:104D500038BD01F06DFDFAE701F03CFDF7E720B149
:104D600001F0AAFDF3E70028FAD001F091FDEEE78B
:104D700020B101F0DFFDEAE70028FAD001F0C8FD1C
:104D8000E5E720B101F0FEFDE1E70028FAD001F0EF
:104D9000E5FDDCE720B101F01DFED8E70028FAD0E0
:104DA00001F004FED3E720B101F032FECFE7002886
:104DB000FAD001F01FFECAE720B101F067FEC6E796
:104DC0000028FAD001F042FEC1E70125BFE700004C
:104DD00030B5C0F3072285B00190C0F30740BAB9DF
:104DE00009B1314B185C8DF80C008DF80D008DF871
:104DF0000E0000209DF80C3063F307009DF80D3085
:104E000063F30F209DF80E3063F3174005B030BDFB
:104E10009DF8043061B32449085C0625FF215D43F9
:104E20006FF05404B5FBF1F56C4304EB430404EB61
:104E30004404E4B204FB02F3C4F1FF04891A6243A0
:104E40001B121212C3F1FF03C2F1FF02414343439D
:104E50004243C1F30721C3F30723C2F30722C0B2C1
:104E6000062D1CD8DFE805F006080F12161B0600F9
:104E700080B2D2E7034610468DF80C308DF80D0055
:104E80008DF80E10B5E70B461146F5E71A460B46AE
:104E90000146F0E70346084619461346ECE71A4672
:104EA00003460846F0E700BF10A70008012184B0C0
:104EB00004B0FFF78DBF012830B501D8C0B230BDB6
:104EC000B0F5F75F88BFFF224FF001019EBF420996
:104ED0000832D2B28B185B1003FB03F5ADB28542EA
:104EE000DCB205D9621ED2B29142F3D9481EE5E781
:104EF000FF2B02D0611CC9B2F6E71846DFE70000BD
:104F000010F0400116BFC3430346DBB210B503F0F7
:104F10000F0201B101320949C3F301135B00CC1840
:104F20006478CB5C624303EB2213DBB2020644BF1E
:104F30005B42DBB283F0800010BD00BFF1A6000829
:104F40001FB5C0F3074401905008FFF7D9FFA0F147
:104F500080035BB2002BBCBFC0F1800043B20020D5
:104F60005B00DBB204FB03331B128DF80630019BA0
:104F7000DAB262F30700C3F3072262F30F20C3F330
:104F8000074363F3174004B010BD00001FB5144C75
:104F9000019004EB41014B79E5215943C2EB112308
:104FA0001C33002BC0F30720B8BF5B42A0EBC30348
:104FB0001BB223EAE37300FB033300201B128DF8BE
:104FC0000530019BDAB262F30700C3F3072262F3F4
:104FD0000F20C3F3074363F3174004B010BD00BFB5
:104FE000000C00201FB5144C019004EB41014B79DB
:104FF000E5215943C2EB11231C33002BC0F30740BA
:10500000B8BF5B42A0EBC3031BB223EAE37300FB10
:10501000033300201B128DF80630019BDAB262F3D5
:105020000700C3F3072262F30F20C3F3074363F3C0
:10503000174004B010BD00BF000C002084B00190E8
:1050400000208DF80420019BDAB262F30700C3F35D
:10505000072262F30F20C3F3074363F3174004B042
:105060007047000084B0019000200A4B03EB41011F
:105070004B799A1A8DF80420019BDAB262F307008B
:10508000C3F3072262F30F20C3F3074363F3174010
:1050900004B07047000C002084B0019000200A4B3F
:1050A00003EB41018B799A1A8DF80420019BDAB247
:1050B00062F30700C3F3072262F30F20C3F3074331
:1050C00063F3174004B07047000C002030B5124B5A
:1050D00085B0490001905C18A5790B44A5F1200426
:1050E00064B2002C5B79BCBFC5F1200464B29B1A8A
:1050F000C0B22344034400208DF80430019BDAB28F
:1051000062F30700C3F3072262F30F20C3F30743E0
:1051100063F3174005B030BD000C002084B001904F
:1051200000209DF8102003EB430302EB53028DF89F
:105130000420019BDAB262F30700C3F3072262F393
:105140000F20C3F3074363F3174004B070471FB544
:1051500092B2019048B2002802FB02F2BCBF484262
:1051600040B2C0F1380000FB002080B21C46FFF7BF
:10517000A2FE00EB4000044400208DF80440019B97
:10518000DAB262F30700C3F3072262F30F20C3F31E
:10519000074363F3174004B010BD000084B00190D2
:1051A000104800EB430398795B792038703B5943F2
:1051B00002FB00120020002A9DF80410B8BF7F32C5
:1051C00001EBE2128DF80420019BDAB262F30700D2
:1051D000C3F3072262F30F20C3F3074363F31740BF
:1051E00004B07047000C002084B00190104800EB20
:1051F000430398795B792038703B594302FB0012D6
:105200000020002A9DF80410B8BF3F3201EBA21223
:105210008DF80420019BDAB262F30700C3F3072282
:1052200062F30F20C3F3074363F3174004B07047E2
:10523000000C00201FB5164C019004EB43039C7931
:10524000C0B2203C62435C79A4F170035BB2002BD6
:10525000BCBFC4F170035BB2C3F1380301FB03218F
:1052600011EB410148BF7F3100EBE11100208DF8C7
:105270000410019BDAB262F30700C3F3072262F362
:105280000F20C3F3074363F3174004B010BD00BF02
:10529000000C00201FB5C4B201905008FFF730FE8B
:1052A0000D22A0F180035BB2002BBCBFC0F18000D7
:1052B00043B200205B00DBB2534304EB13248DF8B0
:1052C0000440019BDAB262F30700C3F3072262F3E2
:1052D0000F20C3F3074363F3174004B010BD000071
:1052E000114B84B0019003EB41014979C0B28B1A94
:1052F0005BB2002BBCBF521A53B21922DBB253432C
:1053000000EB13208DF804000020019BDAB262F359
:105310000700C3F3072262F30F20C3F3074363F3CD
:10532000174004B0704700BF000C0020FF2928BFC1
:10533000FF21C94384B00190C9B2C0F3074000FB0C
:105340000111002009128DF80610019BDAB262F3F8
:105350000700C3F3072262F30F20C3F3074363F38D
:10536000174004B07047FF2928BFFF21C94384B00C
:10537000C9B2019001EB8111C0B200EB11210020F4
:105380008DF80410019BDAB262F30700C3F3072221
:1053900062F30F20C3F3074363F3174004B0704771
:1053A00084B0BDF8102003EB830313449BB2FF2BA2
:1053B00028BFFF23DB430190DBB2C0F30740034467
:1053C000FF2B28BFFF2300208DF80630019BDAB2A7
:1053D00062F30700C3F3072262F30F20C3F307430E
:1053E00063F3174004B0704700291FB5B8BF4942A6
:1053F000002AB8BF524209B2090112B2FF294FEA8E
:105400000212A8BFFF21FF2AA8BFFF22BDF8184043
:1054100009B2234412B29BB29142D4BF5B189B18CD
:105420009BB2FF2B28BFFF23DB430190DBB2C0F30D
:1054300007400344FF2B28BFFF2300208DF80630D0
:10544000019BDAB262F30700C3F3072262F30F2075
:10545000C3F3074363F3174004B010BD1FB5482BD7
:105460000190C0F3074030D8BDF81840E31A9BB252
:10547000FF2B28BFFF23083189B2102905D902F17B
:10548000080189B2112928BFFF23DB43DBB20344A3
:10549000002AB8BF0332FF2B28BFFF2300200C498E
:1054A0008DF80630497801EBA2028DF80420019BAB
:1054B000DAB262F30700C3F3072262F30F20C3F3EB
:1054C000074363F3174004B010BDFF23D3E700BFC9
:1054D0002019002084B0BDF810200190D31A9BB28F
:1054E000FF2B28BFFF23DBB2D943C0F30742C9B269
:1054F0000A44FF2A28BFFF2218448DF80400002028
:105500008DF80620019BDAB262F30700C3F307228D
:1055100062F30F20C3F3074363F3174004B07047EF
:1055200084B0BDF810200190D31A9BB2FF2B28BF86
:10553000FF23DB43C0F30740DBB20344FF2B28BF4C
:10554000FF2300208DF80630019BDAB262F30700DA
:10555000C3F3072262F30F20C3F3074363F317403B
:1055600004B07047024A137818431070704700BFA8
:10557000B213002028B90029ACBF002380231846AD
:10558000704780EAE072A2EBE072002912B201EBF0
:105590000203ABBF891A5B014901511AABBF91FBF2
:1055A000F3F393FBF1F3C3F12003C3F160035BB2A8
:1055B000DBB20028BCBF5B42DBB2E0E730B5C0F332
:1055C000072585B0EB1A01901046DCB2FFF7D2FF39
:1055D000C0EB801300EB83002044C0B205FB000049
:1055E00000128DF805000020019BDAB262F307007B
:1055F000C3F3072262F30F20C3F3074363F317409B
:1056000005B030BD30B5C0F3074585B0EB1A019049
:105610001046DCB2FFF7AEFFC0EB801300EB830057
:105620002044C0B205FB000000128DF806000020E7
:10563000019BDAB262F30700C3F3072262F30F2083
:10564000C3F3074363F3174005B030BD30B585B0F1
:105650009DF82040C0F30725019010461C1BFFF762
:1056600089FF2C44E4B2201AC0B205FB00000012EE
:105670008DF805000020019BDAB262F30700C3F346
:10568000072262F30F20C3F3074363F3174005B00B
:1056900030BD30B585B09DF82040C0F3074501907E
:1056A00010461C1BFFF766FF2C44E4B2201AC0B260
:1056B00005FB000000128DF806000020019BDAB205
:1056C00062F30700C3F3072262F30F20C3F307431B
:1056D00063F3174005B030BD1FB5019010461C465E
:1056E000FFF748FF20448DF804000020019BDAB248
:1056F00062F30700C3F3072262F30F20C3F30743EB
:1057000063F3174004B010BD1FB59DF81840019019
:1057100010461C1BFFF72EFFE4B2201A8DF8040080
:105720000020019BDAB262F30700C3F3072262F3A1
:105730000F20C3F3074363F3174004B010BD00000C
:10574000084A138803EB432103EB810303F5585305
:1057500019339BB2138003EB1323DBB25843000AC7
:10576000704700BF420C002084B004B0FFF79EBB1E
:1057700008B50348FEF7E4F90022024B1A7008BD91
:1057800020190020B213002010B5094C3123204607
:10579000032200F8013B0749FCF71AFF4FF67F731D
:1057A0002046A380FEF7CCF90022034B1A7010BDEF
:1057B000201900204CA50008B213002000207047DB
:1057C00070B504460E461546FFF7F8FF054B04EB8F
:1057D00084041C44A35DFF2B1EBF2B540130C0B2B8
:1057E00070BD00BF000C0020014BDB68184700BFF4
:1057F00000A7000870470000F7B50D4616461F4683
:10580000FFF7F8FF00280ADB064C3B466468324687
:105810002946A446019403B0BDE8F040604703B0B8
:10582000F0BD00BF00A7000837B5134B0446034482
:105830005B7E19421DD0114D0322691C6846FCF79E
:10584000C7FE03206D78FFF77BFF6FF01F0303FB9C
:1058500000508DF800000098FFF786FFC0F3074363
:10586000C0F30722C1B2204603B0BDE83040FFF7C5
:10587000C3BF03B030BD00BF000C002020190020C2
:1058800013B5174B044603445B7E194226D0154AD4
:105890008020138803EB432103EB810303F5585366
:1058A00019339BB2138003EB13238DF80030FFF7FD
:1058B00047FF0D4B7F30DB788DF801008DF802300B
:1058C0000098FFF751FFC0F30743C0F30722C1B2AE
:1058D000204602B0BDE81040FFF78EBF02B010BDF9
:1058E000000C0020420C002020190020014B9B6876
:1058F000184700BF00A700082DE9F74304460E46ED
:105900001546FEF77FF9074600283BD02DB16A46C1
:1059100031462046FFF754FF0546284C23782B4498
:10592000082B20DDC5F10806691C32462144601CA5
:10593000FCF74EFE05F109013246214404F109004D
:10594000FCF746FE04EB45017200193104F1190021
:10595000FCF73EFE05F111013246214404F111002D
:10596000FCF736FE2670002108468C462278DFF8C8
:1059700050E0CEB2B318B542DBB206D81544EDB252
:1059800000B1257003B0BDE8F0831DF80160E01898
:105990000EEB460898F805900C3398F8068004EB57
:1059A000430380F8019080F809804674013183F840
:1059B00001C083F802C03846DBE700BFB313002004
:1059C000000C00200C4B1B68C3F38123022B0CD06E
:1059D000032B0ED0012B4FF0000203D011461420F0
:1059E000FFF784BF14211046FAE70021142208466D
:1059F000F6E71422F2E700BF2819002001207047C3
:105A00000120704708B5FFF7F9FFFCF7A7FE08BDB6
:105A10004000C2B2931CDBB20A2B4FF0000028BF3B
:105A20000A2362F3070082B063F30F2002B07047CD
:105A30002DE9F04F82468BB000780491FFF7E8FF24
:105A40002D4E2E4A3579C4B26B081588C0F307294C
:105A500003FB0555C5F307230393294B03EB4407C9
:105A600003F11908E3B2994507D8B9F1090F8CBFC2
:105A7000002001200BB0BDE8F08F14F808209AF840
:105A800001301A4235D0BA797979203A92B202FBC4
:105A900002F070391FFA81FB0BFB0B0080B20592FC
:105AA000FFF709FA039B96F801C00093B37896F8C4
:105AB00003E0059A4CEA032C12B203460FFA8BF16D
:105AC0004CEA0E40049DA847C0F307238DF824003C
:105AD000C0F307408DF825308DF826000998FFF7B0
:105AE00043FEC0F30743C0F30722C1B22046FFF7CD
:105AF00083FE02370134B5E7201900202819002061
:105B0000000C00200149FFF793BF00BF4D5600086D
:105B10000149FFF78DBF00BF935600080149FFF709
:105B200087BF00BF1D5100080149FFF781BF00BFBB
:105B3000095700082DE9F04F824685B000788B4662
:105B4000FFF766FF234E244A3579C4B26B081588E7
:105B5000C0F3072903FB0555204BC5F3072503EBCD
:105B6000440703F11908E3B2994507D8B9F1090FC1
:105B70008CBF0020012005B0BDE8F08F14F808208C
:105B80009AF801301A4222D0B378707896F803C0A0
:105B9000BA79797940EA0320203A70392B4640EAF5
:105BA0000C40D847C0F307238DF80C00C0F3074022
:105BB0008DF80D308DF80E000398FFF7D5FDC0F37A
:105BC0000743C0F30722C1B22046FFF715FE023794
:105BD0000134C8E72019002028190020000C0020FB
:105BE0000149FFF7A7BF00BFBD5500080149FFF7F6
:105BF000A1BF00BF055600080149FFF79BBF00BFCA
:105C00004F5100080149FFF795BF00BFD956000862
:105C10002DE9FF47804600788946FFF7F9FE1F4DC2
:105C20001F4A2B7916889B0802335E43DFF874A065
:105C3000C0F30727C6F30726C4B2E1B28F4206D8E5
:105C4000092F8CBF0020012004B0BDE8F08714F8B4
:105C50000A2098F801301A421DD0A8786B78324695
:105C600043EA0023E87843EA0040C847C0F307232B
:105C70008DF80C00C0F307408DF80D308DF80E0044
:105C80000398FFF771FDC0F30743C0F30722C1B2C9
:105C90002046FFF7B1FD0134CFE700BF20190020F7
:105CA00028190020190C00200149FFF7B1BF00BFDF
:105CB000414F00080149FFF7ABBF00BF8D4F0008FF
:105CC0000149FFF7A5BF00BFE54F00080149FFF7F5
:105CD0009FBF00BF3D5000080149FFF799BF00BFBB
:105CE000655000080149FFF793BF00BF99500008B5
:105CF0000149FFF78DBF00BFCD5000080149FFF7F4
:105D000087BF00BF955200080149FFF781BF00BF60
:105D1000E15200082DE9F04F814689B000780391E7
:105D2000FFF776FE294E2A4A3479C5B2A3081488B3
:105D3000C0F3072703FB0444C4F3072404F1400025
:105D4000C0B2FFF7DDF880384FFA80FA2046FFF73F
:105D5000D7F8DFF880B080384FFA80F80296EBB2BF
:105D60009F4206D8092F8CBF0020012009B0BDE852
:105D7000F08F15F80B1099F80120114223D0029AE8
:105D8000009450789278514640EA0220029A039E8D
:105D900092F803C0424640EA0C40B047C0F30723E4
:105DA0008DF81C00C0F307408DF81D308DF81E00E3
:105DB0000798FFF7D9FCC0F30743C0F30722C1B22D
:105DC0002846FFF719FD0135C9E700BF201900205B
:105DD00028190020190C00200149FFF79BBF00BFC4
:105DE0009D5100080149FFF795BF00BFE951000828
:105DF0000149FFF78FBF00BF355200082DE9F04F72
:105E0000344D85B0804600788A46FFF701FE2E7932
:105E1000DFF8C4B0731CB3F5807F08BFFF234FF6D3
:105E2000FF76B6FBF3F6DFF8B490C0F30727C4B2F1
:105E3000E0B2874206D8092F8CBF0020012005B0B0
:105E4000BDE8F08F14F80B2098F801301A422FD0DB
:105E500099F80030DFF888C0013B5BB21A0629D5FB
:105E600031462B79A8780133B3F5807F08BFFF2333
:105E700003FB01116B78C1F30F2143EA0023E8789B
:105E800043EA0040D047C0F307238DF80C00C0F36D
:105E900007408DF80D308DF80E000398FFF764FC75
:105EA000C0F30743C0F30722C1B22046FFF7A4FCAA
:105EB0000134BDE713F80C20824209D103F10C0232
:105EC00009EB42025178927841EA0221B142C8D3EB
:105ED000013BC3E720190020190C00202C190020D9
:105EE0003D1900200149FFF789BF00BF2D5300086D
:105EF0000149FFF783BF00BF675300082DE9F04F4A
:105F000082468FB008788B460592FFF781FD444D9D
:105F1000C4B22B78C0F307290493424B039503EBDB
:105F2000440719330693E3B2994507D8B9F1090F2D
:105F30008CBF002001200FB0BDE8F08F069BE25C13
:105F40009BF801301A4221D0032237490CA8FCF7F4
:105F50003FFB039B0AF101061E44D046002304992F
:105F60005FFA88F2914214D8304AD07800FB0333AC
:105F70001B128DF832300C98FFF7F6FBC0F3074385
:105F8000C0F30722C1B22046FFF736FC01340237C6
:105F9000C9E716F8012B787997F806C0801AF279CC
:105FA00080B2ACEB020C1FFA8CFC0FFA8CF20CFBEB
:105FB0000CFC01B200FB00C080B20993089107926B
:105FC000FEF779FF039B08F10C0E03EB4E0E9EF8D3
:105FD00001C0164B9EF802E0079A4CEA0E2C93F88B
:105FE00004E0099B0EF1010EBEF5807F08BF4FF063
:105FF000FF0E0EFB0CCC8DF83230CCF30F23009348
:1060000008990346059D0C98A847C0F307238DF80F
:1060100031308DF8300008F10108C0F307439EE7E6
:106020002C190020000C002021190020201900202C
:10603000054B01461B78054A013BB3F1FF3F08BF02
:106040000023D8B2FFF75ABF2C190020A153000833
:10605000054B01461B78054A013BB3F1FF3F08BFE2
:106060000023D8B2FFF74ABF2C190020E9530008DB
:10607000054B01461B78054A013BB3F1FF3F08BFC2
:106080000023D8B2FFF73ABF2C1900205D54000856
:10609000054B01461B78054A013BB3F1FF3F08BFA2
:1060A0000023D8B2FFF72ABF2C190020D5540008CE
:1060B000054B01461B78054A013BB3F1FF3F08BF82
:1060C0000023D8B2FFF71ABF2C1900202155000871
:1060D000F7B506460078FFF79BFC184AC4B2537820
:1060E000C0F307259078164F43EA0023D07843EA9F
:1060F0000040FFF739FBC0F307238DF80400C0F31D
:1061000007408DF805308DF80600E3B29D4205D8B2
:10611000092D8CBF0020012003B0F0BDE25D737833
:106120001A4208D09DF806309DF805209DF804100D
:106130002046FFF761FB0134E7E700BF201900208C
:10614000190C00202DE9FF4780460078FFF760FC1E
:106150001A4FC4B2C0F307250322791C02A8FCF72A
:1061600037FA3E79DFF858900136B608A9F1130ADC
:10617000E3B29D4206D8092D8CBF0020012004B057
:10618000BDE8F08714F8092098F801301A4212D0BF
:106190001AF814307A781B0903FB06238DF80830AF
:1061A0000298FFF7E1FAC0F30743C0F30722C1B238
:1061B0002046FFF721FB0134DAE700BF2019002059
:1061C000190C00202DE9FF4780460078FFF720FCDE
:1061D0001A4FC4B2C0F307250322791C02A8FCF7AA
:1061E000F7F93E79DFF858900136B608A9F1140A9C
:1061F000E3B29D4206D8092D8CBF0020012004B0D7
:10620000BDE8F08714F8092098F801301A4213D03D
:106210001AF8143006FB03F27B7803EB52138DF867
:1062200008300298FFF7A0FAC0F30743C0F3072233
:10623000C1B22046FFF7E0FA0134D9E72019002067
:10624000190C0020F7B503780646BBB91D4B0A2090
:106250001B791033FF2B28BFFF231A461A4B1B88CC
:1062600002FB0333C3F30F23B3FBF0F200FB123343
:106270009BB21BB9FFF764FA144B18803078FFF714
:10628000C7FBB378C4B2C0F3072593B90F4F388862
:10629000844210D8A8420ED27178C0B2FFF7C4FA77
:1062A0000B233B8007E020467178FFF7BDFA0134ED
:1062B000E4B2AC42F7D3092D8CBF0020012003B01B
:1062C000F0BD00BF2019002028190020380C002044
:1062D000F7B503780646CBB91E4B1B791033FF2B5D
:1062E00028BFFF231A461C4B1B8802FB03330522E1
:1062F000C3F30F23B3FBF2F202EB82029B1A9BB2B1
:1063000023B90A20FFF71CFA144B18803078FFF7E6
:106310007FFBB378C4B2C0F3072593B90F4F388819
:10632000844210D8A8420ED27178C0B2FFF7A8FA02
:106330000B233B8007E020467178FFF7A1FA013478
:10634000E4B2AC42F7D3092D8CBF0020012003B08A
:10635000F0BD00BF20190020281900203A0C0020B1
:1063600038B57A4B04461B78794A834224D179495F
:106370001378097803F003035B1A18BF0123764DE5
:10638000AB7053796A789A4205D0002211461046C4
:106390006B70FFF7ABFA102C00F0A08035D8072CFB
:1063A0007CD012D8032C6DD008D8012C66D05CD9D3
:1063B0006948FFF7C7FE1AE00123E0E7052C69D022
:1063C00064D96548FFF77CFC11E00B2C72D006D82D
:1063D000092C6BD066D96048FFF79AFB07E00D2CBB
:1063E00070D06BD30E2C71D00F2C73D000202B7873
:1063F00001332B70002837D10222584B1A70AA782B
:10640000002A31D184BB03222DE0192C00F08280B8
:1064100014D8142C6ED006D8122C67D062D94E48EE
:10642000FFF7DAFCE3E7162C6CD067D3172C6DD09E
:10643000182CDBD14848FFF761FCD8E71D2C75D03C
:1064400006D81B2C6ED069D94348FFF7F1FDCEE783
:106450001F2C73D06ED3202C74D0FF2CC6D1FFF725
:10646000B1FA02223D4B1A7038BDA8780028BED080
:10647000002211461046FFF739FAB7E73648FFF712
:1064800027FEB4E73448FFF79DFEB0E73248FFF738
:106490000BFCACE73048FFF70DFCA8E72E48FFF7F0
:1064A0009FFBA4E72C48FFF7A1FBA0E72A48FFF7D2
:1064B00029FB9CE72848FFF709FC98E72648FFF7E7
:1064C0000BFC94E72448FFF70DFC90E72248FFF708
:1064D0000FFC8CE72048FFF721FB88E71E48FFF7F9
:1064E0008BFB84E71C48FFF78DFB80E71A48FFF71A
:1064F0001BFB7CE71848FFF775FC78E71648FFF7A9
:1065000077FC74E71448FFF79DFE70E71248FFF729
:10651000DFFE6CE71048FFF7F7FB68E70E48FFF770
:10652000E1FC64E70C48FFF7E3FC60E70A48FFF78B
:106530008FFD5CE70848FFF79BFD58E70648FFF72B
:10654000A7FD54E70448FFF7B3FD50E73F0C0020D8
:1065500020190020400C00203C0C0020410C0020A1
:10656000012070470120704708B5FFF7FBFF08BD09
:1065700037B500780138C0B2FFF74AFAC0F30724F4
:10658000C5B221462846FFF7EBFF21462846FFF714
:10659000EBFF03B030BD00002DE9F0413D4C00267B
:1065A000206801F0DEFA054601F032FB3A4920602E
:1065B00091F800C037466446C5F57F4E0EF1FF0ED8
:1065C000F3B29C450BD807B10C70344C344F25788E
:1065D0003E78032D30D8DFE805F01931404C06F144
:1065E0000C0201EB4202537892F80280013643EA32
:1065F00008239E4525BF5B199BB204F1FF345370FD
:106600002DBF1B0AE4B201279370D9E70022254B66
:1066100021491A70244B292218602448FBF7D8FF1F
:10662000234B1B782BB9234B1B7813F0030518BFA2
:106630009D0801233D702370BDE8F0813046FFF7CF
:106640008FFE002EF8D02378022B01D1FFF7DAF964
:10665000BDE8F0411348FFF78BBF174B174A1E7078
:10666000144B1B78C3F301031370FFF7BDF803232A
:10667000E1E7134D2B7823B10E48FDF761FA0023B3
:106680002B70094B186801F06CFA0F28D4D900233D
:10669000D1E700BFE0130020B3130020410C00201D
:1066A000DC1300203C0C0020281900202C190020AD
:1066B000E4130020201900203F0C0020400C002093
:1066C000B2130020264B70B51B68984700244FF08A
:1066D000FF33244A244D53769376D376137753773A
:1066E0009377D37782F8203082F8213082F82230F5
:1066F00082F8233082F8243082F8253082F8263060
:10670000147082F8273082F82830184A184E5376D1
:106710009376D376137753779377D37782F82030B5
:1067200082F8213082F8223082F8233082F8243037
:1067300082F8253082F82630147082F8273082F8EB
:106740002830012328463370FDF7F8F92B78347090
:1067500013F0FC0F03D1BDE87040FFF715B870BD12
:1067600000A700082C19002020190020B3130020D6
:10677000B213002070B506460A4D88B12C787CB95A
:106780002046FFF7EDFD084B084A1C70084B1B78AC
:10679000C3F301031370FFF727F80322054B1A70A8
:1067A0002E7070BDE41300203F0C0020400C002030
:1067B00020190020410C0020044A137883F00103C3
:1067C00013700022024B1A70FEF7CCBE2019002075
:1067D000410C00200120FFF7EFBF0000064B1A78A4
:1067E00012F0030204BF05490A7001211A7861F30F
:1067F00001021A70704700BF20190020410C0020D0
:1068000008B5FFF7EBFFBDE808400120FEF7AABE80
:10681000054B1A7892071EBF0021044A11701A789E
:106820006FF301021A70704720190020410C0020FC
:1068300008B5FFF7EDFFBDE808400120FEF792BE66
:106840000A4A137813F0030F0ED048B9012060F301
:10685000870313700022064B08461A70FEF782BEAB
:10686000202888BF2020F2E7704700BF20190020B1
:10687000410C0020054B01461B789B080133212B5E
:1068800034BF18460120FFF7DBBF00BF20190020EE
:106890000120FFF7EFBF0000064B01461B78C3F352
:1068A0008503013B13F0FF0314BF18462020FFF7B8
:1068B000C7BF00BF201900200120FFF7EDBF000077
:1068C00030B4084C2578AD0709D0C82A28BFC822A3
:1068D0006070A170E270184630BCFEF743BE30BC59
:1068E000704700BF20190020014BD878704700BFC7
:1068F00020190020054910B44C780346CA7804F1E9
:106900000800897810BCFFF7DBBF00BF201900200A
:106910000120FFF7EFBF0000054910B44C78034693
:10692000083CCA78A0B2897810BCFFF7C9BF00BF85
:10693000201900200120FFF7EFBF000010B4064C23
:106940000346A178E2781031FF2928BFFF21607843
:10695000C9B210BCFFF7B4BF201900200120FFF717
:10696000EDBF000010B4064C0346A178E278103960
:1069700021EAE1716078C9B210BCFFF7A1BF00BF86
:10698000201900200120FFF7EDBF000010B4064CD5
:106990000346E278A1781032FF2A28BFFF226078F0
:1069A000D2B210BCFFF78CBF201900200120FFF7E6
:1069B000EDBF000010B4064C0346E278A178103A0F
:1069C00022EAE2726078D2B210BCFFF779BF00BF52
:1069D000201900200120FFF7EDBF0000044A1379C1
:1069E0001033FF2B28BFFF231371FEF7BBBD00BF81
:1069F000201900200120FFF7F1BF0000034A13799E
:106A0000103B23EAE3731371FEF7ACBD201900209D
:106A10000120FFF7F3BF00000A4A5379FF2B0AD089
:106A2000052B0AD0022B0AD10133DBB20649CB5C1D
:106A30005371FEF797BD0023F6E70123F4E7002327
:106A4000F4E700BF20190020F9A600080120FFF795
:106A5000E3BF00000B4A5379FF2B0ED0052B0AD061
:106A6000022B01D05BB90323013BDBB20649CB5CAF
:106A70005371FEF777BD0123F6E70323F6E7002302
:106A8000F4E700BF20190020F9A600080120FFF755
:106A9000E1BFF0B50144884202D310461946F0BD6B
:106AA000002710F8014B4FEA031C624094184FEA8C
:106AB000021E43EB03054CEA127C14EB0E0445EB7B
:106AC0000C054FEA421EA4184FEA431C43EB050590
:106AD0004CEAD26C14EB0E0445EB0C054FEAC21ED7
:106AE0004FEAC31C4CEA526C14EB0E044FEA022628
:106AF00045EB0C054FEA032C4CEA126CA41945EB4C
:106B00000C033A19B64646EB0303C4E7FDF77AB81F
:106B100008B5082200210348FBF7D0FDBDE8084076
:106B200000F01CB9E51300208378C078013303F02E
:106B300003031B1A58425841704738B50446FFF703
:106B4000F3FF80B9A378E5182879013361F30600D3
:106B500062F3C7102871012003F00303A3702378A8
:106B60000133237038BD0020FCE710B5C37884786A
:106B70009C4211D003441B79C3F3C014C3F3060332
:106B80000B701470C378013303F00303C3704378B0
:106B900001334370012010BD0020FCE70A46014686
:106BA0000148FFF7CABF00BFE51300200A460146AF
:106BB0000148FFF7DABF00BFE513002070B5314B85
:106BC00086B01A7832B100221A702F4B9A78DA7098
:106BD0001A785A7000F000F9FFF798FF0446C8B31E
:106BE0000024FC262DE09DF807309DF80640A3B355
:106BF00001F044F8FD238DF811304FF481738DF8C6
:106C00001040ADF81200ADF8143006AB13E90300E4
:106C1000FBF742FF9DF807309DF8064043B301F0B3
:106C20002DF8FD238DF8093002238DF80840ADF8CA
:106C30000A00ADF80C3002AB93E80300FBF72CFF21
:106C40002C460DF107010DF10600FFF7AFFF0546D9
:106C50000028C8D1204606B070BD01F00FF88DF8AD
:106C600010408DF81160ADF8120040F20313CAE72E
:106C700001F004F88DF808408DF80960ADF80A00BD
:106C80000323D6E7ED130020E51300204FF4E15075
:106C900001F038BE69B1084B53F82000431C0AD0FC
:106CA000012100F00F030322994020F00F0003F0B0
:106CB0000DB8024BF0E770472CA8000824A8000884
:106CC00079B1094B53F820305A1C1FBF23F00F0233
:106CD000906803F00F03D84014BF00F001000020BB
:106CE0007047024BEEE700BF2CA8000824A800085C
:106CF000704700002DE9F041164E002537463378E5
:106D0000ECB2A3420CD8FFF7C1FF0025DFF84880A2
:106D10003B78ECB2A3420DD8FFF7EAFFBDE8F08163
:106D200000212046FFF7B6FF01212046FFF7B2FF02
:106D30000135E4E700212046FFF7C2FF01210646A6
:106D40002046FFF7BDFF46EA400008F80400013581
:106D5000DEE700BFF2130020F01300200222024BF6
:106D60001A70FFF7C7BF00BFF213002070B5164BB3
:106D700041EA4202195CD2B201F00305AA4204467C
:106D800021D042EA8102D2B21A54104B104D1E5C3F
:106D9000104B02F00F029B5C2A5C13445BB2B342BF
:106DA0002B5402DB0021FFF7F9FE2A5773429A4267
:106DB00003DC01212046FFF7F1FE2A5792FBF6F390
:106DC00006FB13262E5570BDF013002020A80008E6
:106DD000EE13002010A80008F8B500250A4E3378FD
:106DE000ECB2A34200D8F8BD00212046FFF768FFAF
:106DF000012107462046FFF763FF39460246204639
:106E0000FFF7B4FF0135EAE7F213002038B51C4D57
:106E100000232A460C210133F02B02F8011BFAD182
:106E200000231946174A0133E02B02F8011BFAD15F
:106E300010224FF48061144802F048FF0023134CE5
:106E40001A460A21042002F09DFE114BE2695B6C98
:106E50003C329A6043F2B012DD601A604FF4E8727F
:106E60005A601A680B4942F001021A60204602F08B
:106E700000F92046BDE838400022022102F00BB99B
:106E8000F3130020E314002000080140181A00202A
:106E900094AA000834A8000830B51824104D04FB4B
:106EA00000500024073041FA04F515F0010F14BF1B
:106EB00020250C25057242FA04F515F0010F14BFC8
:106EC00020250C2500F8015943FA04F515F0010FAF
:106ED00014BF20250C250134082C4574E3D130BDA6
:106EE000F313002030B5044D00EB40002C18617006
:106EF000A3702A5430BD00BF5519002010B50024DE
:106F0000044B01340A2C587019709A7003F1030372
:106F1000F7D110BD5519002038B50025064CA378CF
:106F200022786178A8B20135FFF7B6FF0A2D04F187
:106F30000304F4D138BD00BF55190020FCF7F0BDA3
:106F400008B50020FDF7BCF900F0010008BD08B548
:106F5000FDF756FA40F6B83001F059FEFDF750FA49
:106F6000FFF7EEFF28B1FFF7E9FFBDE8084000F0AA
:106F70009DBE08BD08B5FFF7EAFF08BD47F61643FA
:106F8000984210B50C461BD1FCF78EFC62790D4B74
:106F900072B100F0AA00002815BF0122002235209E
:106FA00029201A7000F0DAFCFCF720FD002010BD4B
:106FB0001B78002B14BF3520292000F0D7FCF3E705
:106FC0000120F4E7C415002010B5044648790028D4
:106FD00000F01081A4F5E044A3B2222B34D88648F7
:106FE000013CFCF7A7FD212C23D8DFE814F0710049
:106FF000F1007D003400390082003E0087009600D9
:107000004D00E80052009B005700A000CE005C003D
:10701000A500D7006300AC00B60043008C00480018
:1070200091006A00B100C300E200E6002E00770084
:10703000FA00714A137843F0010313706E48FCF7AD
:107040007BFDFCF737F8002010BD6B4A537843F006
:1070500008035370F2E7684A137843F00203ECE741
:10706000654A137843F00403E7E7634A137843F073
:107070000803E2E7604A537843F00103E9E75E4A18
:10708000537843F00203E4E75B4A137843F01003BC
:10709000D3E7594A137843F02003CEE7564A1378D2
:1070A00043F04003C9E7FCF705F8534A137843F06F
:1070B0008003C2E7504A137823F00C0343F00C031B
:1070C000BBE74D4A537823F0030343F00303C0E7C3
:1070D000494B1A786FF300021A70AFE7464B5A78A3
:1070E0006FF3C3025A70A9E7434B1A786FF341025A
:1070F000F2E7414B1A786FF38202EDE73E4B1A78C4
:107100006FF3C302E8E73C4B5A786FF30002E9E7FC
:10711000394B5A786FF34102E4E7374B1A786FF333
:107120000412D9E7344B1A786FF34512D4E7324B87
:107130001A786FF38612CFE7FBF7BCFF2E4B1A7855
:107140006FF3C712C8E72C4A137823F00C0374E7D7
:10715000294A537823F003037BE727490B78C3F3CD
:10716000800282F00102D2B262F3820362F3C303AF
:107170000B7063E720494B78DA4302F0010262F3B7
:10718000000362F341034B7058E71B490B78C3F3CC
:10719000801282F0010262F38613E9E7FBF78AFFAF
:1071A00015490B78C3F3C01282F0010262F3C713D2
:1071B000DEE70120FCF7C6FC40E70020FAE70E49B5
:1071C0000B78C3F3001282F0010262F30413CFE7DD
:1071D00009490B78C3F3000282F0010262F3000355
:1071E000C6E705494B78C3F3C00282F0010262F39F
:1071F000C303C8E7012027E71619002000EB40036E
:10720000C3EB031300EB830003B2002B07DAB3F1E7
:10721000800001D503F17F0040F30720704703F1A0
:107220008000F9E7164B1B78D90707D5154B18785E
:1072300040007F281FD800B3C0B270479A0703D51B
:10724000104B18788000F4E75B0703D50D4B1878D6
:10725000C000EEE70C4B1B785BB10C4A0949127871
:1072600008789342F4D25843C000B0FBF2F080B2E9
:10727000DFE70820E0E77F2070470120704700BF6C
:10728000D0150020460C0020D1150020470C00200E
:10729000144B1B78D90705D5134B18788008F8B123
:1072A000C0B270479A0703D50F4B18784008F6E72D
:1072B0005B0705D50C4B18787F28F0D97F207047E5
:1072C0000A4B1B7853B10A4A07491278087893424F
:1072D00036BF584380B2B0FBF2F0EDE70120DFE7A4
:1072E00001207047D01500204A0C0020D215002044
:1072F0004B0C0020CD2808B505D1FFF793FF404285
:10730000294BD87008BDCE2802D1FFF78BFFF7E7D5
:10731000CF2805D1FFF786FF4042234B9870F1E755
:10732000D02802D1FFF77EFFF7E7D92804D1FFF775
:10733000AFFF1D4B1871E5E7DA2803D1FFF7A8FF6F
:107340004042F6E7DB2805D1FFF7A2FF4042164B8B
:107350005871D7E7DC2802D1FFF79AFFF7E700F171
:107360002F03DBB2072B08D801230F4AD13803FAC9
:1073700000F0537818435070C4E7DD2805D10B4A5C
:10738000137843F001031370BCE7DE2804D1074AE9
:10739000137843F00203F6E7DF28B3D1034A1378EA
:1073A00043F00403EFE700BFCA150020D01500200A
:1073B000364BCD2893F902200AD193F90310002906
:1073C0000CDA0021D97052B90021314A117006E05F
:1073D000CE280DD193F903100029F2DC72B11A798D
:1073E0005B7913435BB2002B4FD12A4A137070476D
:1073F000CF2806D1002AF1DA00229A7093F90320EF
:10740000E1E7D02802D1002AF6DCE7E7D92893F992
:10741000041004D10029E1DD00211971DEE7DA282A
:1074200002D10029DADAF7E7DB2893F9051004D155
:107430000029D3DA00215971D0E7DC2802D10029D4
:10744000F8DCCBE700F12F01C9B2072907D80121E9
:10745000D1388140587820EA01005870BEE7DD2815
:1074600005D10D48017821F001010170B6E7DE2851
:1074700004D10948017821F00201F6E7DF28ADD1F7
:107480000548017821F00401EFE77047CA15002094
:10749000D1150020D2150020D015002008B500F02D
:1074A000EDFB094BDA7899780A431CBF074A108034
:1074B0001A795B7913431CBF054B18800248BDE85D
:1074C000084000F0BBB900BFCA150020C615002057
:1074D000C815002008B5062200210548FBF7EEF884
:1074E0000023044A1370044A1370044A137008BD41
:1074F000CA150020D1150020D2150020D01500207B
:1075000090F902305BB990F9033043B990F9043037
:107510002BB990F90500003018BF012070470120F9
:107520007047000037B5594C062221466846FBF7E4
:107530004FF800239DF80220A370E370237163715C
:107540009DF8033013430AD0514B188800F002FB1A
:10755000504A13783BB35049097888422CDC9DF897
:1075600004209DF8053013430BD04C4B188800F0D5
:10757000F1FA4B4A1378002B4ED04A4909788842D9
:1075800053DC6946414800F003FA18B93F48FFF759
:10759000B7FF08B1FFF782FF062269463B48FBF7B9
:1075A00017F803B030BD40490D780A21694388427D
:1075B000D5DD0133137001E0FF2BFAD19DF90250A4
:1075C0003DB1FFF72FFE002DCCBF0123FF23584311
:1075D000A0709DF903503DB1FFF724FE002DCCBFF4
:1075E0000123FF235843E07094F902000028B6D02D
:1075F00094F90320002AB2D0FFF700FE30B1A0704A
:107600001046FFF7FBFD20B1E070A8E70123A3704F
:10761000F6E70123E370A2E724490D780A216943C4
:107620008842AEDD0133137001E0FF2BFAD19DF9E2
:1076300004503DB1FFF72CFE002DCCBF0123FF23EA
:10764000584320719DF905503DB1FFF721FE002DF3
:10765000CCBF0123FF235843607194F90400002834
:107660008FD094F90520002A8BD0FFF7C7FD30B1E9
:1076700020711046FFF7C2FD20B1607181E7012340
:107680002371F6E7012363717BE700BFCA15002071
:10769000C6150020D1150020450C0020C81500207B
:1076A000D2150020490C0020440C0020480C00207A
:1076B000F8B5144642791D469DF81870284B92B1D2
:1076C0001C7000F0DBFA274B188004F12003DBB2BA
:1076D000072B44D8012004F00704A040C0B2BDE845
:1076E000F840FBF7B5BA1E78A6422ED11D4B18887C
:1076F00000F030FAC72828D8AE4205F1200415D092
:1077000006F12003DBB2072B06D8012006F007069E
:10771000B040C0B2FBF7A5FAE3B2072B06D80120B0
:1077200005F007039840C0B2FBF792FA3846E4B27E
:10773000FBF786FA072C12D8012005F00705A840B0
:10774000C0B2BDE8F840FBF78CBA04F12003DBB20D
:10775000072B04D8012004F00704A040F0E7F8BD8F
:10776000D3150020D415002013B5A0F5F840183823
:107770000C4606283BD8DFE800F0171E0410252C25
:10778000330026230093E12347F61A411A46204688
:10779000FFF78EFF002002B010BD27230093E523E2
:1077A00047F61B411A46F2E72623E022009347F6EC
:1077B0001841E123EBE72723E422009347F6194120
:1077C000E523E4E72623E222009347F61C41E12368
:1077D000DDE72723E622009347F61D41E523D6E7A0
:1077E0002823E522009347F61E410123CFE748797D
:1077F00018B10022024B1A70CDE70120CBE700BF81
:10780000D3150020014B1860704700BFD815002029
:1078100070477047034B1B6813B11B6803B11847CF
:1078200000207047D8150020034B1B6813B15B681C
:1078300003B11847704700BFD8150020044B1B68E0
:1078400023B1DB6813B1022101701847704700BFF4
:10785000D81500200B4B07B51A8882420FD018802C
:10786000094B1B685BB11B694BB103228DF8050006
:10787000000A8DF806008DF8042001A8984703B08F
:107880005DF804FBDE150020D81500200C4B07B571
:107890001A88824210D018800A4B1B6863B11B699A
:1078A00053B104228DF80500000A8DF806008DF80A
:1078B00004200DEB0200984703B05DF804FB00BF05
:1078C000DC150020D81500200020074B1B689A1CEF
:1078D00008339A4200D1704712F8011B0029F8D0F2
:1078E0000130C0B2F5E700BF240C002060B1074BA7
:1078F0001B689A1C083312F8011B814203D09A427C
:10790000F9D1002070470120704700BF240C0020EF
:107910004FF0FF33002230B5851C15F8014B8C4227
:107920000ED0B3F1FF3F02D1002C08BF1346013245
:10793000D4B2062C62B2F0D15A1C01D01844817026
:1079400030BD002210B5831C083013F8014B8C4267
:1079500008BF03F8012C8342F7D110BD024B01464A
:107960001868FFF7D5BF00BF240C0020024B01466A
:107970001868FFF7E6BF00BF240C0020034B062267
:10798000186800210230FAF799BE00BF240C0020CD
:1079900042784B789A421DD190F902301BB191F98F
:1079A00002209A4216D190F903301BB191F90320BD
:1079B0009A420FD190F905301BB191F905209A42F6
:1079C00008D190F9040030B191F90430181A18BFA9
:1079D000012070470120704782B002B0704707B5A0
:1079E0000190FFF7F9FF03B05DF804FB07B500282D
:1079F0004FF0040214BF0223012306490DEB0200DD
:107A0000CB70FAF7E5FD0198FFF7E9FF03B05DF8E9
:107A100004FB00BF4C0C002007B5042203230649D9
:107A20000DEB0200CB70FAF7D3FD0198FFF7D7FFFB
:107A300003B05DF804FB00BF4C0C0020FFF7D6BF7D
:107A400007B50422012306490DEB0200CB70FAF7BB
:107A5000BFFD0198FFF7C3FF03B05DF804FB00BF53
:107A60004C0C0020FFF7ECBF07B5003018BF012019
:107A70000422064988700DEB0200FAF7A9FD01986F
:107A8000FFF7ADFF03B05DF804FB00BF4C0C002016
:107A9000014B9878704700BF4C0C002007B50422BA
:107AA000054948700DEB0200FAF792FD0198FFF7C7
:107AB00096FF03B05DF804FB4C0C0020014B587896
:107AC000704700BF4C0C002007B504220549087020
:107AD0000DEB0200FAF77CFD0198FFF780FF03B081
:107AE0005DF804FB4C0C002070477047704708B5E8
:107AF000FFF7FCFF08BD704708B5FFF7FCFF08BDA6
:107B000008B5FFF7F1FFFCF77BFCFFF7EEFF002065
:107B1000FCF7D6FB024B1870003018BF012008BDDF
:107B2000E0150020044B1A5C012303FA01F10A421C
:107B300014BF184600207047E015002032B9012319
:107B4000034A8B40115C21EA03011154704700BFC6
:107B5000E015002010B5044600F090F8001B80B23C
:107B600010BD10B5044600F053F8001B10BD000016
:107B700008B510220021FAF7A1FD0346044AD2E914
:107B800000010832126883E80700184608BD00BFEC
:107B9000E8F7FF1F08B501F053F9BDE8084000F011
:107BA00073BE08B5FAF711FFBDE8084040F2A460C3
:107BB00001F02DB808B5FBF78DFEFBF7A1FEFFF72E
:107BC000DDFEFFF787FC0020FFF744FE0020FFF7F3
:107BD0005DFEBDE80840FAF706BF0000302383F3DE
:107BE0001188064BDA69064B1A600023054A1360B8
:107BF000054A136083F31188704700BF9019002075
:107C0000EC150020E4150020E8150020FFF7E6BF82
:107C100070B500F05FFE124D124B134ADC692B6801
:107C20001168E41AA14211490AD9A3F58333E03B54
:107C30002B600D680E4B04F583342B44E0340B604D
:107C40000D6814604FF47A7600F04DFE002109486B
:107C5000094A0023E6FB0401FAF708FB284470BD3B
:107C6000EC15002090190020E4150020E8150020F4
:107C700088598F029F860100A086010008B5FFF792
:107C8000C7FF80B208BD0000BFF34F8F0549064B08
:107C9000CA6802F4E0621343CB60BFF34F8F00BFAA
:107CA000FDE700BF00ED00E00400FA0508B5FFF7AE
:107CB000EBFF000044F24D2208B5024B9A62FFF739
:107CC000E3FF00BF006C004010B5084A084C117873
:107CD00024784B1C03F00F039C421DBF054C13700E
:107CE0006054002018BF012010BD00BF8319002080
:107CF000841900207319002070B590F87430044680
:107D000003F07F02212A54D113F0800221D0002AEF
:107D10004FD090F87520022A17D0032A05D0012AE7
:107D200017D1BDE8704000F007BC90F8782090F8BB
:107D3000795052EA05250CD1FFF7AAFE354B25678D
:107D400018700120A366E06670BDBDE8704000F0C9
:107D50002DBD94F875200A2A22D00B2A11D0092AA9
:107D600027D194F8782094F8791042EA0122012A68
:107D70001FD8294BA3660223E366284B2367012003
:107D8000E2E794F8783094F8792053EA022303D19B
:107D900094F87600FFF768FE0023A366E366EDE73C
:107DA00094F87700FFF790FE2046BDE8704000F0A1
:107DB00025BD03F09F03812B03D194F87530062B6A
:107DC00011D0174DD5F8842022B9D5F8143133B924
:107DD0000020B9E7204690470028F6D0B4E72046B7
:107DE000BDE87040184794F87920616894F87830BD
:107DF0004D6843EA022394F8761094F877202046E1
:107E0000A8470028E4D04368A3660368E36600231C
:107E1000B4E700BFF8150020FC150020697E0008BB
:107E2000F80D0020F8B50F4C0022234643F8042F2C
:107E300090F87B7090F8796090F8765090F87A20FE
:107E400090F8781090F8770042EA072241EA06217C
:107E500045EA002000F0A0F920606068002818BF03
:107E60002046F8BDF015002090F87A1090F87B00BD
:107E7000074B41EA002102291A7806D1012A01D0D4
:107E8000062A04D15878FFF709BE1046FBE7704771
:107E9000FC15002008B505292AD8DFE801F01A29C9
:107EA000031A1A2A302383F31188194800F01EFAA6
:107EB000184800F01BFA002383F31188164B1B7837
:107EC00013B10520FFF700FF0220BDE80840FFF7CF
:107ED000FBBE0846FFF7F8FE302383F311880C48F9
:107EE00000F0EDF90B4800F0EAF9002383F3118864
:107EF00008BD302383F31188054800F0F4F90548E4
:107F000000F0F1F9002383F311880520DDE700BFBD
:107F1000F80D0020880E0020F915002008B5102269
:107F200000210448FAF7CAFB0023034A1370034AEE
:107F3000137008BD731900208319002084190020D4
:107F4000F8B52A4D2A4E2C46002130782B78294F3F
:107F5000984233D101B12070F8BD01222370264B25
:107F60001A70264B93F87F10081C18BF0120FFF7EA
:107F700053FDE9E7002223701F4B1A70FFF71AFE2A
:107F80001E4B93F87F10081C18BF0120FFF756FD09
:107F9000DAE72370194B93F87F10081C18BF0120F3
:107FA000FFF724FDD0E7002123700846F8E723708F
:107FB000FFF746FD0120FFF757FDC5E71A46BA5CFB
:107FC000013303F00F030121052AC1D80FF2040C7D
:107FD0005CF822F0AF7F0008517F0008937F000813
:107FE000A77F00085B7F0008757F000884190020C8
:107FF0008319002073190020F9150020381A002079
:1080000070B506464FF48055134C204600F034F905
:108010002046903400F044F9204600F02DF9204627
:108020000E4C00F03DF906224FF48051204601F03D
:108030004DFE3046656101F090F841F2883000F065
:10804000E6FD0749304601F071F829462046BDE8B3
:108050007040022201F03ABEF80D002000080140F5
:108060006CA8000837B500239025054C009305FB4C
:10807000004042F2107300F093F903B030BD00BF2E
:10808000F80D002010B50446FFF702FD2146BDE8BB
:10809000104008220120FFF7E5BF70470146062285
:1080A0000020FFF7DFBF014603220020FFF7DABF01
:1080B00070477047704708B5FFF7FAFF02F02EFAD5
:1080C000FFF7F7FF08BD08B502F030FAFFF7F2FF3F
:1080D00008BDFFF7C7BC000008B5FFF71FFF044845
:1080E000FFF78EFFBDE8084041F2883000F08FBDF9
:1080F000381A00200148FFF785BB00BF500C002054
:1081000038B50B4CFFF71CFF2378052B0FD1254604
:10811000FFF747FDFFF7F4FC30B1B4F87C309B0764
:1081200002D5284601F0A8F82378052BF0D038BDF9
:10813000381A002000F0B8BA30B5144B85B01C785E
:1081400014BB012268461A70FFF712FD2346104A3D
:10815000104C04A901EB630111F8100C02EB430170
:108160000509655D00F00F008D700025205CCD7065
:10817000591C023302EB4101202B8870CD70E8D1ED
:10818000422313700323537005B030BD4216002004
:10819000FE150020AAA90008020A032A10B51C46F1
:1081A00011D006D8012A2AD0022A2BD0002002465C
:1081B00012E0212A1DD0222AF8D149B30129F5D194
:1081C0007B20154A08E0C0B20328EFD8DFE800F0B2
:1081D0000206090C0420114A226010BD0A20104A30
:1081E000FAE710200F4AF7E7FFF7A6FF0E4A1078CC
:1081F000F2E751B10129D9D109200C4AECE712204C
:108200000B4AE9E73B200B4AE6E709200A4AE3E785
:1082100044200A4AE0E700BF2FA900080DA9000882
:1082200011A900081DA90008FE150020A7A8000834
:10823000B7A800087CA800088EA80008C9A80008F4
:1082400013B5446B226F1378042B12D1012394F8D9
:10825000741012898B4013420BD101A9204600F003
:1082600028FE024628B1019B94F87410206F00F09C
:10827000F0FF02B010BD00001FB500F15C03C36445
:10828000064B02900193836FD0F880200093012168
:10829000C36F00F0EBFD05B05DF804FB4182000800
:1082A000302383F31188036F90F8742003EB82036B
:1082B0009862002380F8883083F311887047012387
:1082C00010B5044603726FF0010100F0D0FC2046A7
:1082D00000F0E3FDD4F88C3023B1BDE81040DA683B
:1082E0001868104710BD00230372704710B504468C
:1082F00000F1380290F87410006F00F058FF20462B
:1083000000F0CBFD0023237210BD00EB8103F7B515
:108310009C6A05460E4684B3302383F311880023FC
:10832000226984F8883063699A4201D1E368B3B95D
:1083300005EB8603DB685B691B6883B1D4F88C307E
:1083400053B101A9204600F0B4FDD4F88C300146A9
:108350009F68019A1868B847204600F0B8FD01A947
:10836000204600F0A6FD024648B1019B3146284652
:1083700000F06FFF002383F3118803B0F0BD05EB1D
:108380008603DB681A68022AF4D15A691268002A47
:10839000F0D01B8A013B1340ECD105F17402E5E7F4
:1083A0002DE9F84F1E4604468A4617469DF8285088
:1083B000302383F31188036F1B78042B05D000252D
:1083C00085F311882846BDE8F88F90F8883023B1EE
:1083D00001364FF0FF3618BF0026002383F31188C3
:1083E0004FF030094FF0010833463A4651462046D7
:1083F00000F0A8FD87421CD989F3118894F88830D1
:108400004FF0000B002808BF43F001036FF001019B
:1084100084F88830204684F8088000F028FC204644
:1084200000F03BFD84F808B000F05CFB8BF3118892
:10843000DAE7002DC6D1204600F0C9FD0125C1E7CD
:10844000302383F31188026943699A420FD1C368CC
:108450007BB10123026F90F8741012898B40134294
:108460000CBF01200020002383F3118870470020F7
:10847000F9E71846F7E70000006810B440B1054C72
:108480008264E469083040F8044C10BCFAF7A0B8E4
:1084900010BC7047901900200168134631B18A6CF6
:1084A00003F108009A640831FAF792B8704710B5E2
:1084B0000446006840B1826C00210830FAF7FEF8EB
:1084C000002223681A605A6010BD00000B7810B4B7
:1084D000082B0BD850F8230040B1054B8264DB69B0
:1084E000083040F8043C10BCFAF772B810BC704772
:1084F000901900200829134609D850F8211031B1ED
:108500008A6C03F108009A640831FAF761B8704781
:1085100070B50026051F00F1200455F8040F38B18E
:10852000826C00210830FAF7C9F82B681E605E6083
:10853000A542F2D170BD000038B590F878300446FD
:10854000012B1CD890F87610082918D80D4AD35C56
:10855000012B14D890200C4A00FB0323D3F88C0085
:1085600060B10A4D43682A460068984705F1080340
:10857000A366AB6C0120E3660023236738BD0020AF
:10858000FCE700BFF40D0020F80D002008170020C4
:10859000036843B19100196003490B78002A18BFA2
:1085A00043F001030B707047A0170020006810B162
:1085B0000068C0F3870070470368D0B50BB900208E
:1085C000D0BD302383F31188036800221C685B68E8
:1085D00082F31188002CF2D04FF47A700027084AF9
:1085E000084ED169084AC91AE0FB016700233046EA
:1085F0003946F9F73BFE84428CBF00200120DFE7BB
:10860000901900209F860100A08601004B1E072BB9
:108610000BD850F8213043B19100196003490B7811
:10862000002A18BF43F001030B707047A017002009
:10863000082906D850F8210020B10068C0F387004F
:1086400070470020704700000829D0B501D90020EC
:10865000D0BD50F82130002BF9D0302383F311889E
:1086600050F8213000221C685B6882F31188002CCE
:10867000EDD04FF47A700027084A094ED169094AB3
:10868000C91AE0FB0167002330463946F9F7EEFDD1
:1086900084428CBF00200120DAE700BF901900203F
:1086A0009F860100A08601002DE9F74F3A4B1A780A
:1086B0000193002A3FD000263546384FDFF8E0B05E
:1086C000D7F88C40002C32D0002E39D14FF0010861
:1086D000302383F311885FFA88FA63695146206872
:1086E00098474FF00009002818BF45F0010589F3AD
:1086F00011882A48FFF7A4FEA0B1A369514620685B
:10870000984778B1302383F31188254A636851462E
:108710002068984789F311882249DBF848204846A9
:10872000FFF7A0FC08F10108B8F1090FD0D190378C
:1087300026B1019B1D7003B0BDE8F08F0126BFE795
:108740004FF0300989F31188002163692068984748
:108750004FF00008002818BF45F0010588F3118884
:108760001148FFF76DFE0028E1D0A369414620685B
:1087700098470028DBD089F31188094A636841468D
:108780002068984788F311880649DBF848200120C3
:10879000FFF768FCCBE700BFA0170020F80D002012
:1087A000541700205C170020880E002010B590F8A8
:1087B00078300446012B19D890F87610082915D87E
:1087C0000B4AD35C012B11D890200A4A00FB0323EB
:1087D000D3F88C0048B1436900689847064B18707D
:1087E000A36601200023E066236710BD0020FCE79C
:1087F000F40D0020F80D00200417002010B590F8AB
:1088000078300446012B19D890F87610082915D82D
:108810000B4AD35C012B11D890200A4A00FB03239A
:10882000D3F88C0048B1036994F877200068984722
:1088300000230120A366E366236710BD0020FCE748
:10884000F40D0020F80D002070477047FEE700008F
:1088500070B5082000240B4B93E82600043995429C
:1088600007D8D968914209D8013803F11003F3D130
:1088700070BD51F8046F42F8046BF0E742F8044B06
:10888000F0E700BFBCA9000838B501230025074C5C
:108890002370656000F0C8FA0549064800F030F919
:1088A0000223237085F3118838BD00BF881900208A
:1088B0003CAA00089019002072B60322024BD8652A
:1088C000024B1A70FEE700BF9019002088190020A3
:1088D00000F054B8EFF3118020B9EFF30583302294
:1088E00082F31188704710B530B9EFF30584C4F3F3
:1088F000080414B180F3118810BD00F0F3F884F37C
:108900001188F9E7034B59685A68521A9042FBD80C
:10891000704700BF001000E010B50A4A13699C6858
:10892000A1420CD85C68816003604460206058609C
:108930009868411A99604FF0FF33936110BD091B8D
:108940001B68ECE7901900200361002310B4C2609B
:10895000436110BCFFF7E0BF036881689A680A446E
:108960009A60426813605A6000234FF0FF32036040
:10897000014B9A61704700BF9019002070B5124DED
:108980002946EA690132EA6151F8102F8A4206D07D
:1089900030269368013B93602C69A36803B170BDD6
:1089A000226861680A605160236083F31188E3687C
:1089B00021692046984786F3118861690029EBD028
:1089C0002046FFF7A9FFE7E79019002000238268FF
:1089D000037503691B6899689142FBD25A6803606A
:1089E0004260106058607047002382680375036915
:1089F0001B6899689142FBD85A6803604260106016
:108A00005860704708B5302383F311880A7D00232E
:108A1000052A06D8DFE802F00C050503130F8A6962
:108A200013604FF0FF3308468B61FFF7CFFF002341
:108A300083F3118808BD8A699368013393604A689B
:108A40000B6813605A60ECE7FFF7C0BF054BD968AD
:108A500008751868026853601A6001220275D860B0
:108A6000F9F7EEBB9019002030B50C4B87B0DC68ED
:108A70004B1C05460FD02346094A6846FFF764FFA2
:108A80002846FFF7E3FF009B13B16846FFF764FF3A
:108A9000A06907B030BDFFF7D9FFF9E790190020B2
:108AA000058A0008044B1A68DB6890689B68984246
:108AB00094BF00200120704790190020084B10B58A
:108AC0001C68D868226853601A6001222275DC6035
:108AD000FFF78AFF01462046BDE81040F9F7B0BB1A
:108AE00090190020044B1A68DB6892689B689A42D0
:108AF00001D9FFF7E3BF70479019002030BFFDE7B1
:108B000070B504460025194B86B0856221630E4678
:108B1000586000F043F904F11003236163614FF0E2
:108B2000FF33A361124BE561DA69002304F13401DC
:108B3000C4E9082324606460A560E562E5658023DC
:108B40000C4A204600F01CF801230B4AE060037534
:108B50000092726868460192B268CDE90223074B21
:108B6000CDE9043500F03EF806B070BD881900204C
:108B700090190020E7A60008ECA60008FD8A00086E
:108B80008B6002224B62002308618A820B62CB61F8
:108B9000084670478368C168A3F14C0243F81C2C57
:108BA000026943F84C2C42690C4843F8482C0C4AA3
:108BB00043F8180C43F82C2C022203F8142C002242
:108BC00043F8201C03F8132C43F8041C43F8082C2A
:108BD00043F80C2CA3F12800704700BF9019002027
:108BE0005122000808B5FFF7D5FFBDE80840FFF7A0
:108BF0002BBF0000024BDB6898610F20FFF726BFF8
:108C000090190020302383F31188FFF7F3BF08B5D4
:108C10000146302383F311880820FFF725FF002346
:108C200083F3118808BD03682BB1002202609961AB
:108C30001846FFF709BF7047064BDB6839B1426839
:108C400018605A60136043600420FFF70DBF4FF0B7
:108C5000FF307047901900200368984206D01A68C8
:108C60000260506099611846FFF7EEBE704738B554
:108C700004460D462068844200D138BD0368236055
:108C80005C608561FFF7E0FEF4E7034610B51B6802
:108C9000984203D09C688A689442F8D25A680B6064
:108CA0004A601160596010BD00230060406083601D
:108CB0007047000070B5174B84680646DD689CB9A4
:108CC0002B6A8560C360286270BDA360237D83B179
:108CD000062B15D123686268A069214613605A608B
:108CE000FFF7D3FFA3699C68AB68A2689A42ECD3F4
:108CF00006E062682368204613605A60FFF7A4FE0E
:108D000030462946FFF7C1FFAE610620BDE870403E
:108D1000FFF79CBE9019002008B5302383F311881B
:108D2000FFF7C8FF002383F3118808BD154A10B56B
:108D3000D1680346302282F31188C26800680A6253
:108D400083421BD0486A82B98860186802681A603A
:108D50005360026A9860DA600362FFF775FEFFF7FE
:108D6000C1FE002383F3118810BD1468A24203D012
:108D7000A468A04238BF2046D268E4E700229A6087
:108D8000EFE700BF90190020EFF30983203383F34E
:108D90000988002383F3118870470000302080F396
:108DA000118862B60B4B0C4AD96821F4E0610904C2
:108DB000090C0A430949DA60CA6842F08072CA6045
:108DC00007490A6842F001020A602022DA7783F834
:108DD0002200704700ED00E00003FA05F0ED00E02E
:108DE000001000E010B5302383F311880B4B5B6853
:108DF00013F400630FD0EFF309844FF08073203C2D
:108E0000E36184F30988FFF74DFE10B1044BA361C1
:108E100010BD044BFBE783F31188F9E700ED00E098
:108E20006322000866220008024B034A1A60034AC4
:108E30005A607047F0190020C01A0020005000202E
:108E400008B500F009FD074800F00AFF00F0DBF864
:108E500000F006F900F059F9FFF735F9BDE80840D0
:108E600000F002B83CAB000800F062BF10B5029CF5
:108E700004330172C36103FB042100238362C362D4
:108E8000039B00600363049B4060C4604261026115
:108E9000816104624262436310BD026A6FF00101A6
:108EA000C260426A4261026100228262C262FFF7CE
:108EB000DEBE436902699A4201D1C26822B91846EE
:108EC00050F8043B0B60704700231846FAE7C3686C
:108ED000C2690133C360436900211344826943615D
:108EE000934224BF436A4361FFF7B6BE38B50446D8
:108EF0000D46E3683BB1236900201A1DA262E269B6
:108F00001344E36207E0237A33B929462046FFF78A
:108F100093FE0028EDDA38BD6FF00100FBE703692E
:108F20001960C268013AC260C26913448269036170
:108F3000934224BF436A036100238362036B03B13E
:108F4000184770472DE9F84F04460F4691469A4658
:108F50004FF0300888F311880025AB46A66A4EB959
:108F600051462046FFF7C2FF20B186F311882846FC
:108F7000BDE8F88FA06AE66AA9EB0503361A9E429F
:108F800028BF1E46402E18D939464022F9F720FB4B
:108F9000A36A40374033A3624035A26AE36A9A422B
:108FA00004D3E16920460439FFF7B9FF8BF3118838
:108FB0004D45DCD288F31188D0E739463246F9F7BF
:108FC00007FBA36A37443344A3623544E5E708B599
:108FD000302282F31188816A29B103690439C91AE0
:108FE00001D0FFF79CFF002383F3118808BD08B56B
:108FF0000C30FFF79BFE002008BD08B50C30FFF7D2
:109000008BFE002008BD00F089BC0000054B0C3031
:1090100040F80C3C012300F8083C002340F8043CD5
:10902000FFF742BE48AA000810B53023044683F378
:109030001188816000F07EFC02230020237180F300
:10904000118810BD10B53023044683F3118800F059
:1090500085FC00230122A360227183F3118810BDD7
:1090600000F086BE0123037000234360C3600374D5
:10907000704738B50446302383F3118800254B68C8
:1090800041608360C56000F083FE0223237085F396
:109090001188284638BD38B5302383F31188012361
:1090A00003FA01F4C3682343C36000F025FF0023E3
:1090B00083F3118838BD10B50446002101F0ECF9A6
:1090C0000021204601F0D6F963681B6813B1062120
:1090D00020469847A36823F00113A3600023E366AA
:1090E000062384F8643010BD10B5044690F876303D
:1090F00080F87E3001F082F863681B6813B10121AB
:10910000204698470323237010BD01F055B8012372
:109110000370002300F12C02436000F1480142F883
:10912000043B8A429361FAD18360704738B50546A3
:10913000302383F3118800244160C46004614461DA
:109140008461C46104624462846201F0D7F802233E
:109150002B7084F31188204638BD70B53023064645
:1091600083F3118801F02EF8344600250123756041
:1091700004F80C3B2C3654F8043B7BB1586920B101
:109180006FF001010C30FFF74EFD54F8043C986974
:1091900020B16FF001010C30FFF745FDB44244F8F7
:1091A000045CE8D1FFF79EFC85F3118870BD70B5B3
:1091B00000EB8103054650690E461446DA6018B18B
:1091C00014220021F9F77AFAA06918B114220021BB
:1091D000F9F774FA31462846BDE8704001F018B836
:1091E000F8B504460027836800F1100503F0011369
:1091F000836000F12C0655F8043B7BB1586920B11F
:109200006FF001010C30FFF70EFD55F8043C986932
:1092100020B16FF001010C30FFF705FDB54245F8B4
:10922000047CE8D12046BDE8F84001F097B8F0B4DE
:10923000012500EB8104E4684789A4698D403D4322
:10924000458123600023A2606360E360F0BC01F00D
:10925000CDB8F0B4012500EB8104E46807896469A6
:109260008D403D43058123600023A2606360E3607D
:10927000F0BC01F0DDB80000037810B5052B0BD170
:10928000064CC820236C43F010032364FFF7BFFC97
:10929000236C23F01003236410BD00BF005C00406A
:1092A0002DE9F0410223002504464FF030080370F9
:1092B000C567C566856000F10C0600F12C0756F8FD
:1092C000043BABB188F3118856F8043C586920B1CF
:1092D0006FF001010C30FFF7A6FC56F8043C9869CA
:1092E00020B16FF001010C30FFF79DFC85F3118870
:1092F000BE4246F8045CE2D184F86450204600F097
:10930000E1FF63681B6823B12046BDE8F0410021FE
:109310001847BDE8F081F8B503780446052B29D03D
:1093200080F880300523037043681B680BB104216B
:10933000984700263027A66004F10C052C3455F818
:10934000043BABB187F3118855F8043C586920B150
:109350006FF001010C30FFF766FC55F8043C98698A
:1093600020B16FF001010C30FFF75DFC86F311882E
:10937000A542E4D1F8BD0178052906D1436890F8EB
:1093800080201B68027003B11847704790F8643062
:1093900070B504463BB1836823F00113836000235A
:1093A000C36680F8643004F174020021204601F0A5
:1093B00003F863689B684BB994F8743013F0600548
:1093C0002CD02046BDE87040FFF775BE2046984778
:1093D0000028F1D094F87B2094F87A3043EA0223F5
:1093E000E26E9A4288BFE36694F97430E56E002B12
:1093F0004FF0300380F2F680002D00F0E580092266
:1094000084F8642083F311880021E36EA26E204665
:10941000FFF71FFF002383F3118870BD94F87520B8
:1094200003F07F0343EA022340F20232934200F04A
:10943000B88025D8022B00F08C8009D8002B3CD0B6
:10944000012BBED1744BA3660223E366002339E0EF
:10945000B3F5817F00F09280B3F5407F34D0B3F54F
:10946000807FAED194F87630012BAAD1B4F87C304D
:1094700023F00203A4F87C30A566E5662567A9E71A
:1094800040F20162934209D8B3F5C06F26D2B3F51A
:10949000A06F96D1A566E566604B13E0B3F5106F3B
:1094A00032D040F602429342CCD0B3F5006F88D15F
:1094B00004F17F03A366012324E004F17C02A26689
:1094C0000222E266236785E794F87630012B7FF469
:1094D00078AFB4F87C3043F00203CBE794F87920FE
:1094E000616894F878304E6843EA022394F8771064
:1094F00094F876202046B04700283FF462AF4368D6
:10950000A3660368E366B9E72378042B10D1302300
:1095100083F311882046FFF763FE85F3118803214A
:10952000636884F87F501B6821700BB12046984710
:1095300094F876304BB184F87F300423237063684D
:109540001B6813B10221204698470023A366E366F7
:10955000B8E794F8783020461D0603F00F010AD5CD
:1095600000F01CFF012804D002287FF42AAF2C4B06
:1095700069E72C4B67E700F003FFF3E794F87630D8
:10958000002B7FF41EAF94F8783013F00F01DCD07D
:109590001A06204602D500F0A9FFD6E700F08EFF9C
:1095A000D3E794F87630002B7FF40BAF94F8783043
:1095B00013F00F01C9D01B06204602D500F06CFF46
:1095C000C3E700F057FFC0E7142284F8642083F358
:1095D00011882B462A4629462046FFF728FE85F3A8
:1095E00011881AE75DB1152284F8642083F311888D
:1095F0000021E36EA26E2046FFF719FE0AE70B2258
:1096000084F8642083F311882B462A462946204695
:10961000FFF71FFEE3E700BF74AA0008E990000807
:1096200070AA000872AA000838B590F864300446A1
:10963000092B0DD007D80BB1062B36D12046BDE83B
:109640003840FFF738BD0B2B30D01FD3152BF4E774
:1096500090F87B1090F87A20C36E42EA0122934280
:1096600014D2C268128AB3FBF2F502FB15356DB94C
:10967000302383F311882B462A462946FFF7E9FD5C
:1096800085F311880A2384F864300EE0142384F8EB
:109690006430302383F31188002320461A4619468C
:1096A000FFF7C5FD002383F3118838BD036F03B1B5
:1096B0009847A36823F00113A3600023E366E2E761
:1096C00090F8642038B5152A044617D80123934032
:1096D00040F64142134223D113F480150FD19B026F
:1096E0000CD50B2380F86430302383F311882B468C
:1096F0002A462946FFF7ADFD85F3118838BDC368BA
:109700009B695B68002BF9D1036F03B19847A3688D
:1097100023F00113A3600023E36684F86430EDE7CF
:10972000BDE83840FFF7C7BC2DE9F348044640F2D6
:10973000E73600270C4D236801A99B69204698470E
:1097400001280ED1B346BC4601994FF47A72E5FB6D
:1097500001BC002361465846F8F788FDFFF757FA29
:10976000E9E702B0BDE8F088A0860100036810B503
:109770005B680C469847C36813B153F8340010BDBA
:1097800000696043FBE7036810B55B680C469847C7
:10979000C3681BB103EBC403586810BD0069FCE744
:1097A000036810B55B680C4698474069204410BDBB
:1097B00000F16043090103F56143C9B283F8001366
:1097C000012300F01F024009800000F16040934037
:1097D00000F56140C0F8803103607047012200F05D
:1097E0001F039A4043099B0003F1604303F5614363
:1097F000C3F88020C3F88021002300F1604000F509
:10980000614080F800337047090100F16040C9B23F
:1098100000F56D4001767047062108B50846FFF750
:10982000C7FF06210720FFF7C3FF06210820FFF727
:10983000BFFF06210920FFF7BBFF06210A20FFF723
:10984000B7FF06211720FFF7B3FFBDE80840062148
:109850002820FFF7ADBF00004FF0FF3108B5104BD7
:109860001A6919611A6900221A611869D868D960E1
:10987000D968DA60DA68DA6942F08052DA61DA6966
:10988000DA6942F00062DA61064ADB69136843F480
:109890008073136000F018F9BDE80840FFF7BCBF03
:1098A0000010024000700040194B1A6842F001029B
:1098B0001A601A689007FCD51A6802F0F9021A605B
:1098C00000225A605A6812F00C0FFBD11A6842F459
:1098D00080321A601A689103FCD55A6842F4E81283
:1098E0005A601A6842F080721A601A689201FCD5B8
:1098F0001221084A5A60084A11605A6842F002026E
:109900005A605A6802F00C02082AFAD1704700BF68
:109910000010024000641D000020024010B5034CFE
:109920002046FFF773FB024BE36110BDF8190020DE
:1099300000200240C369064A59680A435A605968C0
:10994000044A0A435A600022034B1A61704700BF61
:1099500023016745AB89EFCD00200240C26913693E
:1099600043F08003136170470048704778AA0008ED
:1099700038B50446007905280DD003201F25207135
:10998000E06901F10061C5601846F8F721FE022385
:109990000020237138BD0120FCE7F7B50479052CC0
:1099A00043D004241F254FF6FF7C0471C469E56091
:1099B000256945F00105256172B31E4621F00105B8
:1099C000ADF804C005F1006516F8017B01F0010354
:1099D0000DF1080E734412F1FF3203F8047C01F11B
:1099E0000101334601D0CF07EED4BDF804702F80BB
:1099F000E668F607FCD4E66806F01F0E16F0100FB6
:109A0000C4F80CE007D1760703D42D88ADB2AF427D
:109A1000D2D0032200E00622236923F00103236150
:109A200002230371104603B0F0BD0122FAE70720BC
:109A30007047037910B5052B044614D005231F2267
:109A40000371C369DA601A6942F002021A61FFF712
:109A50008DFEE36900F10060586100201A6942F050
:109A600040021A6110BD0120FCE70379052B0AD1E1
:109A7000C269D36813F0010307D1116921F03601DF
:109A80001161022202710020704701200029FBD0E1
:109A900008607047037910B5052B044612D0FFF714
:109AA00065FE00F10060031F00F57F7053F8042F7E
:109AB000013205D18342F9D100200223237110BD68
:109AC0000520FAE70120FAE700230121084A0948A6
:109AD00010B51360536044681030236042F8313091
:109AE00001310829F7D14FF0FF32034B5A6010BD06
:109AF000B818002094AA00080000024006282DE9AA
:109B0000F04137D801271C4C87402668374231D1B5
:109B10004FEA0018013044F8302004EBC0004360E5
:109B20003E43164B26605869DFF854C040F00100F0
:109B300058610CEB08055B6966464AB16268AB6820
:109B40001A4202D1E87BFFF733FE63681F43676068
:109B500006EB08014B68497B1A6856F8080022F0AA
:109B60000F021A600E228A40426000221A602846C4
:109B7000BDE8F0810025FAE7B81800200010024087
:109B800094AA000810B5302484F31188FFF7B6FFBB
:109B9000002383F3118810BD10B40468437B21684F
:109BA0004268D940126801F00E010A420ED0827B51
:109BB00001FA03F36360064B013253F832402CB1D3
:109BC00003EBC2035868234610BC184710BC70470B
:109BD000B818002008B50348FFF7DEFFBDE80840CD
:109BE000FFF700B994AA000808B50348FFF7D4FFAF
:109BF000BDE80840FFF7F6B8A4AA000808B5034876
:109C0000FFF7CAFFBDE80840FFF7ECB8B4AA0008A8
:109C100008B50348FFF7C0FFBDE80840FFF7E2B80A
:109C2000C4AA000808B50348FFF7B6FFBDE808401E
:109C3000FFF7D8B8D4AA000808B50348FFF7ACFF6F
:109C4000BDE80840FFF7CEB8E4AA000808B503480D
:109C5000FFF7A2FFBDE80840FFF7C4B8F4AA000868
:109C6000184B9A6942F07D029A619B690268164B13
:109C7000DA6082685A6042681A60C26803F58063DD
:109C8000DA6042695A6002691A608269C3F80C247A
:109C9000026AC3F80424C269C3F80024426AC3F804
:109CA0000C28C26AC3F80428826AC3F80028026B31
:109CB000C3F80C2C826BC3F8042C426BC3F8002C45
:109CC000704700BF0010024000080140032AF0B5B1
:109CD00028D10161154B9F5C002308221D461C46BC
:109CE0001E4611F0800F4FEA04144FEA03134FEAA7
:109CF00006164FEA05150CBF44F00F043B4311F460
:109D0000004F0CBF46F00F063D43013A4FEA4101B8
:109D1000E7D1426832402A4342600268224013433E
:109D20000360F0BD042A08BF4161D3E704AB00081B
:109D300040F2CF22044B08215A6000229A60072289
:109D40000B201A60FFF760BD10E000E008B530237B
:109D500083F31188FEF7BCFD002383F3118808BD4F
:109D600008B5FFF7F3FFBDE80840FFF73BB8000078
:109D700010B5054C2046FFF775F904232374034BF7
:109D8000E3610123237610BD181A0020002C014046
:109D9000F8B503780446012B40F09A80534B984263
:109DA00018D1534B07219A69192042F400629A6135
:109DB0009A69DA6842F40062DA60DA6822F40062D2
:109DC000DA60DB68FFF7F4FC07211B20FFF7F0FCEB
:109DD000484B636146F66802E3699A61DA6162683A
:109DE00063691168E769B3FBF1F3013BBB62A368E8
:109DF000D668013BFB62D36A7B6006F00F03012B40
:109E00006FD0022B6FD143F00103556905F00F01AC
:109E1000012903D0022903D143F0200343F01003AA
:109E2000D06900F00F01012903D0022903D143F4C6
:109E3000007343F48073516A01F00F0CBCF1010F01
:109E400004D0BCF1020F03D143F4005343F4805318
:109E500094F818C0BCF1000F27D006F0F004102CC5
:109E600003D0202C03D143F0080343F0040305F092
:109E7000F004102C03D0202C03D143F0800343F0D6
:109E8000400300F0F000102803D0202803D143F451
:109E9000006343F4806301F0F001102903D020290E
:109EA00003D143F4004343F480433B6201237B61CD
:109EB00000233B61536B23F0FF03FB60BCF1000FF9
:109EC00003D0136B43F400437B6485233B60F8BDF0
:109ED0000022C3691A605A639A63DA631A645A6289
:109EE0007DE700238FE700238FE700BF181A0020CB
:109EF0000010024000A24A04C3690C3103EB810345
:109F00005A607047C36970B51A69DD680446154028
:109F1000EAB2D243AE071A6103D543681B6903B1A5
:109F20009847680704D563689B690BB1204698473A
:109F3000290704D563681B6A0BB120469847EA06D7
:109F400004D563689B6A0BB120469847EB0706D59A
:109F500063689B681BB12046BDE87040184770BD20
:109F600008B50348FFF7CEFFBDE80840FEF73ABF4B
:109F7000181A0020FFF7F4BF104B00011B6D10B53D
:109F800003F1804303F5C043C418C358114403F1DF
:109F9000005303F540535B006260012AA1EB02000D
:109FA00003DC0AB102781A6010BD04784078023AE6
:109FB00044EA002043F8040BEFE700BF005C0040D8
:109FC0002DE9F84F794C676CFA437B05626402D542
:109FD0007748FFF765F93E0506D5236C744843F0D2
:109FE00008032364FFF797F9FD040AD56F4B9A6CB9
:109FF000140406D41A6C6E4822F008021A64FFF7A3
:10A00000BAF9B80504D56A484368DB6803B19847D4
:10A01000674D684E61E007F00F00840004F1804452
:10A0200000F1020804F5B84405EB8803F90622683C
:10A03000D3F804C042D42268DCF81430324042F431
:10A040000042226019695A681F680A44BF1A5A60A0
:10A0500017D0BCF81020BA4228BF3A469F681A6150
:10A0600039449960FFF788FF236823F4F04323F015
:10A07000400383F0300343F4004343F08003236044
:10A0800029E0012303FA00F22B8923EA02032B8142
:10A09000DCF8083013B1014628469847302383F393
:10A0A0001188002105EB8808D8F8043058690C3075
:10A0B000FEF7B9FD002383F311880CE02368120535
:10A0C00003EA060343F080032360C1B20BD5DCF83A
:10A0D000043028469847354B5F6C3B049BD4BDE861
:10A0E000F84FFEF77FBEDCF81820304BD2F808E0BE
:10A0F0001B6DF04603F1804303F5C04303EB0017EB
:10A10000BB68FF6803F1005303F54053C7F3090729
:10A110005B004FEA570903EB890A534508F102082F
:10A1200033D16FF0010808FB0978B8F1000F02D0B5
:10A130001B680EF8193093683B44936053683B44A6
:10A1400053601368DB1B1360138A013B9BB21382BD
:10A15000BCF81220BA4200D803BB012303FA00F274
:10A160006B89841C23EA02036B8105EB84035B6823
:10A17000DB680BB128469847302383F3118805EB41
:10A18000840463689869416891E753F804BB08F850
:10A1900002BC4FEA1B2B08F801BCBEE7236823F47E
:10A1A000904323F0700383F4405364E7005C004065
:10A1B000381A00200F07FFFF0148FEF7A8BF00BFB5
:10A1C000381A002008B50378012B12D0094B9842A9
:10A1D0000FD11320FFF702FB1420FFF7FFFA032231
:10A1E000054B1A6403F5DA33DA6922F40002DA6106
:10A1F000DB6908BD381A0020005C004090F87E3012
:10A20000024A43F08003D364704700BF005C004003
:10A2100000EB8103F0B5DE68336813F0030348D028
:10A22000022B49D9032B0CBF4FF4C0624FF40072CC
:10A23000224B0F011C6D736904F1804404F5C04486
:10A240003D1973B100236B60338AD0F884C00133A9
:10A2500023F001036344C0F8843042F0200247F841
:10A2600004C0B369DBB1748A42F40052631E3E2C11
:10A2700093BF43F00103124E5B0901338BBF46EAE3
:10A2800083235B029BB203F47C43EB60D0F8843001
:10A29000013424F001041C44C0F88440AB608B00FE
:10A2A00003F1804303F5B84318680A4318601A6045
:10A2B000F0BD4FF40072BBE70022B9E7005C00403C
:10A2C0000080FFFF10B4002180240A4B19655964F7
:10A2D000DC644468E4688C420CBF4FF43C444FF4A7
:10A2E0003E441C644023C0F88430034B10BCC36060
:10A2F000FFF78EBF005C004018AB0008017838B54E
:10A300000129044622D1124B98421AD1114B124D09
:10A31000DA69132042F40002DA61DA691A6942F458
:10A3200000021A611A6922F400021A611B69296489
:10A330000D21FFF73DFA0E211420FFF739FA002313
:10A340002B642046BDE83840FFF7BCBF38BD00BFD6
:10A35000381A002000100240005C00404023012217
:10A360000021C0F88430930003F1804303F5B84323
:10A3700018680132082A18601960F4D1704700008B
:10A38000054B53F8210010F4405004D0B0F5805F25
:10A390000CBF012002207047005C0040054B53F8C1
:10A3A000210010F0300003D010280CBF0120022043
:10A3B000704700BF005C00400B4B1B6D03F18043F6
:10A3C00003F5C04303EB01118B6802F1080103F1AF
:10A3D000005303F540535B0053F8040B22F8020BC3
:10A3E0009142F9D1704700BF005C004000EB810052
:10A3F000C36810B598690268C2B15C8A1319013B41
:10A40000B3FBF4F39BB2890001F1804101F5B8413F
:10A4100003820B6823F4904323F0700383F44053CA
:10A4200043F4004343F080030B6010BD0123EAE7CF
:10A4300000EB810010B50C46C1684B690A8A1868A8
:10A440009968824228BF024620461A61FFF794FDB0
:10A45000A10001F1804101F5B8410B6823F4F043FC
:10A4600023F0400383F0300343F4004343F08003C0
:10A470000B6010BD890001F1804101F5B8410B6806
:10A4800023F4904323F0700383F4805343F4004398
:10A4900043F080030B607047890001F1804101F5B2
:10A4A000B8410B6823F4F04323F0400383F010031A
:10A4B00043F4004343F080030B607047890001F1CF
:10A4C000804101F5B8410B6803F44053B3F5405F98
:10A4D0000BD00B6823F4904323F0700383F40053F4
:10A4E00043F4004343F080030B607047890001F19F
:10A4F000804101F5B8410B6803F03003302B0BD0DD
:10A500000B6823F4F04323F0400383F0200343F46B
:10A51000004343F080030B607047704708B5FFF7B6
:10A52000FCFFBDE80840FFF7BFB90000044A5368CC
:10A5300043F00073536044F24C22024B9A6270471E
:0AA5400000000140006C004070476D
:10A54C0000FFC800DA00D900DC00DB00D000CF002F
:10A55C00CE00CD00A900AA00AB00AC00477848782B
:10A56C00457846781E001F00200001522800D100BB
:10A57C00D300D2000252E000BC00AE00BB0003527C
:10A58C00A8004A7843784978005242788182830047
:10A59C00E200E900EA00B500B600B700CD00830187
:10A5AC00CC008A019201940121022302240225028B
:10A5BC00260227022A02B300B4006F0070009F012C
:10A5CC00CB019F02A00281828300E200E900EA0035
:10A5DC00B500B600B700CD008301CC008A01920112
:10A5EC0094012102230224022502260227022A02B8
:10A5FC00B300B4006F0070009F01CB019F02A0025A
:10A60C000E0C01400D0C01400C0C0140000C0140E3
:10A61C00070801404C61737420736563746F72207A
:10A62C00696E74656E64656420746F206265207554
:10A63C00736564207769746820776561725F6C65F7
:10A64C0076656C696E67206973206265796F6E64DC
:10A65C0020617661696C61626C6520666C617368FF
:10A66C002064657363726970746F722072616E67B7
:10A67C0065004E6F20736563746F7220696E206184
:10A68C007661696C61626C6520666C6173682072BE
:10A69C00616E6765004E6F7420656E6F756768201C
:10A6AC00666C61736820697320617661696C6162A4
:10A6BC006C6520666F7220746865207265717565B3
:10A6CC007374656420776561725F6C6576656C691F
:10A6DC006E672073697A65006330006D61696E0086
:10A6EC0069646C6500003131295A1B750AFF05023B
:10A6FC00000000000D6E0008E56E0008FD6E0008FD
:10A70C00196F0008000101010101010101010202A0
:10A71C000202020202020203030303030303030403
:10A72C0004040404040405050505050606060606CE
:10A73C00070707070708080808090909090A0A0A88
:10A74C000B0B0B0C0C0C0D0D0D0E0E0E0F0F0F102A
:10A75C0010111111121213131414151516161717B4
:10A76C00181819191A1A1B1B1C1D1D1E1E1F202020
:10A77C00212222232424252626272829292A2B2C6A
:10A78C002D2D2E2F30313232333435363738393A8D
:10A79C003B3C3D3E3F404142434445464748494A85
:10A7AC004C4D4E4F50515354555658595A5B5D5E53
:10A7BC005F616264656668696B6C6D6F70727375EE
:10A7CC0077787A7B7D7E8082838587888A8C8E8F52
:10A7DC0091939596989A9C9EA0A2A3A5A7A9ABAD80
:10A7EC00AFB1B3B5B7BABCBEC0C2C4C6C9CBCDCF6E
:10A7FC00D1D4D6D8DBDDDFE2E4E7E9EBEEF0F3F51C
:10A80C00F8FAFDFF00FF0100010000FFFF0000014E
:10A81C000001FF0004020000050C01400208014089
:10A82C00060C014001080140005125022D000000DA
:10A83C00000000000000000000000000000000000C
:10A84C0000000000010000000000000000000000FB
:10A85C0000000000000000000000000000010000EB
:10A86C00957E0008257E0008F97C00080000000099
:10A87C0009023B00020100A0FA09040000010301D7
:10A88C000100092111010001224400070581030880
:10A89C00000109040100010300000009211101005D
:10A8AC0001227B0007058203200001120100020037
:10A8BC0000004010D0010301000102030105010951
:10A8CC0006A101050719E029E71500250195087572
:10A8DC000181029501750881010507190029FF15F1
:10A8EC000026FF0095067508810005081901290549
:10A8FC0015002501950575019102950175039101CE
:10A90C00C0040309040A0344004F0049004F00002F
:10A91C000010034B004200300033002D003000319A
:10A92C0000000005010902A10185020901A1000531
:10A93C0009190129081500250195087501810205E1
:10A94C0001093009311581257F95027508810609A9
:10A95C00381581257F950175088106050C0A38028A
:10A96C001581257F950175088106C0C005010980F8
:10A97C00A101850319012AB700150126B70095011D
:10A98C0075108100C0050C0901A101850419012A6B
:10A99C00A002150126A002950175108100C030316E
:10A9AC00323334353637383941424344454600005A
:10A9BC0098AE0008C01A0020C01A0020C01A00204F
:10A9CC0098AE00080000000000000000000000002D
:10A9DC0098AE00080000000000000000000000001D
:10A9EC0098AE00080000000000000000000000000D
:10A9FC0098AE0008000000000000000000000000FD
:10AA0C0098AE0008000000000000000000000000EC
:10AA1C0098AE0008000000000000000000000000DC
:10AA2C0098AE0008000000000000000000000000CC
:10AA3C00E4A60008A8170020B818002000000000A9
:10AA4C0069990008719900089B9900082F9A0008D1
:10AA5C00339A00086B9A0008959A0008FB8F00083F
:10AA6C00EF8F000800000100000000000300000050
:10AA7C000200000080000000000000000004000044
:10AA8C000000000800000200000002400800024024
:10AA9C00010000000000000B000002401C000240FE
:10AAAC00020000000004010C0000024030000240D3
:10AABC00040000000008020D0000024044000240A7
:10AACC0008000000000C030E000002405800024079
:10AADC00100000000010040F000002406C00024047
:10AAEC00200000000014051000000240800002400D
:10AAFC0040000000001806110402040808000307B7
:10AB0C0008080808080808080B0F000000000000DF
:10AB1C008D93000829960008C1960008400040005B
:10AB2C00F8180020F8180020010000000C19002073
:10AB3C00FFFFFFFF884B8888B8848888FFFFFFFFE2
:10AB4C008888888888838888FFFFFFFF88888888A2
:10AB5C0088883888FFFFFFFF448888888888888821
:0CAB6C00FFFFFFFF8888888888888888A1
:08AB78002477FF7F01000000BB
:10AB8000000102FFFF00007000E000E00000000094
:10AB9000200040E040E0200A000404040202020217
:10ABA00002020800740F00209D420008FFFFFFFF13
:10ABB000FFFF0000FFFF00000B000B0000FF00FF85
:10ABC000FF03390501140A1E015008280000010086
:10ABD000BD7A0008858000089B8000089D800008E1
:10ABE000A780000800000000000000000200000034
:10ABF0000000000000000000000000000000000055
:10AC00000000000000000000000000000000000044
:10AC10000000000000000000000000000000000034
:10AC2000000000000000000000000000060000001E
:10AC30000000000000000000030000000000000011
:10AC40000000000000000000000000000000000004
:10AC500000000000000000000000000000000000F4
:10AC600000000000000000000000000000000000E4
:10AC700000000000000000000300000000000000D1
:10AC800000000000040000000000000000000000C0
:10AC900000000000000000000000000000000000B4
:10ACA00000000000000000000000000000000000A4
:10ACB0000000000000000000000000000000000094
:10ACC0000000000003000000000000000000000081
:10ACD000640C0020B00C0020FC0C002000000000E0
:10ACE000000000000000000000000000480D0020EF
:10ACF000F5840008CD840008118500080D86000841
:10AD000031860008498600080000000000000000AD
:10AD10000000000000000000000000000000000033
:10AD20000000000000000000000000000000000023
:10AD30000000000000000000000000000000000013
:10AD40000000000000000000000000000000000003
:10AD500008000000880D0020D40D00209984000810
:10AD600079840008AF84000891850008AD8500084B
:10AD7000B98500080100000000000000000000008C
:10AD800000000000000000000000000000000000C3
:10AD900000000000000000000000000000000000B3
:10ADA00000000000000000000000000000000000A3
:10ADB00003000000000000000B83000800000000FA
:10ADC0002000000000000000000000000200000061
:10ADD0000000000000000000000000000000000073
:10ADE0000000000000000000381A002002000000EF
:10ADF00004000000200000004416002000000000B5
:10AE0000000000006C0D00200000000000000000A9
:10AE10000000000000000000000000000000000032
:10AE20000000000000000000000000000000000022
:10AE30000000000000000000000000000000000012
:10AE400003000000000000000B8300080000000069
:10AE500008000000000000000000000002000000E8
:10AE600000000000000000000000000000000000E2
:10AE70000000000000000000381A0020010000005F
:10AE80000400000008000000D416002000000000AC
:08AE900000000000D80D0020B5
:040000050800223994
:00000001FF
